State,District,Project_Type,Land_Required_Hectare,Land_Remaining_Hectare,Affected_Families,Compensation_Amount,Project_Cost,Legal_Dispute,Court_Case,Environmental_Clearance,Forest_Clearance,Rehabilitation_Issue,Overall_Delay
Karnataka,Chamarajanagar,Port Development,107.88,48.87,817,1717257924.0,1498.96,Yes,Yes,Pending,Under Review,No,1143
Andhra Pradesh,West Godavari,Mining Project,703.02,29.84,2188,5122457962.0,1962.18,No,No,Not Required,Obtained,No,457
Assam,Biswanath,State Highway,359.5,241.83,4745,10392940192.0,12493.69,No,No,Obtained,Not Required,No,417
Andhra Pradesh,Chittoor,Power Plant,406.76,316.77,1864,5647015286.0,5386.86,Yes,Yes,Not Required,Obtained,No,1710
Arunachal Pradesh,Kra Daadi,State Highway,240.88,6.03,2295,5914719546.0,7083.29,Yes,Yes,Pending,Not Required,Yes,1217
Gujarat,Anand,Industrial Corridor,151.9,104.43,942,1263973482.0,774.74,Yes,No,Under Review,Obtained,No,422
Gujarat,Patan,Port Development,123.37,79.75,1091,4062775381.0,2522.13,No,No,Obtained,Pending,No,566
Nagaland,Wokha,Industrial Corridor,33.38,26.03,499,649517138.0,497.87,No,No,Pending,Pending,No,252
Telangana,Yadadri Bhuvanagiri,State Highway,630.99,448.78,8940,14136857651.0,8315.02,No,No,Pending,Under Review,No,793
Madhya Pradesh,Dhar,Port Development,628.25,246.0,6960,20071233662.0,22255.57,No,No,Pending,Under Review,Yes,729
Manipur,Tengnoupal,Urban Infrastructure,713.56,211.52,7828,17006426403.0,12359.41,Yes,Yes,Not Required,Not Required,Yes,1133
Mizoram,Aizawl,Mining Project,506.38,136.22,5414,17179222307.0,16269.35,No,No,Pending,Under Review,No,356
Uttar Pradesh,Kushinagar (Padrauna),Airport,242.37,6.54,1025,4513928840.0,4919.24,Yes,Yes,Under Review,Under Review,Yes,1618
Rajasthan,Pali,Power Plant,590.2,351.18,1911,1044857820.0,730.81,Yes,No,Under Review,Under Review,No,1237
Telangana,Adilabad,Mining Project,516.91,378.32,7452,19194147560.0,23208.38,No,No,Pending,Not Required,No,375
Bihar,Bhojpur,Irrigation/Dam,308.18,158.04,1801,5829786814.0,1902.42,No,No,Obtained,Obtained,No,297
Gujarat,Banaskantha (Palanpur),Port Development,180.58,6.16,1483,3278780161.0,4874.25,No,No,Pending,Under Review,No,521
Assam,Majuli,Railway Line,190.57,112.12,2341,6501229199.0,8222.02,Yes,Yes,Obtained,Obtained,Yes,393
Punjab,Amritsar,Urban Infrastructure,593.19,368.01,7287,6900065200.0,4555.45,No,No,Pending,Obtained,No,343
Punjab,Muktsar,State Highway,297.12,234.66,3198,9986717627.0,7746.13,No,No,Pending,Obtained,Yes,544
Karnataka,Mysuru (Mysore),SEZ,306.02,44.78,925,2003173785.0,1978.42,Yes,Yes,Obtained,Under Review,No,268
Madhya Pradesh,Vidisha,National Highway,562.54,334.85,3804,10822399864.0,4167.15,No,No,Obtained,Pending,No,486
Madhya Pradesh,Rajgarh,Port Development,748.21,270.23,2810,12037033332.0,11400.82,No,No,Obtained,Not Required,No,683
Telangana,Nirmal,Irrigation/Dam,766.43,50.89,3494,5879505652.0,2207.24,No,No,Obtained,Pending,Yes,790
Himachal Pradesh,Chamba,State Highway,261.68,149.98,2385,2023662605.0,2677.12,No,No,Not Required,Not Required,Yes,798
Assam,South Salmara-Mankachar,Power Plant,15.87,7.52,78,299044501.0,130.43,No,No,Pending,Obtained,No,639
Bihar,East Champaran (Motihari),Port Development,665.23,395.43,8462,19663664613.0,24929.32,No,No,Obtained,Obtained,No,475
Manipur,Kakching,National Highway,673.39,356.01,4631,11781020132.0,5880.65,No,No,Obtained,Obtained,No,599
Uttarakhand,Rudraprayag,Mining Project,560.42,428.76,7572,7294223758.0,9913.34,No,No,Pending,Obtained,No,446
Bihar,Samastipur,SEZ,62.3,6.89,158,59836884.0,84.09,No,No,Pending,Pending,No,344
Arunachal Pradesh,West Siang,Port Development,174.46,102.55,2465,9859086790.0,13360.29,No,No,Obtained,Not Required,No,451
West Bengal,Dakshin Dinajpur (South Dinajpur),Irrigation/Dam,756.8,449.63,7674,21780616138.0,11922.51,No,No,Obtained,Obtained,No,469
Tamil Nadu,Kanchipuram,Airport,86.62,10.56,659,1348235450.0,1206.46,No,No,Pending,Under Review,Yes,963
Uttarakhand,Champawat,Railway Line,731.43,249.34,5179,9848065124.0,14165.76,Yes,Yes,Obtained,Obtained,No,1432
Uttar Pradesh,Jhansi,SEZ,779.46,511.55,2090,9231869398.0,9971.5,No,No,Under Review,Pending,No,169
Bihar,Vaishali,Port Development,142.18,85.56,1093,2345109677.0,2174.61,Yes,Yes,Obtained,Pending,Yes,1600
Rajasthan,Nagaur,SEZ,192.21,84.42,1004,2759185697.0,2970.77,Yes,Yes,Not Required,Under Review,Yes,1188
Andhra Pradesh,Visakhapatnam,Irrigation/Dam,350.64,153.24,5049,20087862283.0,12375.47,No,No,Obtained,Under Review,No,592
Rajasthan,Jhalawar,Railway Line,70.37,47.41,613,2680398445.0,3475.8,No,No,Not Required,Not Required,No,521
Telangana,Kamareddy,Mining Project,651.05,20.25,6555,19945863174.0,9990.05,Yes,No,Obtained,Obtained,No,1071
Andhra Pradesh,Anantapur,Irrigation/Dam,513.34,400.4,2862,3541682357.0,4192.52,No,No,Not Required,Obtained,No,148
Nagaland,Kohima,SEZ,108.28,29.76,1483,3970716154.0,5799.62,No,No,Pending,Obtained,No,295
Maharashtra,Ratnagiri,Urban Infrastructure,770.26,499.22,5941,23849965197.0,29297.59,Yes,Yes,Obtained,Under Review,No,738
Odisha,Bhadrak,Urban Infrastructure,147.63,107.58,1546,6222717400.0,4974.86,No,No,Not Required,Not Required,Yes,870
Uttar Pradesh,RaeBareli,Mining Project,50.71,40.33,404,627441382.0,268.92,Yes,No,Obtained,Obtained,No,695
Haryana,Sirsa,SEZ,645.33,221.96,5756,16155953928.0,8111.14,No,No,Obtained,Pending,No,355
Delhi (NCT),North Delhi,National Highway,92.14,43.01,552,2249301654.0,3028.73,No,No,Pending,Obtained,No,559
Madhya Pradesh,Singrauli,Mining Project,289.74,200.56,3964,9268898155.0,7646.84,Yes,Yes,Obtained,Obtained,Yes,1545
Mizoram,Kolasib,Airport,381.16,253.37,1018,4539803865.0,5768.61,No,No,Obtained,Obtained,No,273
Tamil Nadu,Nilgiris,Urban Infrastructure,489.68,55.48,1627,4331702078.0,3936.51,Yes,Yes,Obtained,Pending,No,1822
Haryana,Gurgaon,Irrigation/Dam,385.99,185.03,3314,13804954737.0,15600.3,No,No,Not Required,Pending,No,350
Puducherry (UT),Karaikal,Mining Project,486.04,22.01,6712,12192163087.0,5822.19,No,No,Obtained,Pending,Yes,721
Odisha,Deogarh,Airport,159.01,25.87,1734,7574129546.0,6584.16,Yes,Yes,Obtained,Pending,Yes,1318
Uttar Pradesh,Sambhal (Bhim Nagar),SEZ,721.29,484.53,3308,7651532807.0,8403.61,Yes,Yes,Pending,Not Required,No,1022
Maharashtra,Dhule,National Highway,599.4,72.18,8435,24987218399.0,26452.28,Yes,Yes,Obtained,Pending,Yes,1732
Odisha,Jajpur,SEZ,684.73,500.41,8997,21185202377.0,31667.58,No,No,Not Required,Obtained,No,356
Bihar,Begusarai,Mining Project,489.55,241.82,5326,12730218302.0,12727.53,Yes,Yes,Obtained,Not Required,No,1371
Uttarakhand,Nainital,State Highway,348.6,80.97,2848,8075730941.0,11523.95,No,No,Pending,Not Required,Yes,376
Odisha,Cuttack,National Highway,192.33,135.78,1710,1200201446.0,881.29,No,No,Pending,Obtained,No,530
Chhattisgarh,Jashpur,Urban Infrastructure,603.87,390.77,4010,14353933671.0,19219.31,Yes,Yes,Obtained,Not Required,No,971
Rajasthan,Karauli,Power Plant,140.25,48.56,306,767606612.0,942.64,No,No,Not Required,Pending,Yes,435
Assam,Sonitpur,Mining Project,609.19,388.15,5567,23360387890.0,19289.59,No,No,Obtained,Under Review,No,321
Karnataka,Ramanagara,Industrial Corridor,654.19,81.48,4131,14554128021.0,14844.36,No,No,Obtained,Pending,Yes,564
Odisha,Sambalpur,State Highway,565.83,238.14,3263,13916172946.0,20551.79,No,No,Obtained,Pending,No,664
Rajasthan,Jalore,Airport,591.54,258.73,1393,722709373.0,773.23,No,No,Not Required,Obtained,No,558
Chhattisgarh,Sukma,Port Development,661.06,513.84,1712,5125908928.0,5085.54,No,No,Not Required,Pending,No,541
Jharkhand,Godda,Industrial Corridor,25.46,16.89,147,94687345.0,124.28,Yes,Yes,Obtained,Not Required,Yes,1604
Uttar Pradesh,Bijnor,Irrigation/Dam,197.67,152.68,2484,7327803471.0,8146.4,No,No,Pending,Obtained,No,515
Rajasthan,Banswara,Irrigation/Dam,261.32,188.63,2181,6982752088.0,3820.19,No,No,Not Required,Not Required,Yes,747
Nagaland,Phek,Power Plant,430.57,2.89,2727,4286511091.0,1569.86,No,No,Pending,Pending,No,429
Lakshadweep (UT),Chethlath,Industrial Corridor,266.04,72.49,2930,2754372403.0,2699.93,No,No,Under Review,Obtained,Yes,699
Karnataka,Chikkamagaluru (Chikmagalur),Irrigation/Dam,421.67,191.05,4608,3971707115.0,5939.16,No,No,Not Required,Obtained,No,326
Odisha,Rayagada,Port Development,429.25,301.68,997,4197857978.0,5130.71,No,No,Under Review,Obtained,No,576
Assam,Barpeta,Mining Project,374.32,132.54,5213,4220997986.0,1941.69,No,No,Pending,Pending,Yes,960
Arunachal Pradesh,Dibang Valley,State Highway,309.12,237.72,2509,2855758568.0,4004.18,Yes,No,Not Required,Obtained,No,1042
Jharkhand,Dumka,Urban Infrastructure,353.39,164.07,1470,2997154316.0,4070.51,No,No,Obtained,Not Required,No,434
Jharkhand,Bokaro,Mining Project,768.64,385.19,10949,21476478411.0,9046.72,Yes,Yes,Obtained,Under Review,No,1166
West Bengal,Purba Medinipur (East Medinipur),Railway Line,7.28,0.04,16,42322764.0,61.33,No,No,Obtained,Obtained,No,380
Chhattisgarh,Narayanpur,SEZ,193.21,78.21,1292,3493006122.0,3007.08,No,No,Obtained,Not Required,Yes,961
Uttar Pradesh,Siddharth Nagar,Port Development,410.34,116.91,2443,3495526423.0,2225.49,No,No,Obtained,Obtained,Yes,46
Rajasthan,Jaisalmer,Mining Project,379.52,178.23,4909,16263621440.0,21990.26,No,No,Not Required,Not Required,No,595
Gujarat,Porbandar,Urban Infrastructure,663.31,487.87,9877,29922931502.0,10114.59,No,No,Obtained,Pending,No,443
Karnataka,Udupi,Airport,368.62,121.11,3153,13709842994.0,4184.31,No,No,Pending,Pending,No,659
Chhattisgarh,Bemetara,Urban Infrastructure,387.07,194.71,5475,18001165469.0,16544.71,Yes,Yes,Obtained,Pending,No,1030
Delhi (NCT),South East Delhi,Port Development,460.91,168.44,6289,12307801377.0,8789.76,No,No,Obtained,Obtained,No,354
Madhya Pradesh,Shivpuri,Industrial Corridor,775.22,259.81,8511,27161217822.0,13200.09,No,No,Obtained,Pending,No,217
Maharashtra,Washim,SEZ,539.31,167.79,5926,16586102094.0,20645.87,Yes,Yes,Pending,Under Review,Yes,1130
Himachal Pradesh,Kangra,State Highway,204.06,102.55,2805,2791550958.0,2165.15,Yes,Yes,Obtained,Not Required,No,300
Uttar Pradesh,Bhadohi,Irrigation/Dam,159.41,71.89,847,3502312120.0,4086.13,No,No,Obtained,Not Required,No,647
Haryana,Panchkula,Power Plant,160.13,78.92,1489,4530867669.0,3583.74,No,No,Pending,Pending,Yes,431
Maharashtra,Raigad,Port Development,701.25,119.54,6148,13505682255.0,17454.91,Yes,No,Pending,Pending,No,1505
Tamil Nadu,Coimbatore,State Highway,335.92,79.44,2042,6822725655.0,8247.48,No,No,Not Required,Obtained,No,242
Chhattisgarh,Janjgir-Champa,National Highway,650.14,487.29,7860,17466918211.0,11390.72,Yes,Yes,Obtained,Under Review,No,1362
Tamil Nadu,Theni,Mining Project,270.92,59.58,3148,2610396249.0,3890.3,Yes,Yes,Pending,Pending,No,345
Gujarat,Chhota Udepur,Port Development,30.23,14.3,362,1272964409.0,1876.35,No,No,Obtained,Under Review,Yes,617
Uttarakhand,Chamoli,Airport,550.18,262.6,6669,17058880698.0,11792.73,Yes,No,Under Review,Obtained,No,1143
Himachal Pradesh,Bilaspur,Power Plant,695.78,85.07,2234,9791691759.0,10396.9,No,No,Not Required,Not Required,Yes,687
Mizoram,Lunglei,Urban Infrastructure,640.5,70.7,4135,2706300255.0,1283.01,No,No,Obtained,Pending,No,594
Madhya Pradesh,Mandsaur,Port Development,211.52,108.25,1956,7241242470.0,5162.78,No,No,Obtained,Not Required,No,773
Rajasthan,Pratapgarh,Railway Line,406.11,201.13,5972,18628462519.0,8544.61,No,No,Obtained,Obtained,Yes,838
Madhya Pradesh,Katni,Railway Line,370.76,92.18,798,945757696.0,943.12,Yes,Yes,Obtained,Pending,Yes,1502
Gujarat,Navsari,Mining Project,59.03,40.09,285,631343562.0,235.2,No,No,Under Review,Under Review,No,281
Gujarat,Junagadh,SEZ,448.04,310.37,2310,2665772984.0,2868.5,No,No,Not Required,Obtained,No,246
Haryana,Hisar,State Highway,527.79,272.34,5494,2670337344.0,3952.98,No,No,Obtained,Not Required,No,252
Madhya Pradesh,Shajapur,Power Plant,419.31,6.0,3416,10801589254.0,7286.01,Yes,Yes,Obtained,Under Review,No,967
West Bengal,Cooch Behar,SEZ,502.63,397.92,3328,11208710803.0,7124.57,Yes,Yes,Pending,Not Required,No,1573
Rajasthan,Tonk,National Highway,474.32,18.51,6109,5778240220.0,2295.56,No,No,Pending,Pending,No,473
Arunachal Pradesh,Papum Pare,Railway Line,150.87,64.86,2016,1243098927.0,1578.27,No,No,Obtained,Not Required,No,150
Jammu and Kashmir,Kishtwar,Industrial Corridor,80.98,56.13,1025,629645235.0,617.92,No,No,Under Review,Obtained,Yes,920
Andhra Pradesh,East Godavari,State Highway,128.61,4.4,819,564727152.0,234.96,No,No,Pending,Not Required,No,498
Sikkim,North Sikkim,Mining Project,603.28,166.96,2152,5082054330.0,4161.34,No,No,Obtained,Not Required,Yes,626
Uttarakhand,Haridwar,Power Plant,50.68,19.52,214,836904964.0,663.69,Yes,Yes,Pending,Pending,Yes,660
Maharashtra,Mumbai Suburban,Port Development,738.2,410.48,6178,21168552641.0,6817.26,No,No,Obtained,Obtained,No,357
Manipur,Imphal West,SEZ,267.76,141.82,2876,11929316752.0,14991.64,No,No,Obtained,Pending,No,595
Arunachal Pradesh,Lohit,Mining Project,91.18,41.25,1045,1690229732.0,1736.63,No,No,Obtained,Pending,Yes,489
Jharkhand,East Singhbhum,Airport,63.6,7.85,371,607924686.0,876.62,Yes,Yes,Obtained,Not Required,No,580
Odisha,Boudh,Mining Project,332.56,16.47,3304,1513262034.0,780.84,No,No,Under Review,Pending,No,287
Goa,North Goa,Railway Line,384.57,246.29,5588,9214077502.0,9905.85,No,No,Obtained,Pending,No,275
Odisha,Jharsuguda,SEZ,465.68,40.3,4513,4177561109.0,4129.27,Yes,No,Obtained,Pending,No,447
Himachal Pradesh,Shimla,Airport,168.33,52.93,749,1457070346.0,1566.94,No,No,Not Required,Obtained,Yes,959
Uttar Pradesh,Kaushambi,Mining Project,557.7,443.78,4357,7058529734.0,2449.11,No,No,Pending,Obtained,Yes,165
Madhya Pradesh,Ratlam,Urban Infrastructure,429.36,31.28,3547,4447723291.0,1812.29,Yes,Yes,Obtained,Obtained,No,512
Uttar Pradesh,Mahoba,Mining Project,513.94,261.98,3256,4713589458.0,6328.59,Yes,Yes,Obtained,Under Review,Yes,429
Bihar,Kaimur (Bhabua),Irrigation/Dam,83.99,21.12,762,3358087231.0,2452.78,No,No,Obtained,Obtained,No,594
Bihar,Lakhisarai,Urban Infrastructure,39.48,6.85,523,1302319738.0,1106.52,No,No,Obtained,Pending,No,628
Uttar Pradesh,Amroha (J.P. Nagar),Railway Line,402.16,3.06,4529,16409885150.0,23083.27,No,No,Obtained,Obtained,Yes,1066
Odisha,Malkangiri,Railway Line,498.66,79.82,7125,26340716608.0,37642.23,Yes,No,Obtained,Obtained,No,664
Maharashtra,Nandurbar,Industrial Corridor,548.82,350.23,2083,6648591838.0,9164.23,No,No,Obtained,Under Review,No,558
Madhya Pradesh,Jabalpur,Power Plant,612.57,224.7,1561,3630303343.0,3792.94,No,No,Under Review,Not Required,No,557
Tamil Nadu,Ramanathapuram,Industrial Corridor,734.83,59.92,10562,26065455284.0,29157.82,No,No,Obtained,Not Required,No,324
Haryana,Karnal,Airport,443.77,237.51,3347,7499380114.0,9429.02,No,No,Obtained,Not Required,Yes,746
Madhya Pradesh,Tikamgarh,Irrigation/Dam,132.47,49.69,1038,3883737117.0,3689.27,No,No,Not Required,Pending,No,418
Jharkhand,Chatra,Airport,556.38,31.67,6805,8421842813.0,8478.61,Yes,Yes,Pending,Obtained,No,1782
Uttar Pradesh,Hathras,Railway Line,316.87,146.41,2583,4553545064.0,3504.57,Yes,No,Obtained,Under Review,No,1271
Kerala,Kasaragod,National Highway,297.35,97.91,3449,3880711825.0,4540.03,Yes,Yes,Under Review,Obtained,No,1275
Gujarat,Aravalli,Airport,555.75,416.98,1965,3121572741.0,2455.12,No,No,Not Required,Not Required,Yes,550
Meghalaya,East Garo Hills,State Highway,327.52,74.87,1110,2925770648.0,1126.74,Yes,Yes,Pending,Obtained,Yes,1013
Haryana,Rewari,State Highway,658.98,505.25,7477,19400450427.0,28862.65,Yes,No,Not Required,Obtained,No,1165
Chhattisgarh,Surguja,National Highway,588.69,65.57,8641,7338091325.0,5464.3,No,No,Obtained,Pending,Yes,319
Punjab,Faridkot,Industrial Corridor,47.05,24.05,483,2082530189.0,746.5,Yes,Yes,Obtained,Obtained,No,512
Odisha,Mayurbhanj,SEZ,224.37,54.37,1896,7536545369.0,6969.99,No,No,Obtained,Under Review,No,364
Madhya Pradesh,Barwani,Airport,694.51,460.84,8886,25089821828.0,31451.08,No,No,Obtained,Not Required,Yes,932
Haryana,Jind,Urban Infrastructure,388.8,219.15,5430,3587004556.0,4654.43,No,No,Obtained,Obtained,No,567
Mizoram,Lawngtlai,Railway Line,228.37,25.97,498,382716734.0,195.01,No,No,Obtained,Pending,No,440
Odisha,Sonepur,Mining Project,586.65,46.85,2236,5844975461.0,3914.37,No,No,Not Required,Pending,Yes,525
Manipur,Jiribam,Power Plant,742.59,560.79,6515,17413025486.0,19395.27,No,No,Obtained,Pending,Yes,323
Rajasthan,Baran,Industrial Corridor,400.08,48.86,4894,18742052869.0,17673.77,Yes,Yes,Under Review,Pending,Yes,588
Gujarat,Botad,Urban Infrastructure,372.59,57.55,4248,8338758504.0,10671.48,No,No,Pending,Obtained,Yes,128
Punjab,Sangrur,Port Development,457.24,186.35,4206,10790274380.0,9320.45,No,No,Obtained,Obtained,Yes,1003
Uttarakhand,Tehri Garhwal,Port Development,101.38,51.2,1198,2897313089.0,3579.38,No,No,Obtained,Obtained,Yes,413
Maharashtra,Mumbai City,Irrigation/Dam,312.29,5.05,2689,8821783351.0,12215.05,No,No,Pending,Obtained,Yes,276
Karnataka,Haveri,SEZ,519.52,279.02,7080,30524531157.0,18985.38,No,No,Obtained,Obtained,Yes,810
Bihar,Kishanganj,Airport,473.14,372.54,2578,2145890808.0,1727.77,Yes,Yes,Obtained,Pending,No,1165
Maharashtra,Hingoli,Railway Line,61.96,11.06,384,1605649897.0,654.32,No,No,Obtained,Obtained,Yes,484
Kerala,Pathanamthitta,Railway Line,503.41,317.84,5126,6127290049.0,6877.8,No,No,Obtained,Not Required,No,591
Uttar Pradesh,Auraiya,Irrigation/Dam,268.98,78.47,3628,5933453580.0,7843.22,No,No,Obtained,Pending,No,651
Bihar,Supaul,Port Development,763.61,159.49,1934,7964230987.0,7852.64,Yes,Yes,Pending,Under Review,No,981
Tamil Nadu,Dharmapuri,Irrigation/Dam,651.44,199.73,7151,31072487755.0,34494.28,No,No,Obtained,Obtained,Yes,213
Tamil Nadu,Tiruvallur,Urban Infrastructure,698.25,232.21,7173,32173411657.0,36253.69,No,No,Pending,Pending,Yes,636
Bihar,Purnia (Purnea),Airport,299.19,66.64,3619,9713008542.0,3904.13,Yes,Yes,Pending,Not Required,Yes,2036
Rajasthan,Chittorgarh,Port Development,528.64,348.49,6916,30070110566.0,26552.22,Yes,No,Obtained,Pending,No,1268
Sikkim,East Sikkim,Port Development,596.32,216.03,5861,4036554193.0,2446.95,Yes,No,Obtained,Obtained,Yes,1351
Manipur,Ukhrul,State Highway,267.61,29.8,1665,3908634581.0,1479.18,Yes,Yes,Not Required,Obtained,Yes,1566
Bihar,Nawada,Industrial Corridor,779.76,113.27,7779,23331838541.0,7734.61,No,No,Not Required,Obtained,Yes,847
Tamil Nadu,Cuddalore,Airport,598.89,189.7,7983,5960018125.0,5609.87,Yes,Yes,Obtained,Pending,No,1625
Meghalaya,South West Khasi Hills,Port Development,672.77,455.19,10069,31357660591.0,14460.05,Yes,Yes,Pending,Pending,No,369
Telangana,Jangaon,Urban Infrastructure,46.24,28.13,451,583261475.0,530.97,No,No,Under Review,Obtained,Yes,731
Bihar,Madhubani,Urban Infrastructure,486.31,350.46,5409,20996274847.0,22699.07,No,No,Pending,Obtained,No,394
Uttar Pradesh,Chandauli,SEZ,622.47,326.48,2399,8263754464.0,11701.64,No,No,Obtained,Under Review,No,59
Uttar Pradesh,Agra,Port Development,138.92,36.52,298,431402535.0,357.54,Yes,No,Not Required,Pending,No,557
Manipur,Noney,Port Development,168.12,129.58,1183,4651795972.0,2042.15,Yes,Yes,Not Required,Not Required,Yes,465
Delhi (NCT),North East  Delhi,SEZ,468.9,311.16,4772,13852592908.0,18138.59,Yes,Yes,Obtained,Under Review,Yes,649
Jharkhand,West Singhbhum,Railway Line,477.05,273.76,5198,12076520464.0,8496.32,Yes,Yes,Obtained,Not Required,No,1506
Punjab,Moga,Port Development,97.0,55.59,951,1531518003.0,2253.5,No,No,Pending,Obtained,No,356
Tamil Nadu,Nagapattinam,National Highway,288.85,194.43,3686,14953074995.0,5059.58,Yes,Yes,Pending,Obtained,Yes,1057
Gujarat,Rajkot,Power Plant,677.04,192.33,4269,18804017508.0,27615.72,No,No,Under Review,Obtained,No,742
Madhya Pradesh,Bhopal,SEZ,299.45,229.15,2661,3363084299.0,4246.77,No,No,Obtained,Pending,No,553
West Bengal,Kolkata,State Highway,344.57,235.03,3624,4525341158.0,6130.88,No,No,Not Required,Not Required,Yes,312
Assam,Bongaigaon,SEZ,572.27,350.46,3643,14756746358.0,5853.9,Yes,Yes,Obtained,Obtained,No,1052
Uttar Pradesh,Aligarh,National Highway,574.55,47.34,4066,6485114898.0,2353.44,Yes,No,Not Required,Under Review,Yes,738
Jammu and Kashmir,Jammu,National Highway,164.53,57.41,979,2854189915.0,2445.22,No,No,Obtained,Not Required,Yes,606
Chhattisgarh,Korea (Koriya),Airport,321.44,90.12,1685,1308375831.0,1547.56,No,No,Obtained,Pending,Yes,697
Karnataka,Davangere,Irrigation/Dam,531.02,143.38,2925,8317717829.0,3864.38,No,No,Obtained,Not Required,Yes,420
Bihar,Saharsa,Industrial Corridor,244.63,154.36,925,1270193273.0,881.19,Yes,No,Obtained,Pending,No,1509
Uttar Pradesh,Mirzapur,Mining Project,676.97,197.85,2028,2652936941.0,1093.97,No,No,Obtained,Obtained,No,458
Uttar Pradesh,Amethi (Chatrapati Sahuji Mahraj Nagar),Airport,324.7,177.61,2292,5103960629.0,1935.52,No,No,Pending,Pending,Yes,684
Madhya Pradesh,Shahdol,State Highway,157.79,20.0,1991,7523309271.0,3358.06,No,No,Obtained,Not Required,No,301
Kerala,Ernakulam,Urban Infrastructure,120.53,31.8,554,1911730501.0,942.72,Yes,Yes,Not Required,Not Required,Yes,1324
Kerala,Palakkad,National Highway,658.58,329.31,8190,17783266163.0,6270.77,No,No,Obtained,Pending,No,494
Nagaland,Mon,Airport,60.98,13.29,738,279563353.0,250.84,No,No,Obtained,Obtained,Yes,613
Gujarat,Surat,State Highway,134.15,81.51,1723,3333070705.0,4585.74,Yes,No,Obtained,Under Review,No,1139
Tamil Nadu,Namakkal,Airport,617.23,218.74,8426,32729231634.0,44133.24,No,No,Obtained,Obtained,No,316
Rajasthan,Sri Ganganagar,Industrial Corridor,798.41,636.09,9556,10113966795.0,14205.02,Yes,Yes,Obtained,Obtained,Yes,1717
Tripura,North Tripura,Industrial Corridor,512.29,85.81,5351,6261945194.0,8603.05,No,No,Obtained,Obtained,No,418
Meghalaya,South Garo Hills,National Highway,491.14,192.36,6394,24812056093.0,9301.86,No,No,Under Review,Obtained,No,354
Gujarat,Dahod,Urban Infrastructure,771.49,77.42,2876,11254373671.0,4978.48,No,No,Obtained,Obtained,No,157
Odisha,Jagatsinghapur,Mining Project,52.42,36.21,685,1524831567.0,770.71,Yes,No,Pending,Not Required,No,1590
Haryana,Panipat,Mining Project,30.99,19.22,178,637081372.0,623.56,No,No,Obtained,Pending,No,462
Odisha,Angul,Airport,34.32,23.57,360,820484089.0,1150.01,Yes,No,Obtained,Obtained,Yes,960
Uttar Pradesh,Sultanpur,National Highway,774.82,71.88,9783,10862021178.0,9068.96,Yes,No,Pending,Obtained,No,626
Gujarat,Sabarkantha (Himmatnagar),Power Plant,42.02,31.12,589,2401417162.0,2344.29,Yes,No,Obtained,Under Review,No,1598
Manipur,Churachandpur,Port Development,24.07,7.21,85,328260915.0,413.44,No,No,Obtained,Obtained,No,385
Telangana,Warangal (Rural),Irrigation/Dam,151.47,1.23,1017,620035263.0,208.34,Yes,Yes,Obtained,Pending,No,196
Punjab,Ferozepur,Railway Line,563.3,88.97,4182,17344137707.0,7629.32,Yes,Yes,Obtained,Not Required,Yes,1614
Telangana,Siddipet,National Highway,252.78,114.09,3659,12690763149.0,8546.29,No,No,Not Required,Obtained,Yes,660
West Bengal,Howrah,State Highway,84.29,41.54,289,103149491.0,133.75,No,No,Obtained,Not Required,Yes,337
Chhattisgarh,Bastar,Port Development,757.97,9.44,6065,8997071347.0,6822.0,No,No,Under Review,Not Required,No,160
Kerala,Alappuzha,SEZ,386.89,132.89,4129,8478518821.0,10152.54,No,No,Obtained,Not Required,No,305
Telangana,Mancherial,Irrigation/Dam,653.94,196.06,8180,10051749713.0,14837.82,No,No,Obtained,Pending,No,366
Punjab,Tarn Taran,State Highway,285.45,5.07,1760,736062525.0,260.67,No,No,Obtained,Not Required,Yes,863
Nagaland,Dimapur,Irrigation/Dam,617.55,237.16,6675,29847278236.0,20174.49,Yes,Yes,Obtained,Pending,No,1695
Maharashtra,Nagpur,Mining Project,209.86,102.89,3147,14034105233.0,20110.37,No,No,Obtained,Obtained,Yes,354
Kerala,Thrissur,Port Development,18.43,4.82,165,494005963.0,514.76,No,No,Pending,Not Required,Yes,512
West Bengal,Hooghly,Airport,134.52,88.49,958,2733032909.0,1047.69,Yes,Yes,Under Review,Under Review,Yes,1224
Telangana,Medak,Railway Line,787.49,227.78,2710,3969769860.0,3574.34,Yes,Yes,Pending,Not Required,No,675
Arunachal Pradesh,Changlang,Mining Project,535.18,288.49,5921,15563540377.0,8251.92,No,No,Obtained,Not Required,Yes,805
Uttar Pradesh,Shamali (Prabuddh Nagar),Power Plant,162.74,38.22,2039,6616165157.0,5973.08,Yes,No,Pending,Pending,Yes,699
Rajasthan,Dungarpur,Port Development,770.84,74.35,10931,19944611343.0,23111.92,No,No,Obtained,Under Review,No,704
Telangana,Khammam,Airport,766.15,417.83,8325,14477741737.0,8884.01,No,No,Obtained,Obtained,No,462
Manipur,Thoubal,Port Development,82.32,45.41,854,3005458869.0,2598.69,No,No,Obtained,Not Required,Yes,680
Uttar Pradesh,Ghaziabad,Railway Line,88.85,0.47,211,886582881.0,613.34,No,No,Obtained,Not Required,No,713
Chhattisgarh,Baloda Bazar,SEZ,668.92,62.25,1666,2856207664.0,3483.34,Yes,Yes,Obtained,Not Required,No,472
Chhattisgarh,Bilaspur,Airport,35.45,2.34,288,1091711244.0,1321.64,No,No,Pending,Under Review,Yes,543
Assam,Morigaon,State Highway,635.14,205.76,8075,33664744620.0,27840.21,No,No,Obtained,Pending,Yes,1005
Haryana,Kurukshetra,Urban Infrastructure,346.49,275.96,1660,2438620158.0,2791.03,No,No,Pending,Not Required,No,369
Puducherry (UT),Yanam,Mining Project,446.87,103.59,5281,4621369131.0,2417.94,No,No,Pending,Obtained,No,627
Punjab,Rupnagar,Industrial Corridor,238.38,95.75,2041,5262188007.0,6690.23,No,No,Obtained,Not Required,No,388
Tamil Nadu,Chennai,State Highway,374.4,83.77,4704,8433905416.0,8456.52,No,No,Obtained,Not Required,No,215
Tamil Nadu,Pudukkottai,SEZ,406.49,297.47,2781,9651043051.0,7072.01,No,No,Obtained,Not Required,No,370
Himachal Pradesh,Sirmaur (Sirmour),National Highway,61.45,5.47,132,239792846.0,163.0,No,No,Not Required,Pending,No,245
Gujarat,Jamnagar,SEZ,558.57,264.42,3294,3532128895.0,3339.68,Yes,Yes,Not Required,Obtained,No,472
Gujarat,Gandhinagar,SEZ,405.6,230.62,5112,17239572969.0,11769.19,No,No,Pending,Obtained,Yes,718
Maharashtra,Yavatmal,Airport,657.11,126.98,8518,4878161830.0,4219.51,Yes,No,Obtained,Pending,Yes,542
Uttar Pradesh,Allahabad,Mining Project,340.24,2.92,2171,2403378723.0,2650.3,Yes,No,Not Required,Not Required,Yes,599
Bihar,Bhagalpur,Irrigation/Dam,130.59,58.32,847,2344327584.0,2500.76,No,No,Obtained,Not Required,Yes,744
Tripura,Khowai,SEZ,313.55,29.49,3688,6903632054.0,6369.78,Yes,No,Pending,Pending,No,1335
Gujarat,Bharuch,Railway Line,605.02,61.4,1853,4032760810.0,4615.57,Yes,Yes,Obtained,Pending,No,1385
Karnataka,Chikballapur,Airport,8.28,1.76,40,159333503.0,107.47,Yes,Yes,Obtained,Obtained,Yes,1326
Rajasthan,Jaipur,Urban Infrastructure,244.21,12.44,2890,4477119189.0,5960.39,Yes,Yes,Obtained,Not Required,No,179
Uttarakhand,Bageshwar,SEZ,171.62,75.52,1589,2977373977.0,2956.56,Yes,No,Obtained,Not Required,No,965
Gujarat,Panchmahal (Godhra),Mining Project,332.01,261.17,3781,9641928222.0,6209.65,No,No,Pending,Pending,No,166
Jammu and Kashmir,Leh,Railway Line,774.88,374.27,2042,3175577474.0,4077.78,Yes,No,Not Required,Pending,No,362
Assam,West Karbi Anglong,Port Development,696.33,10.71,3554,6782729268.0,9002.14,No,No,Obtained,Pending,No,631
Madhya Pradesh,Chhatarpur,Power Plant,418.21,209.1,1953,7183145800.0,5679.1,Yes,Yes,Pending,Obtained,No,1562
Chhattisgarh,Bijapur,Railway Line,708.28,39.4,5236,10289298445.0,7704.15,No,No,Obtained,Obtained,Yes,467
Arunachal Pradesh,Lower Dibang Valley,State Highway,781.08,118.24,10512,4247927792.0,5029.03,Yes,No,Not Required,Not Required,No,945
Uttar Pradesh,Basti,Railway Line,740.92,35.4,10829,20220001608.0,17944.47,No,No,Pending,Pending,Yes,745
Daman and Diu (UT),Daman,Mining Project,703.87,283.03,2231,4354057914.0,3695.19,Yes,Yes,Obtained,Obtained,No,1604
West Bengal,Burdwan (Bardhaman),National Highway,6.11,3.19,60,111015761.0,44.39,No,No,Pending,Not Required,No,553
Madhya Pradesh,Burhanpur,State Highway,111.44,46.61,559,2184585214.0,1397.96,No,No,Obtained,Obtained,No,416
Karnataka,Yadgir,Mining Project,501.21,284.45,3252,10159149122.0,15011.19,No,No,Under Review,Pending,No,373
Karnataka,Raichur,National Highway,33.49,12.08,426,1544458654.0,2248.43,No,No,Not Required,Pending,No,505
Tamil Nadu,Dindigul,Railway Line,387.49,265.0,1992,7642859348.0,10163.68,No,No,Obtained,Not Required,Yes,297
Chhattisgarh,Mungeli,Railway Line,569.08,204.87,3286,5125562108.0,2506.43,No,No,Pending,Obtained,Yes,340
Delhi (NCT),West Delhi,Urban Infrastructure,184.41,113.18,609,1027525030.0,890.75,No,No,Obtained,Under Review,No,518
Haryana,Ambala,Port Development,419.28,105.55,1762,2518707898.0,1566.86,Yes,Yes,Obtained,Obtained,No,928
Nagaland,Mokokchung,State Highway,395.92,22.62,3933,4127514830.0,3675.42,Yes,No,Obtained,Pending,No,573
Jammu and Kashmir,Shopian,Railway Line,748.49,5.06,3187,4122431532.0,2809.87,No,No,Obtained,Pending,No,613
Telangana,Bhadradri Kothagudem,Urban Infrastructure,147.9,116.08,1808,2405009043.0,2757.92,No,No,Obtained,Not Required,No,377
Tamil Nadu,Madurai,Power Plant,535.31,372.96,2458,6990910451.0,2943.76,No,No,Under Review,Obtained,Yes,225
Maharashtra,Sangli,State Highway,76.9,30.72,333,918707182.0,1261.56,No,No,Obtained,Obtained,Yes,670
Uttar Pradesh,Hardoi,Mining Project,663.17,418.8,7642,28304121228.0,32280.54,Yes,No,Obtained,Pending,Yes,1524
Odisha,Nuapada,State Highway,285.73,124.37,1189,4971628586.0,5738.13,Yes,No,Not Required,Not Required,No,476
Andhra Pradesh,YSR Kadapa,Irrigation/Dam,698.58,322.39,3320,8515944662.0,10014.05,Yes,Yes,Under Review,Pending,No,1234
Uttarakhand,Uttarkashi,SEZ,441.0,267.32,6328,5626061492.0,7226.74,No,No,Obtained,Obtained,Yes,550
Jammu and Kashmir,Kulgam,Industrial Corridor,257.86,150.19,766,881967061.0,1090.04,No,No,Obtained,Obtained,No,512
Tripura,Dhalai,Mining Project,99.2,9.31,367,402412833.0,377.89,No,No,Obtained,Pending,No,268
Uttar Pradesh,Moradabad,Mining Project,746.29,515.58,6322,20088229783.0,22340.7,No,No,Obtained,Obtained,Yes,796
Uttar Pradesh,Maharajganj,Industrial Corridor,338.65,229.34,5046,10703746522.0,3543.92,No,No,Obtained,Obtained,Yes,729
Andhra Pradesh,Nellore,SEZ,730.94,253.09,8283,9881879790.0,8884.58,No,No,Pending,Obtained,Yes,854
Jammu and Kashmir,Samba,Industrial Corridor,289.16,96.24,1453,1410026355.0,842.39,Yes,Yes,Not Required,Not Required,No,793
Uttar Pradesh,Jaunpur,Industrial Corridor,589.58,467.36,6743,18326562395.0,20415.45,No,No,Obtained,Under Review,No,149
Assam,Hailakandi,Power Plant,198.87,85.16,1975,3736216278.0,1249.54,No,No,Obtained,Obtained,No,550
Uttar Pradesh,Lucknow,Railway Line,71.19,42.48,536,1724293003.0,1626.16,Yes,No,Under Review,Not Required,Yes,1594
Manipur,Kamjong,Mining Project,220.84,161.34,2959,5505666377.0,7131.76,Yes,Yes,Obtained,Pending,Yes,733
Uttar Pradesh,Sonbhadra,Airport,594.33,303.64,7205,18165394907.0,13549.76,No,No,Obtained,Pending,No,117
Assam,Goalpara,Railway Line,530.91,395.44,5531,1953211979.0,1570.52,No,No,Obtained,Pending,No,495
Odisha,Kalahandi,Irrigation/Dam,386.02,62.38,4893,10765841582.0,6336.92,No,No,Obtained,Not Required,No,308
Uttar Pradesh,Jalaun,Irrigation/Dam,262.12,43.77,3474,1831902299.0,2604.03,Yes,Yes,Pending,Pending,No,460
Nagaland,Kiphire,Airport,581.57,348.06,1420,4120085042.0,1517.26,No,No,Not Required,Obtained,No,136
Jharkhand,Sahibganj,Irrigation/Dam,134.99,11.39,1584,5057984857.0,3247.65,No,No,Obtained,Pending,No,515
Manipur,Tamenglong,Airport,252.55,21.77,2279,1169240885.0,391.45,No,No,Obtained,Pending,Yes,743
Tamil Nadu,Tiruvarur,Power Plant,298.82,169.83,2628,2087991455.0,1390.41,No,No,Obtained,Obtained,Yes,755
Madhya Pradesh,Sagar,Port Development,706.32,318.07,3707,12243255432.0,13163.81,No,No,Obtained,Obtained,No,478
Delhi (NCT),North West  Delhi,Urban Infrastructure,125.39,31.05,919,3266938091.0,4588.82,No,No,Pending,Obtained,Yes,777
Chhattisgarh,Dhamtari,Mining Project,462.16,104.06,2674,819768744.0,593.0,No,No,Obtained,Not Required,No,470
Andhra Pradesh,Prakasam,SEZ,718.77,345.35,3486,15650947604.0,14264.77,Yes,Yes,Obtained,Pending,No,1077
Rajasthan,Dholpur,Irrigation/Dam,144.25,3.47,1112,1521310371.0,1532.53,No,No,Obtained,Under Review,Yes,1051
Telangana,Jagtial,State Highway,127.61,4.88,1380,755464006.0,1097.95,Yes,No,Obtained,Obtained,Yes,1118
Jammu and Kashmir,Reasi,Mining Project,386.35,67.55,2500,6689336708.0,4588.39,Yes,Yes,Pending,Obtained,No,829
Bihar,Katihar,Railway Line,515.16,166.03,1173,4228122229.0,2504.24,Yes,Yes,Obtained,Not Required,Yes,848
Meghalaya,West Jaintia Hills,Airport,342.69,272.12,2904,9786004314.0,11298.49,Yes,No,Pending,Obtained,Yes,1422
Manipur,Pherzawl,Power Plant,597.72,467.43,7089,21147717499.0,11669.62,Yes,Yes,Pending,Not Required,No,676
Tamil Nadu,Thanjavur,Mining Project,168.08,61.26,2058,6253347769.0,7109.84,No,No,Not Required,Pending,Yes,258
Jharkhand,Latehar,Airport,472.41,91.32,6715,28100249087.0,27403.94,Yes,Yes,Pending,Obtained,No,1200
Maharashtra,Wardha,Railway Line,151.95,114.87,993,904198540.0,306.45,No,No,Pending,Obtained,Yes,571
Odisha,Ganjam,Airport,120.23,6.94,951,1832374700.0,849.65,No,No,Pending,Under Review,Yes,450
Odisha,Bargarh,National Highway,444.96,199.82,6244,2940520365.0,1234.91,No,No,Pending,Not Required,Yes,333
Uttar Pradesh,Gorakhpur,SEZ,474.1,307.27,3340,6945642484.0,8512.14,No,No,Under Review,Obtained,No,412
Gujarat,Tapi (Vyara),Port Development,444.66,222.18,1962,5416445349.0,4095.31,No,No,Obtained,Obtained,Yes,487
Mizoram,Serchhip,Airport,286.29,35.67,2844,8641997052.0,5419.47,Yes,No,Obtained,Pending,No,1787
Uttar Pradesh,Bareilly,SEZ,307.46,170.74,1746,4646100455.0,4074.69,Yes,No,Obtained,Under Review,Yes,1658
Delhi (NCT),South West  Delhi,Mining Project,208.87,87.04,966,2474918352.0,3513.47,No,No,Obtained,Pending,No,478
Maharashtra,Kolhapur,National Highway,421.0,249.68,3485,11729391492.0,5508.32,No,No,Obtained,Pending,No,174
Nagaland,Zunheboto,State Highway,49.56,8.41,126,100344618.0,127.29,No,No,Obtained,Not Required,No,343
Karnataka,Belagavi (Belgaum),State Highway,677.11,86.32,9069,9620128597.0,4012.78,Yes,Yes,Not Required,Not Required,Yes,2070
Assam,Lakhimpur,Port Development,69.54,42.29,638,610844796.0,482.7,No,No,Obtained,Obtained,Yes,644
Tamil Nadu,Sivaganga,Port Development,324.59,82.87,2985,4710797739.0,5611.68,No,No,Obtained,Obtained,No,405
Madhya Pradesh,Ujjain,State Highway,259.95,194.79,3788,14167153645.0,7478.04,No,No,Not Required,Obtained,Yes,593
Haryana,Faridabad,Power Plant,303.96,44.62,2160,1681190336.0,1641.89,No,No,Pending,Not Required,No,513
Maharashtra,Beed,National Highway,360.76,174.0,4127,18276077698.0,18548.67,No,No,Under Review,Obtained,Yes,492
Lakshadweep (UT),Bithra,Urban Infrastructure,204.3,131.17,1950,8378111833.0,6104.01,No,No,Obtained,Obtained,Yes,671
Arunachal Pradesh,Lower Siang,Railway Line,250.07,20.21,3088,12089368208.0,16667.73,Yes,Yes,Obtained,Not Required,No,992
Delhi (NCT),Shahdara,Urban Infrastructure,422.75,232.09,1797,7423265892.0,5276.4,No,No,Not Required,Not Required,No,733
Maharashtra,Parbhani,Industrial Corridor,612.81,482.89,3375,6867399015.0,8177.97,No,No,Not Required,Obtained,No,701
Punjab,Nawanshahr (Shahid Bhagat Singh Nagar),SEZ,294.15,188.47,1354,5206026966.0,4087.5,Yes,Yes,Obtained,Not Required,No,1612
Bihar,Jehanabad,Industrial Corridor,595.1,402.51,4399,3149203919.0,2794.03,No,No,Under Review,Obtained,Yes,801
Punjab,Sahibzada Ajit Singh Nagar (Mohali),State Highway,683.04,304.61,1685,1757203137.0,1917.62,No,No,Not Required,Obtained,No,506
Manipur,Senapati,State Highway,96.0,3.2,890,649678845.0,617.87,No,No,Obtained,Under Review,No,441
Karnataka,Uttara Kannada (Karwar),Industrial Corridor,143.05,21.14,478,1463440788.0,1503.53,Yes,No,Obtained,Pending,No,781
Bihar,Muzaffarpur,Airport,596.95,299.6,2203,1215879997.0,1760.53,No,No,Pending,Pending,No,376
Chhattisgarh,Gariyaband,Railway Line,504.46,92.21,5830,9891050645.0,3493.55,No,No,Not Required,Obtained,No,681
Kerala,Kollam,Airport,345.66,122.61,1275,3509745339.0,2126.97,Yes,No,Obtained,Obtained,Yes,663
Assam,Karbi Anglong,State Highway,86.56,68.4,493,1139125640.0,807.47,No,No,Obtained,Not Required,Yes,693
Punjab,Bathinda,Railway Line,383.45,93.79,1363,3342905592.0,3310.53,No,No,Obtained,Obtained,Yes,674
Telangana,Jayashankar Bhoopalpally,SEZ,27.98,8.2,388,146747768.0,141.6,No,No,Obtained,Not Required,No,431
Sikkim,West Sikkim,Railway Line,778.75,201.58,8113,26750743631.0,37900.48,No,No,Pending,Obtained,No,315
Odisha,Nayagarh,Railway Line,534.35,200.84,4878,10846866099.0,10637.54,No,No,Obtained,Not Required,Yes,509
Uttar Pradesh,Budaun,SEZ,483.71,18.66,6259,2202022775.0,2697.84,No,No,Under Review,Pending,No,268
Assam,Kamrup,Urban Infrastructure,784.51,105.04,4590,8334065251.0,5523.16,No,No,Obtained,Obtained,Yes,603
Chhattisgarh,Surajpur  ,Industrial Corridor,765.54,316.66,9539,30305036063.0,19908.0,Yes,Yes,Obtained,Pending,Yes,1549
Gujarat,Surendranagar,Industrial Corridor,352.49,45.49,2265,7995050780.0,11559.48,No,No,Not Required,Obtained,Yes,848
Uttar Pradesh,Gautam Buddha Nagar,State Highway,638.47,356.85,6863,17876302983.0,24128.41,Yes,Yes,Obtained,Not Required,Yes,943
Karnataka,Chitradurga,National Highway,583.1,405.28,6730,18687257668.0,9395.61,No,No,Pending,Obtained,No,585
Gujarat,Narmada (Rajpipla),Irrigation/Dam,393.21,26.14,3557,10655348294.0,3947.58,Yes,No,Under Review,Not Required,No,1201
West Bengal,Nadia,Industrial Corridor,623.34,425.57,2444,5318438867.0,6681.13,No,No,Not Required,Obtained,No,225
Manipur,Bishnupur,Airport,585.13,173.68,8679,20234086331.0,22791.37,No,No,Under Review,Obtained,No,497
Telangana,Medchal,Mining Project,598.05,417.47,8454,32911520301.0,44667.64,No,No,Obtained,Not Required,Yes,960
Uttarakhand,Dehradun,Urban Infrastructure,87.93,31.45,212,677107459.0,600.14,Yes,Yes,Under Review,Obtained,Yes,1921
Jammu and Kashmir,Srinagar,Industrial Corridor,452.67,293.97,6719,26895019551.0,23954.64,Yes,Yes,Obtained,Obtained,Yes,1567
Karnataka,Kodagu,Urban Infrastructure,353.34,109.87,4285,12288117472.0,16405.75,No,No,Pending,Not Required,No,486
Chhattisgarh,Durg,Port Development,408.33,3.81,3758,7290165533.0,6299.88,No,No,Under Review,Obtained,Yes,510
Bihar,Siwan,Mining Project,284.79,210.93,2279,1043669033.0,774.91,Yes,Yes,Under Review,Obtained,No,1201
Telangana,Nizamabad,State Highway,90.73,55.28,583,308184301.0,215.82,No,No,Under Review,Not Required,No,458
Madhya Pradesh,Chhindwara,Port Development,793.48,382.49,3688,9658284808.0,9359.6,Yes,Yes,Obtained,Under Review,No,1615
Himachal Pradesh,Solan,Port Development,471.95,372.35,2267,9464346442.0,13613.67,No,No,Obtained,Not Required,No,360
Rajasthan,Sawai Madhopur,Irrigation/Dam,492.28,93.9,2672,4314326969.0,5915.83,Yes,No,Not Required,Obtained,No,1485
Jammu and Kashmir,Rajouri,Power Plant,658.24,318.59,1568,4969766985.0,2521.5,Yes,Yes,Obtained,Not Required,Yes,1850
Uttar Pradesh,Sitapur,Industrial Corridor,597.08,376.41,4858,19993702824.0,8415.63,Yes,No,Obtained,Obtained,Yes,328
Assam,Kokrajhar,Port Development,363.16,161.91,4787,21341074504.0,14222.89,No,No,Pending,Not Required,No,295
Maharashtra,Gadchiroli,SEZ,540.54,1.14,7904,27363085651.0,27097.82,Yes,Yes,Not Required,Obtained,Yes,1304
Jammu and Kashmir,Udhampur,Industrial Corridor,734.73,469.37,2715,8989739826.0,12608.44,No,No,Obtained,Obtained,No,369
Karnataka,Kalaburagi (Gulbarga),Port Development,553.47,231.02,4141,16653943862.0,8329.21,Yes,No,Under Review,Not Required,Yes,1993
Jharkhand,Garhwa,Power Plant,715.11,169.05,5439,16563211217.0,17039.92,No,No,Obtained,Obtained,No,625
Arunachal Pradesh,West Kameng,SEZ,536.84,337.46,1997,8445632141.0,8321.07,No,No,Not Required,Not Required,Yes,670
Jharkhand,Gumla,SEZ,708.97,357.66,5526,7768688750.0,6666.08,Yes,Yes,Obtained,Not Required,No,539
Madhya Pradesh,Datia,Airport,771.83,614.2,2457,2236802261.0,3156.2,No,No,Obtained,Obtained,Yes,616
Bihar,Madhepura,Mining Project,63.43,46.64,628,361643459.0,227.84,No,No,Pending,Obtained,No,577
Telangana,Rangareddy,State Highway,637.16,61.2,6403,11054070013.0,15753.18,No,No,Obtained,Obtained,Yes,368
Bihar,Munger (Monghyr),State Highway,321.99,69.65,1952,3147793246.0,1907.15,No,No,Pending,Pending,Yes,358
Uttar Pradesh,Shahjahanpur,SEZ,235.13,96.7,2796,3748146084.0,1810.34,No,No,Obtained,Not Required,No,762
Uttarakhand,Udham Singh Nagar,State Highway,601.04,297.56,7030,27376557877.0,21244.46,Yes,Yes,Under Review,Obtained,No,1144
Lakshadweep (UT),Amini,Irrigation/Dam,318.29,115.21,988,1168035475.0,1389.63,No,No,Obtained,Under Review,No,207
Telangana,Jogulamba Gadwal,National Highway,359.56,44.22,3058,10972417957.0,5166.26,No,No,Obtained,Obtained,No,420
Tripura,South Tripura,Irrigation/Dam,257.03,127.0,1114,1428058522.0,1534.34,No,No,Obtained,Not Required,No,489
Assam,Darrang,State Highway,273.31,26.32,1535,6592912961.0,5313.08,No,No,Obtained,Not Required,Yes,739
Assam,Chirang,Industrial Corridor,784.67,292.45,10820,30143975296.0,33025.73,Yes,Yes,Not Required,Obtained,Yes,1118
Rajasthan,Sikar,Urban Infrastructure,123.15,75.87,303,422061016.0,484.17,No,No,Under Review,Under Review,Yes,912
Uttar Pradesh,Balrampur,Power Plant,441.33,72.3,2055,4996081281.0,4054.26,No,No,Obtained,Obtained,No,528
Bihar,West Champaran,Power Plant,271.05,145.35,2508,4824312707.0,2906.14,No,No,Under Review,Pending,Yes,363
Haryana,Sonipat,Port Development,735.42,4.42,9760,8129399808.0,10887.66,Yes,No,Not Required,Not Required,No,1333
Jharkhand,Deoghar,Railway Line,30.74,9.78,429,1871998591.0,1057.82,No,No,Under Review,Obtained,No,371
Haryana,Jhajjar,National Highway,210.7,82.48,1842,5043721741.0,4994.71,No,No,Obtained,Not Required,No,470
Bihar,Araria,SEZ,784.75,316.83,1947,4691535651.0,4730.08,No,No,Not Required,Pending,No,308
Jammu and Kashmir,Ramban,Industrial Corridor,401.62,37.66,3304,2208494420.0,1677.61,No,No,Pending,Not Required,Yes,492
Telangana,Mahabubabad,Railway Line,630.91,177.11,1897,815671275.0,1059.15,No,No,Pending,Pending,No,595
Uttarakhand,Almora,SEZ,185.41,37.21,1514,3734230239.0,4642.28,No,No,Pending,Pending,No,427
Meghalaya,North Garo Hills,Airport,529.83,385.49,6687,26925195159.0,37261.97,No,No,Obtained,Obtained,Yes,769
Madhya Pradesh,Gwalior,State Highway,203.86,90.88,1407,3280062505.0,1941.56,Yes,No,Pending,Not Required,No,1147
Tamil Nadu,Erode,National Highway,722.42,150.97,5626,13149068727.0,4254.43,No,No,Obtained,Obtained,No,383
Tamil Nadu,Viluppuram,Industrial Corridor,110.58,76.21,1136,3974921800.0,4375.06,Yes,No,Obtained,Pending,No,1053
Uttar Pradesh,Mathura,Railway Line,148.63,23.06,1606,5802058939.0,5581.62,No,No,Obtained,Pending,Yes,1240
Rajasthan,Rajsamand,Power Plant,76.27,17.68,581,809742747.0,547.32,No,No,Obtained,Under Review,Yes,768
Gujarat,Morbi,Mining Project,401.94,111.06,4382,6050544578.0,7780.46,No,No,Pending,Pending,Yes,424
Chhattisgarh,Balod,Mining Project,538.01,211.55,1203,1921476706.0,2769.62,Yes,No,Obtained,Under Review,Yes,966
Karnataka,Kolar,Mining Project,41.55,24.54,252,821314958.0,914.55,No,No,Pending,Pending,No,693
Punjab,Gurdaspur,National Highway,569.37,442.4,7168,8844616421.0,11747.23,Yes,Yes,Obtained,Obtained,Yes,1567
Punjab,Ludhiana,SEZ,779.0,561.7,3725,9005635028.0,10350.24,No,No,Pending,Pending,No,376
Uttar Pradesh,Saharanpur,Industrial Corridor,526.74,236.25,2011,6913380747.0,2122.22,No,No,Pending,Obtained,Yes,687
Haryana,Mahendragarh,Power Plant,95.59,25.18,799,3481122255.0,2353.53,No,No,Obtained,Obtained,Yes,754
Chhattisgarh,Raipur,Irrigation/Dam,348.93,24.92,949,779581395.0,377.02,Yes,Yes,Pending,Obtained,No,728
Jammu and Kashmir,Budgam,Mining Project,715.94,186.65,2505,8545245985.0,2589.91,No,No,Obtained,Obtained,Yes,277
Odisha,Gajapati,SEZ,163.01,42.14,1016,3628843310.0,2508.83,Yes,No,Not Required,Pending,Yes,1487
Odisha,Kendujhar (Keonjhar),National Highway,631.22,464.09,8490,28782758076.0,10527.98,No,No,Pending,Not Required,Yes,978
Mizoram,Mamit,SEZ,582.17,387.83,5536,21234428269.0,7754.62,Yes,No,Obtained,Pending,No,1229
Jammu and Kashmir,Kargil,Mining Project,746.26,582.73,6746,20042067327.0,22690.69,Yes,Yes,Not Required,Pending,No,759
Lakshadweep (UT),Minicoy,Port Development,37.13,7.09,186,262315778.0,152.36,No,No,Pending,Not Required,Yes,299
Chandigarh (UT),Chandigarh,Port Development,774.32,186.78,5494,15378657331.0,21923.85,Yes,Yes,Not Required,Not Required,No,1583
Meghalaya,West Khasi Hills,Urban Infrastructure,387.82,96.03,1491,5026804171.0,7441.15,No,No,Not Required,Pending,Yes,527
Chhattisgarh,Kanker (North Bastar),Port Development,265.7,149.72,2071,6863675535.0,3431.66,No,No,Obtained,Not Required,No,565
Rajasthan,Bundi,Power Plant,157.57,95.1,2009,4519186724.0,4391.7,No,No,Pending,Obtained,Yes,229
Madhya Pradesh,Ashoknagar,Power Plant,385.82,126.3,4018,8139570660.0,4821.92,Yes,Yes,Obtained,Pending,No,399
Assam,Dima Hasao,Industrial Corridor,260.24,186.42,1064,2158759577.0,1931.15,No,No,Obtained,Not Required,Yes,495
Uttarakhand,Pithoragarh,SEZ,315.92,44.63,4122,8422159377.0,4341.57,No,No,Obtained,Pending,No,549
Maharashtra,Sindhudurg,Power Plant,306.05,151.65,3668,15154201409.0,14829.75,No,No,Obtained,Not Required,Yes,612
Odisha,Kandhamal,Industrial Corridor,519.87,378.16,4282,6766903389.0,7741.1,No,No,Pending,Obtained,No,267
Jharkhand,Koderma,Airport,320.9,173.0,1794,3990322728.0,5379.59,No,No,Pending,Pending,No,325
Madhya Pradesh,Dindori,Irrigation/Dam,319.14,105.68,2786,9458713130.0,3616.45,Yes,Yes,Not Required,Under Review,Yes,1107
Mizoram,Champhai,Port Development,725.31,247.21,4576,8155535159.0,12015.65,Yes,Yes,Pending,Pending,Yes,1451
Uttar Pradesh,Hamirpur,Industrial Corridor,12.3,1.45,75,279586607.0,183.46,Yes,Yes,Obtained,Obtained,No,1752
Punjab,Fazilka,Mining Project,301.55,124.26,1937,7990724520.0,3379.29,Yes,Yes,Obtained,Not Required,No,1576
Punjab,Fatehgarh Sahib,Power Plant,698.59,96.78,7617,11916824665.0,13377.02,No,No,Obtained,Pending,No,306
Maharashtra,Gondia,Irrigation/Dam,213.73,102.84,1634,5279545779.0,6411.69,No,No,Obtained,Pending,No,546
Odisha,Balasore,Industrial Corridor,780.8,264.87,2955,11267396642.0,14103.65,No,No,Pending,Obtained,Yes,583
Himachal Pradesh,Hamirpur,Industrial Corridor,743.9,501.1,5902,26356682999.0,21437.45,No,No,Under Review,Not Required,Yes,570
Odisha,Sundargarh,Airport,181.6,9.35,1019,402203697.0,380.52,No,No,Pending,Obtained,No,385
Tamil Nadu,Perambalur,Power Plant,587.38,423.25,6115,10428225073.0,4852.53,No,No,Obtained,Pending,No,419
Maharashtra,Amravati,Mining Project,369.68,99.0,4982,4984984912.0,2574.62,No,No,Obtained,Obtained,No,477
Jharkhand,Hazaribag,State Highway,776.71,254.93,7143,27367319471.0,35087.26,No,No,Pending,Not Required,No,394
Telangana,Peddapalli,State Highway,73.0,54.86,177,285991931.0,376.72,Yes,Yes,Under Review,Pending,Yes,1757
Uttar Pradesh,Bahraich,SEZ,520.2,296.12,1200,4628551622.0,3228.53,Yes,Yes,Under Review,Not Required,Yes,1944
Uttar Pradesh,Kanshiram Nagar (Kasganj),Airport,318.07,46.45,3875,9789676681.0,3687.95,No,No,Pending,Not Required,No,228
Arunachal Pradesh,East Kameng,SEZ,331.83,36.15,897,2730928206.0,2936.88,Yes,No,Not Required,Obtained,Yes,1628
Maharashtra,Jalna,Mining Project,759.41,44.51,10095,37801359619.0,11963.37,No,No,Obtained,Pending,Yes,426
Gujarat,Bhavnagar,Mining Project,265.85,102.01,933,1084786261.0,1084.54,Yes,Yes,Not Required,Pending,No,1107
Puducherry (UT),Mahe,State Highway,74.64,16.25,580,2591966696.0,3277.34,Yes,No,Under Review,Pending,No,740
Chhattisgarh,Balrampur,Port Development,294.62,66.09,4302,12323082325.0,14823.06,No,No,Obtained,Obtained,No,477
Uttar Pradesh,Azamgarh,Power Plant,405.22,95.75,880,342404651.0,414.56,Yes,Yes,Obtained,Obtained,Yes,918
Bihar,Saran,State Highway,21.58,11.66,267,773265670.0,1004.03,No,No,Obtained,Not Required,Yes,978
Odisha,Khordha,Industrial Corridor,295.63,195.05,2738,1591941210.0,1832.65,Yes,No,Obtained,Obtained,No,1356
Uttar Pradesh,Chitrakoot,Railway Line,422.34,116.73,4869,4950136411.0,3710.53,No,No,Obtained,Obtained,No,483
Bihar,Khagaria,Irrigation/Dam,631.97,204.26,3541,15696963182.0,23310.5,No,No,Not Required,Obtained,No,252
West Bengal,South 24 Parganas,Urban Infrastructure,562.61,151.79,1664,6351881065.0,8540.56,Yes,Yes,Obtained,Obtained,No,983
Bihar,Darbhanga,Power Plant,31.52,16.02,116,477970670.0,330.79,No,No,Obtained,Not Required,No,577
Madhya Pradesh,Anuppur,Urban Infrastructure,66.29,18.91,314,340691205.0,250.29,No,No,Obtained,Obtained,No,526
Jammu and Kashmir,Kathua,Airport,786.58,365.09,11401,49990520967.0,23537.95,Yes,Yes,Obtained,Not Required,No,922
Bihar,Banka,State Highway,357.72,87.57,4916,2424384728.0,3043.51,Yes,Yes,Obtained,Pending,No,500
Uttar Pradesh,Muzaffarnagar,Railway Line,600.99,363.37,6975,29948189482.0,38574.35,No,No,Pending,Pending,No,335
Bihar,Arwal,Port Development,697.39,16.76,2073,7426328101.0,4589.67,No,No,Obtained,Obtained,Yes,895
Maharashtra,Ahmednagar,State Highway,291.94,59.91,3963,14871202553.0,18635.1,Yes,Yes,Pending,Not Required,No,478
Bihar,Jamui,Airport,97.76,74.66,242,1084860584.0,476.63,Yes,Yes,Obtained,Pending,No,1778
Jharkhand,Dhanbad,SEZ,510.77,15.09,6477,20170046418.0,23702.69,Yes,Yes,Obtained,Not Required,Yes,245
Haryana,Kaithal,Railway Line,82.61,18.37,651,378968081.0,134.01,No,No,Obtained,Obtained,Yes,597
Gujarat,Amreli,State Highway,590.61,98.86,5540,19282455033.0,9845.5,No,No,Not Required,Not Required,No,488
Karnataka,Mandya,Port Development,747.83,295.8,6057,14430843138.0,7193.55,No,No,Obtained,Obtained,Yes,767
Jharkhand,Khunti,Mining Project,647.73,452.8,4860,21630770061.0,17790.7,No,No,Pending,Not Required,Yes,321
Karnataka,Bagalkot,SEZ,416.25,252.98,1139,4442925219.0,5651.56,No,No,Obtained,Obtained,Yes,688
Bihar,Sitamarhi,National Highway,739.7,257.72,7588,22179659302.0,29656.34,No,No,Obtained,Obtained,No,526
Goa,South Goa,Power Plant,747.47,576.25,9620,34722761290.0,18179.93,No,No,Not Required,Obtained,Yes,432
Punjab,Mansa,Urban Infrastructure,175.35,108.36,607,2692271746.0,1207.05,Yes,Yes,Not Required,Not Required,No,270
Madhya Pradesh,Neemuch,Railway Line,625.87,30.66,7336,18251453782.0,15337.54,Yes,No,Obtained,Obtained,Yes,1622
Haryana,Palwal,Railway Line,391.9,145.04,5466,23005949824.0,11684.3,Yes,Yes,Obtained,Not Required,No,984
Daman and Diu (UT),Diu,State Highway,11.5,8.21,43,60663806.0,44.83,No,No,Obtained,Obtained,No,472
Uttar Pradesh,Kannauj,Port Development,393.46,98.21,5669,17243665223.0,12940.44,No,No,Not Required,Not Required,No,569
Bihar,Buxar,Urban Infrastructure,487.62,252.66,5010,14567791855.0,16218.58,No,No,Pending,Not Required,No,488
Maharashtra,Palghar,SEZ,552.07,231.16,4709,13372568239.0,15437.6,No,No,Not Required,Pending,Yes,345
Rajasthan,Jhunjhunu,National Highway,212.24,53.07,2705,9894945196.0,5327.4,No,No,Obtained,Not Required,No,359
West Bengal,Birbhum,State Highway,41.26,25.14,103,94985137.0,129.21,No,No,Obtained,Not Required,No,452
Tamil Nadu,Tiruchirappalli,Power Plant,460.09,366.15,2947,3806371054.0,4548.27,No,No,Pending,Under Review,No,542
Arunachal Pradesh,Tirap,Mining Project,667.81,371.9,3160,11376591158.0,11695.07,Yes,Yes,Pending,Pending,No,512
Maharashtra,Latur,Port Development,230.79,38.92,2315,1210647873.0,1314.41,Yes,Yes,Obtained,Not Required,No,373
Haryana,Mewat,Railway Line,735.35,241.1,7895,12753426114.0,7477.17,Yes,Yes,Obtained,Pending,No,1490
Assam,Tinsukia,Power Plant,335.31,138.82,2729,6054295193.0,2867.13,Yes,Yes,Pending,Obtained,Yes,1455
West Bengal,Alipurduar,Airport,549.33,57.02,8036,7997238549.0,9603.67,No,No,Not Required,Pending,Yes,178
Telangana,Rajanna Sircilla,Urban Infrastructure,543.66,191.69,3171,6031600428.0,2503.09,No,No,Obtained,Pending,No,316
Rajasthan,Barmer,SEZ,222.33,77.12,1979,4143718739.0,2970.13,Yes,No,Pending,Obtained,No,903
Arunachal Pradesh,Tawang,Power Plant,183.63,97.24,1771,2242939404.0,1265.6,Yes,Yes,Obtained,Under Review,No,396
Maharashtra,Jalgaon,Irrigation/Dam,790.18,242.6,11751,25350225976.0,12040.91,Yes,No,Obtained,Pending,No,229
Madhya Pradesh,Seoni,Railway Line,252.7,40.54,3783,8502197026.0,10625.28,Yes,No,Under Review,Obtained,No,525
Maharashtra,Pune,Port Development,694.09,62.42,5246,18676294150.0,19227.54,No,No,Pending,Pending,No,697
Meghalaya,Ri Bhoi,National Highway,464.46,298.86,5043,8218629610.0,8089.86,No,No,Obtained,Under Review,No,496
Maharashtra,Nashik,Power Plant,58.91,22.01,668,717009762.0,937.44,Yes,Yes,Obtained,Under Review,No,1059
Kerala,Wayanad,Railway Line,244.57,178.73,2922,6247936777.0,4836.75,No,No,Obtained,Pending,Yes,826
West Bengal,Purulia,National Highway,669.03,240.05,9438,19522722665.0,10793.82,Yes,No,Obtained,Not Required,Yes,676
Rajasthan,Jodhpur,Industrial Corridor,738.87,208.59,7496,30799175594.0,45242.54,Yes,No,Obtained,Pending,No,615
Odisha,Dhenkanal,SEZ,645.1,124.68,1653,5636318265.0,7946.27,Yes,No,Obtained,Obtained,No,1224
Sikkim,South Sikkim,Industrial Corridor,163.9,72.71,1154,1647465973.0,1681.09,Yes,Yes,Obtained,Obtained,No,462
Assam,Golaghat,Urban Infrastructure,588.37,16.25,3242,11977363843.0,11328.28,No,No,Obtained,Not Required,Yes,354
Himachal Pradesh,Una,SEZ,431.57,132.56,2419,3874291976.0,3539.42,Yes,No,Pending,Pending,No,1504
Maharashtra,Buldhana,Airport,712.25,427.43,3797,5928142999.0,5836.76,No,No,Obtained,Obtained,Yes,672
Karnataka,Shivamogga (Shimoga),Airport,287.34,84.21,3562,9262270178.0,6934.37,Yes,No,Obtained,Not Required,No,995
Uttar Pradesh,Ambedkar Nagar,National Highway,90.61,48.77,843,924012006.0,506.86,No,No,Under Review,Obtained,Yes,601
Assam,Nagaon,National Highway,480.44,42.5,5548,15731893776.0,5207.85,Yes,Yes,Not Required,Pending,Yes,1946
Tripura,West Tripura,Irrigation/Dam,11.78,6.6,149,534781661.0,419.58,No,No,Pending,Not Required,No,503
Rajasthan,Churu,Urban Infrastructure,709.15,342.15,9160,35170288281.0,20513.05,No,No,Pending,Obtained,No,558
Uttar Pradesh,Sant Kabir Nagar,Urban Infrastructure,109.48,3.71,1347,1117631533.0,796.81,Yes,Yes,Obtained,Not Required,No,1446
Haryana,Fatehabad,Airport,665.87,495.86,8670,31551791379.0,34945.92,Yes,Yes,Obtained,Obtained,No,1019
Gujarat,Valsad,Airport,412.39,295.83,1305,3429178753.0,3485.11,No,No,Not Required,Obtained,No,309
Gujarat,Mehsana,Irrigation/Dam,41.34,4.49,481,177067444.0,170.69,No,No,Pending,Obtained,Yes,795
Madhya Pradesh,Raisen,Mining Project,745.61,363.95,3714,12619769249.0,10497.03,Yes,Yes,Obtained,Obtained,Yes,1392
Odisha,Kendrapara,Irrigation/Dam,503.31,119.22,1015,2978701317.0,2269.34,No,No,Pending,Obtained,No,788
Lakshadweep (UT),Kavaratti,Power Plant,111.77,23.88,1499,3363700806.0,2457.15,Yes,Yes,Obtained,Pending,No,523
Arunachal Pradesh,Upper Subansiri,Mining Project,537.43,294.86,2930,2489588140.0,2675.31,No,No,Under Review,Under Review,Yes,457
Kerala,Idukki,SEZ,86.47,9.13,1004,3948063575.0,4701.73,No,No,Obtained,Not Required,No,353
Maharashtra,Chandrapur,Irrigation/Dam,656.51,475.12,6794,3104591023.0,3942.86,No,No,Not Required,Under Review,Yes,709
Tamil Nadu,Tirunelveli,Railway Line,231.21,39.81,2611,8157343560.0,9439.85,No,No,Obtained,Obtained,No,350
Maharashtra,Solapur,National Highway,585.48,18.28,3368,3566453711.0,4915.47,No,No,Obtained,Not Required,Yes,1042
Assam,Dhubri,Irrigation/Dam,614.68,409.23,6081,20926470736.0,9154.06,No,No,Under Review,Obtained,Yes,745
Assam,Baksa,Mining Project,709.48,240.84,8044,15385835725.0,11994.54,Yes,Yes,Not Required,Not Required,No,1016
Madhya Pradesh,Indore,National Highway,589.67,60.03,2764,3183076428.0,1908.68,No,No,Obtained,Obtained,No,786
Maharashtra,Thane,National Highway,488.35,197.89,2353,7223184362.0,6099.88,No,No,Pending,Obtained,No,390
Jharkhand,Palamu,Mining Project,485.96,354.06,3762,15561203699.0,12271.63,No,No,Pending,Pending,Yes,306
Rajasthan,Udaipur,National Highway,526.66,20.69,3277,11051649444.0,13054.03,No,No,Pending,Obtained,Yes,782
Assam,Kamrup Metropolitan,Power Plant,204.87,144.12,922,739563780.0,697.44,No,No,Obtained,Obtained,No,739
Assam,Cachar,Mining Project,54.5,7.29,384,1356726622.0,1947.28,Yes,No,Pending,Pending,No,923
Tamil Nadu,Ariyalur,State Highway,787.43,198.86,4650,6251202956.0,5083.97,No,No,Pending,Under Review,No,579
Arunachal Pradesh,Lower Subansiri,Irrigation/Dam,478.05,124.21,2417,1942116973.0,2657.49,Yes,Yes,Pending,Pending,No,1283
Assam,Udalguri,Industrial Corridor,657.34,377.13,3865,10687260048.0,16016.81,No,No,Obtained,Pending,Yes,901
Madhya Pradesh,Harda,State Highway,309.23,52.28,1504,4880389196.0,6150.24,No,No,Obtained,Pending,No,344
West Bengal,Murshidabad,Railway Line,545.15,370.61,5819,9115858147.0,11678.1,Yes,Yes,Under Review,Not Required,No,1476
Nagaland,Peren,Airport,7.94,1.86,95,219277631.0,172.07,No,No,Not Required,Obtained,Yes,751
Punjab,Barnala,Port Development,725.9,206.28,1720,6040325402.0,5385.92,No,No,Pending,Pending,No,609
West Bengal,Darjeeling,Power Plant,585.2,265.02,2298,5312582872.0,4755.58,No,No,Not Required,Obtained,No,174
Bihar,Gaya,Industrial Corridor,784.05,20.53,9768,17936540867.0,22399.48,Yes,Yes,Obtained,Not Required,No,1619
Odisha,Koraput,Urban Infrastructure,285.41,167.28,3094,4529648186.0,1703.34,Yes,Yes,Pending,Obtained,No,1673
Rajasthan,Bikaner,Railway Line,258.33,35.09,733,846573787.0,672.96,No,No,Pending,Obtained,No,325
Haryana,Bhiwani,Port Development,399.16,122.41,3174,2758383769.0,849.92,No,No,Not Required,Pending,No,529
Madhya Pradesh,Betul,Airport,474.52,292.38,3326,2514437635.0,1364.88,No,No,Pending,Pending,Yes,472
Himachal Pradesh,Mandi,Power Plant,585.36,303.67,4438,16076752534.0,9603.35,No,No,Obtained,Pending,No,487
Assam,Charaideo,Railway Line,599.27,217.59,5898,7232496320.0,4074.11,No,No,Obtained,Obtained,No,487
Madhya Pradesh,Alirajpur,Irrigation/Dam,304.18,22.57,2650,4722754826.0,6334.46,No,No,Obtained,Pending,No,266
Chhattisgarh,Dantewada (South Bastar),Mining Project,424.58,301.9,2439,3816632607.0,1363.68,No,No,Not Required,Pending,Yes,593
Assam,Karimganj,SEZ,463.73,116.32,1842,6827919559.0,9825.04,Yes,Yes,Pending,Pending,No,1590
Telangana,Komaram Bheem Asifabad,State Highway,266.12,18.31,994,4148441784.0,4275.15,Yes,Yes,Obtained,Pending,No,1375
Maharashtra,Satara,Railway Line,203.82,50.27,2811,10246775640.0,11907.26,Yes,Yes,Obtained,Pending,No,1229
Gujarat,Mahisagar,SEZ,520.73,288.1,3476,13931148255.0,11969.71,No,No,Pending,Not Required,Yes,643
Karnataka,Bengaluru (Bangalore) Rural,Irrigation/Dam,181.69,112.89,2421,5001749168.0,6823.45,No,No,Pending,Pending,Yes,339
Karnataka,Gadag,Power Plant,7.18,1.89,99,376989534.0,415.75,Yes,Yes,Pending,Not Required,Yes,993
Madhya Pradesh,Bhind,SEZ,481.85,47.12,4292,14850359634.0,6115.79,No,No,Under Review,Pending,Yes,1054
Jharkhand,Jamtara,Irrigation/Dam,318.87,37.26,781,2108015632.0,1939.76,No,No,Under Review,Obtained,No,357
Chhattisgarh,Korba,Industrial Corridor,58.45,10.36,395,753655452.0,739.11,No,No,Pending,Under Review,Yes,449
Andhra Pradesh,Guntur,SEZ,443.87,60.58,4456,17463816981.0,17338.47,No,No,Obtained,Obtained,Yes,329
Delhi (NCT),East Delhi,Industrial Corridor,483.96,231.76,1221,565858602.0,654.31,No,No,Pending,Obtained,No,466
Odisha,Puri,Railway Line,37.72,20.62,137,190938301.0,99.55,No,No,Obtained,Obtained,Yes,925
Uttar Pradesh,Varanasi,Urban Infrastructure,388.84,148.14,5592,20252645526.0,10132.85,Yes,No,Obtained,Under Review,Yes,1817
Tamil Nadu,Salem,SEZ,255.27,3.69,1055,588866164.0,713.14,No,No,Pending,Under Review,Yes,1005
Uttar Pradesh,Ghazipur,Irrigation/Dam,738.58,216.52,6200,22575873698.0,15788.69,Yes,Yes,Under Review,Obtained,Yes,1346
Arunachal Pradesh,Namsai,Power Plant,551.05,26.33,6381,7194880867.0,5882.22,No,No,Under Review,Pending,No,397
Mizoram,Saiha,Port Development,548.39,267.58,2969,7505207305.0,6166.89,Yes,No,Obtained,Obtained,No,380
Jharkhand,Giridih,State Highway,530.18,298.0,1721,3356275788.0,3220.67,No,No,Obtained,Obtained,Yes,931
Tamil Nadu,Virudhunagar,State Highway,435.09,14.59,5904,20019482381.0,21522.94,No,No,Pending,Pending,No,631
Himachal Pradesh,Kinnaur,State Highway,110.5,68.4,1197,405789200.0,460.46,No,No,Under Review,Pending,Yes,466
Karnataka,Hassan,Port Development,214.98,163.37,2702,10730695473.0,14193.47,No,No,Pending,Pending,Yes,101
Lakshadweep (UT),Agatti,Airport,241.95,21.88,3520,13875782567.0,14951.55,No,No,Obtained,Not Required,Yes,318
Rajasthan,Bhilwara,SEZ,428.51,132.18,5141,10907365822.0,10682.02,No,No,Pending,Pending,Yes,605
Jammu and Kashmir,Kupwara,Irrigation/Dam,771.88,489.29,4637,6552235380.0,2908.51,Yes,Yes,Not Required,Not Required,Yes,867
Rajasthan,Kota,Power Plant,598.42,295.82,4552,5315575251.0,2969.71,No,No,Pending,Obtained,Yes,251
Assam,Sivasagar,Urban Infrastructure,97.16,17.68,1286,4841396810.0,1459.11,No,No,Obtained,Obtained,No,765
Karnataka,Ballari (Bellary),Power Plant,326.66,68.8,3129,14011554570.0,17923.83,Yes,No,Pending,Pending,No,1724
Chhattisgarh,Kabirdham (Kawardha),State Highway,555.19,280.99,6864,9748437595.0,3890.93,No,No,Obtained,Under Review,Yes,530
Punjab,Jalandhar,Railway Line,604.87,105.31,8444,9817712001.0,13562.28,Yes,Yes,Obtained,Not Required,No,1455
Uttar Pradesh,Baghpat,SEZ,165.6,82.7,1713,2226675025.0,2606.03,No,No,Obtained,Not Required,Yes,468
Jammu and Kashmir,Ganderbal,Industrial Corridor,147.58,23.1,2178,9380936788.0,3590.19,No,No,Obtained,Not Required,Yes,753
Nagaland,Tuensang,Railway Line,520.0,342.53,1305,2497101104.0,1321.48,No,No,Not Required,Pending,Yes,587
Delhi (NCT),Central Delhi,Irrigation/Dam,312.15,137.26,2855,10752808014.0,11267.76,No,No,Obtained,Obtained,Yes,619
Madhya Pradesh,Panna,Port Development,320.65,232.01,4546,10398431053.0,3791.17,No,No,Pending,Under Review,Yes,518
Rajasthan,Dausa,State Highway,708.23,431.69,2542,9375115709.0,6517.05,No,No,Obtained,Not Required,Yes,512
Madhya Pradesh,Dewas,National Highway,526.66,300.63,7650,4141287301.0,5086.87,Yes,Yes,Obtained,Not Required,No,1232
Telangana,Suryapet,Industrial Corridor,416.56,114.08,1616,2095995459.0,2689.21,No,No,Obtained,Obtained,No,412
Karnataka,Dakshina Kannada,SEZ,477.17,363.43,1624,6190207361.0,2215.36,Yes,Yes,Obtained,Obtained,No,576
Arunachal Pradesh,Kurung Kumey,Irrigation/Dam,328.1,136.13,4344,17768089593.0,8840.77,Yes,Yes,Under Review,Not Required,Yes,2003
Andhra Pradesh,Vizianagaram,Irrigation/Dam,126.51,24.04,1140,4070063580.0,3811.31,Yes,Yes,Obtained,Under Review,No,718
Meghalaya,South West Garo Hills ,Industrial Corridor,192.02,45.74,1368,2238232270.0,1699.6,No,No,Pending,Not Required,No,434
Lakshadweep (UT),Kalpeni,Industrial Corridor,437.06,0.44,3556,12644525801.0,9344.08,Yes,No,Pending,Obtained,No,1270
Kerala,Kozhikode,Port Development,707.3,190.5,4458,6834168834.0,9843.73,No,No,Obtained,Pending,No,392
Haryana,Charkhi Dadri,Industrial Corridor,779.51,538.72,4808,20571371640.0,11129.56,Yes,No,Under Review,Obtained,No,1275
Nagaland,Longleng,State Highway,555.32,147.68,6670,9210027383.0,11391.68,Yes,Yes,Obtained,Under Review,Yes,949
Tamil Nadu,Tiruvannamalai,State Highway,107.86,25.5,1426,1134873918.0,630.05,No,No,Pending,Under Review,Yes,534
Tripura,Sepahijala,Urban Infrastructure,207.35,151.82,2440,3755652075.0,3464.91,Yes,Yes,Pending,Obtained,No,1176
Andhra Pradesh,Kurnool,Irrigation/Dam,219.61,13.11,2403,2937388105.0,2024.27,No,No,Obtained,Not Required,No,305
Arunachal Pradesh,Upper Siang,National Highway,443.59,203.1,942,580294808.0,789.04,No,No,Pending,Not Required,No,249
West Bengal,Kalimpong,Irrigation/Dam,437.1,256.16,3963,1541897096.0,544.95,No,No,Obtained,Not Required,No,69
Jharkhand,Ranchi,Industrial Corridor,222.81,31.46,1908,5664320046.0,2541.28,Yes,Yes,Pending,Obtained,No,1520
Arunachal Pradesh,East Siang,Port Development,654.6,366.9,6954,29509340839.0,13608.21,Yes,Yes,Pending,Obtained,No,1105
Uttar Pradesh,Lakhimpur - Kheri,Power Plant,394.9,217.06,5465,24518985258.0,25190.97,No,No,Pending,Not Required,Yes,282
Bihar,Patna,Railway Line,9.85,1.03,92,182463071.0,85.8,No,No,Obtained,Not Required,Yes,852
Tamil Nadu,Karur,Port Development,398.36,19.45,2592,8371021204.0,2720.32,Yes,Yes,Obtained,Obtained,Yes,2057
Goa,North Goa,National Highway,623.16,291.51,6315,38866817697.9,6012.19,Yes,Yes,Under Review,Obtained,No,1482
Haryana,Sirsa,SEZ,424.31,149.51,8716,165724945675.0,23289.22,No,No,Pending,Under Review,Yes,987
Telangana,Komaram Bheem Asifabad,Railway Line,65.74,46.95,10605,194824936837.7,21448.62,No,No,Obtained,Pending,No,666
Arunachal Pradesh,West Siang,Urban Infrastructure,177.19,79.27,9742,449575725415.4,36847.26,Yes,Yes,Pending,Not Required,Yes,2142
Goa,North Goa,Port Development,27.2,9.42,2077,68603365330.4,11223.2,No,No,Under Review,Pending,No,483
Manipur,Thoubal,Mining Project,89.42,27.68,9046,308060736592.6,27752.07,Yes,Yes,Obtained,Under Review,No,1524
Lakshadweep (UT),Bithra,State Highway,39.51,19.58,8805,248029051151.4,21448.14,No,No,Pending,Obtained,No,701
Sikkim,East Sikkim,SEZ,645.33,318.39,2743,134827517273.1,17402.66,No,No,Obtained,Obtained,Yes,781
Bihar,Supaul,State Highway,20.42,8.32,4463,59275340110.1,8517.89,No,No,Obtained,Pending,No,896
Rajasthan,Jaisalmer,Mining Project,570.57,87.67,11241,16293236508.7,1498.02,No,No,Not Required,Obtained,Yes,634
West Bengal,Kalimpong,Urban Infrastructure,301.87,148.71,247,190671726763.0,15215.45,Yes,No,Pending,Pending,No,1997
Telangana,Rajanna Sircilla,Railway Line,553.93,177.65,2435,363256831460.1,31849.21,Yes,Yes,Pending,Pending,Yes,2200
Manipur,Kamjong,State Highway,561.28,360.71,4549,412706325873.1,33720.58,No,No,Under Review,Pending,Yes,1190
Uttarakhand,Dehradun,Power Plant,570.5,123.27,9542,61427040717.7,6877.38,Yes,Yes,Obtained,Pending,Yes,1830
Madhya Pradesh,Raisen,National Highway,634.95,255.15,7072,141910615288.6,18766.42,Yes,Yes,Obtained,Pending,Yes,1998
Chhattisgarh,Balod,Industrial Corridor,461.39,339.69,9381,102246061887.5,11259.61,Yes,Yes,Obtained,Pending,No,2135
Delhi (NCT),Shahdara,Mining Project,213.25,54.74,834,228851789953.8,32264.59,Yes,Yes,Obtained,Pending,Yes,2200
Karnataka,Chikballapur,State Highway,278.64,87.19,5969,138431596580.6,22016.82,No,No,Obtained,Pending,Yes,1011
Daman and Diu (UT),Diu,Industrial Corridor,226.8,164.58,5272,21386751881.0,3334.67,No,No,Pending,Under Review,No,863
West Bengal,Nadia,State Highway,357.4,37.5,8982,47102188477.5,7086.25,No,No,Obtained,Not Required,Yes,577
Jharkhand,Latehar,Industrial Corridor,512.85,211.13,9712,196691305013.8,16612.0,No,No,Obtained,Obtained,Yes,517
Gujarat,Dahod,SEZ,610.42,375.31,9877,63116813908.8,6664.35,No,No,Pending,Obtained,Yes,1002
Uttarakhand,Bageshwar,Mining Project,35.68,16.41,901,199502704184.4,21910.47,No,No,Pending,Not Required,Yes,696
Bihar,Madhubani,Mining Project,45.39,21.91,11016,23928378098.7,2798.05,Yes,No,Under Review,Obtained,Yes,1417
Jharkhand,East Singhbhum,SEZ,345.31,154.69,2836,350088737003.4,37640.14,No,No,Obtained,Not Required,No,326
Bihar,Saran,Railway Line,200.82,63.14,8837,268991123202.3,31422.74,Yes,Yes,Obtained,Not Required,Yes,1632
Rajasthan,Bikaner,Power Plant,539.56,311.14,11464,205236003250.3,29711.12,Yes,Yes,Not Required,Obtained,No,1266
Telangana,Medchal,Irrigation/Dam,71.76,44.87,2731,57166216596.0,5656.32,No,No,Under Review,Not Required,Yes,743
Nagaland,Phek,Urban Infrastructure,564.97,126.61,4318,5170045907.6,530.3,No,No,Pending,Under Review,Yes,928
Tripura,West Tripura,Industrial Corridor,48.85,34.06,11053,30216979503.5,2896.89,Yes,Yes,Pending,Pending,Yes,2200
Rajasthan,Udaipur,Industrial Corridor,231.36,42.03,3769,143950039551.2,13492.05,No,No,Not Required,Pending,Yes,896
Tamil Nadu,Viluppuram,Industrial Corridor,493.46,169.14,2921,347008220790.6,33325.47,No,No,Under Review,Pending,No,785
Jharkhand,Jamtara,Port Development,380.58,129.54,434,4081697682.7,618.17,Yes,Yes,Under Review,Not Required,Yes,1779
Punjab,Nawanshahr (Shahid Bhagat Singh Nagar),Port Development,759.16,360.09,5615,402484023583.6,33384.56,No,No,Obtained,Pending,Yes,1271
Gujarat,Mehsana,Port Development,119.53,8.38,1302,274643445786.3,23609.73,No,Yes,Obtained,Pending,Yes,1716
Chhattisgarh,Surajpur  ,Airport,423.41,227.94,4942,76104738497.4,5674.08,No,No,Pending,Not Required,Yes,1147
Uttarakhand,Almora,Urban Infrastructure,559.18,98.44,11189,173911263788.8,13200.79,No,No,Obtained,Obtained,Yes,446
Delhi (NCT),North West  Delhi,Urban Infrastructure,109.1,40.64,2443,238955099355.0,33990.83,No,No,Obtained,Pending,No,876
West Bengal,Birbhum,Power Plant,643.84,369.42,1326,385762487549.2,37479.14,Yes,Yes,Under Review,Pending,No,1624
Tamil Nadu,Tiruvannamalai,Urban Infrastructure,430.44,94.58,8202,209187049975.8,28047.66,No,No,Obtained,Pending,Yes,874
Mizoram,Lunglei,Railway Line,403.78,44.76,4256,293201779330.8,28025.57,No,No,Obtained,Obtained,No,320
Nagaland,Dimapur,Railway Line,200.04,24.25,1783,138110064384.6,13947.02,Yes,No,Under Review,Obtained,No,664
Chhattisgarh,Surguja,Mining Project,464.28,321.36,6016,250500378919.1,31067.03,No,No,Not Required,Pending,Yes,1037
Odisha,Bhadrak,Power Plant,204.08,26.61,6283,195583215899.3,29198.84,No,No,Obtained,Pending,Yes,1009
Andhra Pradesh,Prakasam,Mining Project,83.54,12.3,10618,311247747818.0,28912.64,No,No,Obtained,Not Required,No,311
Manipur,Kakching,State Highway,66.87,38.03,11207,23558245842.9,1922.79,Yes,Yes,Under Review,Under Review,Yes,1877
Jharkhand,Giridih,Irrigation/Dam,367.52,202.01,6993,148333100660.0,17635.56,Yes,Yes,Obtained,Not Required,Yes,1649
Telangana,Peddapalli,Irrigation/Dam,556.1,92.71,5792,242325257608.6,23600.76,Yes,Yes,Obtained,Obtained,Yes,1590
Mizoram,Serchhip,National Highway,603.62,73.67,6078,54827791210.2,4292.94,No,No,Under Review,Obtained,Yes,558
Jammu and Kashmir,Kupwara,State Highway,556.28,239.15,10076,287648598386.3,22803.21,Yes,Yes,Obtained,Pending,Yes,2200
Tamil Nadu,Virudhunagar,Port Development,29.13,19.24,3581,53051047603.1,3973.86,Yes,No,Pending,Under Review,Yes,1711
Karnataka,Kodagu,Industrial Corridor,783.18,499.06,9447,275652125685.6,31840.9,No,No,Pending,Obtained,No,825
Jharkhand,Deoghar,Urban Infrastructure,285.15,83.51,8659,373410316605.8,34909.43,No,No,Obtained,Pending,Yes,1011
Delhi (NCT),South East Delhi,Industrial Corridor,416.84,305.49,3482,53426619241.4,5734.32,No,No,Pending,Pending,Yes,1725
Goa,South Goa,Irrigation/Dam,473.21,121.06,5540,176168142539.1,17279.65,No,No,Pending,Obtained,Yes,990
Mizoram,Lunglei,Mining Project,333.81,22.62,7693,413019014157.2,31928.0,No,No,Obtained,Obtained,Yes,500
Daman and Diu (UT),Diu,Irrigation/Dam,92.56,20.38,9553,411247795137.9,32530.9,No,No,Obtained,Obtained,No,239
Telangana,Yadadri Bhuvanagiri,Airport,676.54,91.97,9156,208019509987.0,22197.28,Yes,Yes,Obtained,Obtained,Yes,1788
Kerala,Idukki,Mining Project,686.63,139.84,11143,205017009792.1,29652.86,No,No,Pending,Obtained,Yes,635
Jharkhand,Sahibganj,Railway Line,123.7,78.48,2101,67518574645.9,5113.27,Yes,Yes,Under Review,Pending,No,1640
Puducherry (UT),Karaikal,SEZ,124.21,29.14,695,222961190004.1,27849.8,No,No,Pending,Under Review,Yes,740
Karnataka,Shivamogga (Shimoga),Industrial Corridor,485.46,107.65,8390,302262193001.2,31825.29,Yes,Yes,Pending,Not Required,Yes,2130
Maharashtra,Washim,Power Plant,55.11,21.9,6172,155350109371.8,12767.84,No,No,Pending,Pending,Yes,1489
Kerala,Thrissur,Mining Project,95.41,25.78,4140,450466778859.4,36563.54,Yes,Yes,Obtained,Not Required,No,1642
Jharkhand,Giridih,Railway Line,519.4,277.99,8730,226596124623.0,35879.85,Yes,Yes,Obtained,Pending,No,1812
Madhya Pradesh,Dindori,Mining Project,596.15,52.71,3092,154025225515.2,12193.91,No,No,Obtained,Obtained,Yes,555
Lakshadweep (UT),Kalpeni,Airport,65.98,17.86,6690,231572658081.6,20505.42,Yes,Yes,Obtained,Under Review,Yes,1914
Bihar,Siwan,State Highway,69.62,3.94,2082,150863234109.9,15333.18,No,No,Not Required,Under Review,Yes,569
Assam,Kamrup,Irrigation/Dam,239.05,61.54,4438,10414397742.2,1695.33,Yes,Yes,Obtained,Pending,Yes,1868
Bihar,East Champaran (Motihari),Railway Line,594.82,56.8,7877,249877271484.0,31853.6,Yes,No,Obtained,Obtained,Yes,1541
Puducherry (UT),Karaikal,Railway Line,738.65,551.35,9838,100843701042.2,9962.84,No,No,Under Review,Pending,No,861
Punjab,Moga,Mining Project,371.8,120.4,10924,65662931262.3,5008.62,Yes,Yes,Under Review,Pending,Yes,2200
Tamil Nadu,Dharmapuri,Industrial Corridor,186.74,98.65,4086,244603696610.0,37676.92,Yes,Yes,Not Required,Pending,No,2188
Sikkim,North Sikkim,National Highway,691.49,377.45,412,122933555019.1,9146.35,No,No,Obtained,Not Required,No,353
Mizoram,Saiha,National Highway,193.33,132.64,10371,393647007695.6,31100.95,No,No,Pending,Not Required,No,1022
Nagaland,Phek,Airport,437.19,316.57,1485,323977048149.3,24076.37,No,No,Pending,Obtained,Yes,939
Tamil Nadu,Erode,Power Plant,520.11,242.41,10749,6373663723.3,1031.84,No,No,Under Review,Pending,Yes,701
Himachal Pradesh,Hamirpur,National Highway,187.2,20.16,3205,203882250513.8,24905.98,Yes,No,Obtained,Not Required,Yes,1558
Himachal Pradesh,Kangra,State Highway,39.28,19.88,10051,321549396014.1,32859.18,Yes,No,Under Review,Under Review,No,1129
Chhattisgarh,Narayanpur,Power Plant,636.3,246.29,10495,247318608396.0,22776.6,No,No,Obtained,Obtained,No,277
Chhattisgarh,Bastar,National Highway,782.79,121.1,8515,237258974364.4,25889.31,Yes,Yes,Pending,Under Review,No,1538
West Bengal,Purulia,Railway Line,460.31,28.93,2770,129529928003.1,21310.69,No,No,Obtained,Obtained,Yes,599
Andhra Pradesh,YSR Kadapa,Airport,171.67,91.88,3091,18872377508.1,1660.85,Yes,No,Under Review,Pending,No,1600
Sikkim,East Sikkim,Power Plant,279.77,173.56,10296,262112606124.3,25145.08,No,No,Pending,Obtained,Yes,743
Jharkhand,Hazaribag,State Highway,185.99,136.35,3477,367289073896.6,28308.18,No,No,Obtained,Pending,Yes,1290
Mizoram,Lunglei,State Highway,187.04,64.13,402,236247106501.5,31953.15,Yes,Yes,Under Review,Pending,No,1964
Tripura,North Tripura,Power Plant,37.93,12.4,10867,280863927591.6,22753.72,Yes,Yes,Obtained,Obtained,Yes,1509
Kerala,Kollam,SEZ,200.28,146.2,424,103236156941.2,15753.88,No,No,Pending,Pending,No,1416
Andhra Pradesh,Visakhapatnam,Industrial Corridor,22.04,10.18,4605,69619869347.3,5060.11,No,No,Obtained,Obtained,Yes,579
Odisha,Jharsuguda,National Highway,754.9,171.19,7079,40609678268.6,6452.77,Yes,Yes,Pending,Under Review,No,1904
Odisha,Kendrapara,Port Development,110.25,40.41,5228,121522506189.7,12082.32,No,No,Not Required,Obtained,No,237
Meghalaya,South West Garo Hills ,National Highway,396.3,204.81,6344,10460811262.5,1236.0,Yes,Yes,Pending,Not Required,Yes,1978
Lakshadweep (UT),Amini,SEZ,28.66,6.33,7755,348973766768.8,33031.5,No,No,Pending,Pending,Yes,1390
Sikkim,East Sikkim,Mining Project,486.86,132.76,11474,201256216903.8,15521.81,Yes,Yes,Under Review,Under Review,Yes,1520
Uttar Pradesh,Kushinagar (Padrauna),Irrigation/Dam,246.56,124.35,2822,110769061305.3,12401.8,No,No,Obtained,Pending,Yes,1230
Punjab,Sahibzada Ajit Singh Nagar (Mohali),Mining Project,376.53,118.93,6521,194438872822.0,19773.2,No,No,Obtained,Obtained,Yes,594
Puducherry (UT),Yanam,Mining Project,573.08,237.75,8262,45574921953.7,7519.99,No,No,Obtained,Not Required,Yes,555
Maharashtra,Dhule,Power Plant,215.29,53.7,3660,362439158346.5,35332.06,No,No,Obtained,Not Required,No,327
Telangana,Jagtial,SEZ,638.83,114.48,7152,43741510330.2,4150.64,No,No,Pending,Under Review,Yes,859
Delhi (NCT),South West  Delhi,Industrial Corridor,704.68,147.74,4666,182042466021.2,24606.36,No,No,Under Review,Pending,Yes,845
Mizoram,Aizawl,Mining Project,612.99,94.89,9704,164012124591.2,22332.46,Yes,Yes,Obtained,Obtained,Yes,1619
Telangana,Komaram Bheem Asifabad,Mining Project,330.37,115.54,6652,264703065053.9,37668.6,No,No,Pending,Obtained,Yes,848
Daman and Diu (UT),Daman,Urban Infrastructure,291.9,28.78,6754,359189103184.5,31627.61,No,No,Obtained,Pending,No,890
Assam,Baksa,Urban Infrastructure,55.82,17.58,10903,251592016247.8,21239.99,No,No,Not Required,Obtained,No,293
Kerala,Idukki,Airport,604.81,177.39,10173,365396982693.5,37288.86,No,No,Obtained,Under Review,No,253
Haryana,Charkhi Dadri,Urban Infrastructure,215.5,129.63,4945,62290479651.5,4940.34,Yes,Yes,Obtained,Obtained,Yes,2200
Assam,Nagaon,Airport,750.06,496.04,8503,348600712252.8,34944.96,Yes,Yes,Obtained,Not Required,Yes,2200
Nagaland,Phek,Airport,252.65,26.94,7892,77178652329.2,6676.58,No,No,Pending,Under Review,Yes,1108
Punjab,Amritsar,Urban Infrastructure,661.88,180.21,2580,109065982801.7,15209.33,No,Yes,Obtained,Not Required,Yes,904
Bihar,Gaya,Power Plant,357.82,44.36,2769,90807516256.0,8287.85,Yes,No,Obtained,Under Review,Yes,1535
Meghalaya,South West Garo Hills ,Railway Line,350.66,59.42,5498,241777388934.5,29764.18,No,No,Pending,Pending,Yes,1547
Telangana,Suryapet,Airport,587.22,345.59,4531,48343338938.5,5171.16,Yes,Yes,Pending,Obtained,No,2048
Tripura,South Tripura,Port Development,100.59,43.61,4848,154636102073.9,19024.75,No,No,Obtained,Pending,No,512
Bihar,Muzaffarpur,Railway Line,94.68,48.39,8666,248734543557.9,26180.31,No,No,Obtained,Not Required,Yes,977
Madhya Pradesh,Chhatarpur,Port Development,66.99,27.66,7133,223266680028.2,19513.21,No,No,Obtained,Obtained,Yes,618
Meghalaya,West Khasi Hills,Power Plant,287.77,170.43,5560,263461708189.2,29807.64,No,No,Under Review,Obtained,Yes,913
Madhya Pradesh,Neemuch,Railway Line,312.91,60.7,1877,285521095396.9,23408.99,No,No,Obtained,Not Required,No,251
Bihar,West Champaran,Mining Project,114.91,32.95,9177,154024338431.5,22784.35,No,No,Obtained,Obtained,Yes,534
Tripura,Sepahijala,Airport,700.83,161.82,11232,116308797430.0,9659.93,No,No,Under Review,Under Review,No,266
Jharkhand,Hazaribag,Mining Project,99.2,52.55,6629,239675841878.0,31094.06,No,No,Under Review,Pending,Yes,1009
Goa,South Goa,Airport,465.19,308.88,3350,59770588744.6,6166.71,No,No,Under Review,Not Required,Yes,675
Jammu and Kashmir,Ramban,Mining Project,292.2,174.93,2597,255248247360.3,19965.63,Yes,Yes,Obtained,Under Review,No,1466
Arunachal Pradesh,Namsai,Power Plant,578.22,387.6,276,60178519844.3,5323.49,No,Yes,Obtained,Obtained,Yes,959
Punjab,Faridkot,Irrigation/Dam,96.23,20.0,6693,231165082111.4,21349.02,Yes,Yes,Obtained,Under Review,Yes,1613
Kerala,Kozhikode,Urban Infrastructure,178.68,112.14,10308,120499443040.6,16783.54,No,No,Obtained,Obtained,Yes,649
West Bengal,Hooghly,Power Plant,402.01,70.26,8640,198857557254.6,15635.4,No,No,Pending,Obtained,Yes,1016
Nagaland,Wokha,National Highway,248.01,175.71,1499,253003834357.2,32418.39,No,No,Pending,Pending,No,1008
Karnataka,Dakshina Kannada,Railway Line,20.48,1.85,735,164516708053.8,23227.53,Yes,Yes,Not Required,Obtained,Yes,1658
Mizoram,Saiha,Urban Infrastructure,349.53,224.17,631,25517529945.2,2577.38,No,No,Obtained,Pending,Yes,1084
Tripura,Dhalai,Power Plant,114.83,76.65,1499,387211022371.9,31476.21,No,No,Not Required,Obtained,No,542
Haryana,Sonipat,Railway Line,157.75,10.32,7925,106981121567.5,15941.82,Yes,Yes,Not Required,Obtained,Yes,1701
Chandigarh (UT),Chandigarh,Urban Infrastructure,191.39,123.03,1587,195325868144.2,25272.72,No,No,Pending,Under Review,Yes,1003
Tripura,West Tripura,Power Plant,439.98,255.58,5824,102423068517.3,7865.0,Yes,Yes,Obtained,Pending,No,2144
Daman and Diu (UT),Diu,Power Plant,637.71,197.92,10056,282674726183.0,31257.71,Yes,Yes,Obtained,Pending,Yes,1630
Himachal Pradesh,Una,Mining Project,138.2,74.23,2872,207932827630.9,23350.63,Yes,No,Pending,Pending,Yes,2200
Uttar Pradesh,Ambedkar Nagar,Airport,769.36,263.45,10152,55941868337.5,4740.24,No,No,Not Required,Pending,Yes,878
Arunachal Pradesh,West Siang,SEZ,76.94,43.24,314,321588459380.6,31142.51,Yes,Yes,Pending,Under Review,Yes,2200
Haryana,Panchkula,Power Plant,721.18,409.46,5483,221567744852.2,23362.16,No,No,Under Review,Under Review,Yes,792
Chandigarh (UT),Chandigarh,Mining Project,260.64,13.73,9312,86427330682.3,6728.01,No,No,Obtained,Pending,No,763
Haryana,Panchkula,Railway Line,252.08,127.86,6165,401680149691.2,33118.65,Yes,Yes,Obtained,Not Required,No,1448
Madhya Pradesh,Chhindwara,National Highway,344.59,27.37,7049,15513879336.5,1129.93,No,No,Not Required,Under Review,No,270
Telangana,Medchal,Railway Line,252.71,159.35,1581,232000337485.1,24169.88,No,Yes,Obtained,Obtained,Yes,1090
Punjab,Nawanshahr (Shahid Bhagat Singh Nagar),Power Plant,65.3,43.36,7854,296706252365.9,22583.1,No,No,Under Review,Obtained,Yes,738
Odisha,Sambalpur,State Highway,395.93,224.21,7418,392549203224.4,34574.86,Yes,Yes,Pending,Pending,Yes,2200
Lakshadweep (UT),Minicoy,Urban Infrastructure,488.53,240.32,3790,277765723256.0,24341.05,No,No,Under Review,Not Required,Yes,727
Puducherry (UT),Yanam,Urban Infrastructure,710.35,36.97,6766,114621158277.1,18007.5,No,No,Not Required,Obtained,Yes,663
Bihar,Sitamarhi,Urban Infrastructure,681.23,57.66,1209,10239610707.7,1491.74,No,No,Pending,Pending,Yes,1465
West Bengal,Nadia,Industrial Corridor,284.27,115.18,3162,13962618117.8,1224.43,No,No,Not Required,Obtained,Yes,470
Rajasthan,Sawai Madhopur,Port Development,657.56,472.48,3371,354069979465.0,27440.81,No,No,Under Review,Obtained,No,522
Tamil Nadu,Ramanathapuram,State Highway,480.13,208.72,3858,132134476504.3,15420.69,Yes,Yes,Pending,Pending,No,1883
Sikkim,West Sikkim,Power Plant,512.54,291.47,1678,26893674527.8,2618.22,No,No,Obtained,Pending,Yes,1175
Jharkhand,West Singhbhum,Industrial Corridor,555.14,194.83,2708,31450980282.6,3041.6,Yes,Yes,Obtained,Obtained,Yes,1236
Tripura,Khowai,National Highway,483.84,263.17,4050,202154666519.0,20028.3,No,No,Obtained,Under Review,No,507
Tamil Nadu,Coimbatore,National Highway,315.98,190.92,11170,279430116418.8,25762.87,No,No,Not Required,Pending,No,1186
Assam,Lakhimpur,Power Plant,92.46,18.14,4508,107781169414.9,14804.7,No,No,Pending,Obtained,No,561
Puducherry (UT),Yanam,Power Plant,790.99,341.52,9038,150998398010.2,11030.57,No,No,Obtained,Pending,Yes,1250
Puducherry (UT),Mahe,State Highway,250.82,58.07,7780,68553762775.2,6814.78,Yes,Yes,Under Review,Pending,Yes,2200
West Bengal,Cooch Behar,Mining Project,501.26,224.85,6955,208366260216.4,17588.78,No,No,Under Review,Not Required,Yes,613
Uttar Pradesh,Kannauj,Urban Infrastructure,116.91,70.54,525,26193019823.1,2288.39,No,No,Not Required,Pending,Yes,1412
Uttar Pradesh,Gautam Buddha Nagar,Irrigation/Dam,359.15,170.25,2858,163272797261.4,13829.96,Yes,Yes,Obtained,Pending,Yes,2014
West Bengal,Dakshin Dinajpur (South Dinajpur),Port Development,247.78,54.08,7792,321948162523.0,33583.31,No,No,Not Required,Obtained,Yes,657
Assam,Baksa,SEZ,119.86,31.11,2049,270161396721.5,31170.34,Yes,Yes,Under Review,Not Required,Yes,1458
Assam,Biswanath,Power Plant,665.63,378.3,5718,4247825275.1,314.73,Yes,Yes,Under Review,Under Review,Yes,2145
Uttar Pradesh,Shahjahanpur,Irrigation/Dam,101.58,62.55,10257,38750993837.8,2840.79,No,No,Obtained,Pending,No,928
Lakshadweep (UT),Kavaratti,Irrigation/Dam,245.33,52.17,10584,127683078294.0,15309.5,No,No,Obtained,Pending,No,460
Maharashtra,Pune,Railway Line,110.88,74.52,7240,317425691238.4,32956.78,Yes,Yes,Pending,Pending,Yes,2200
Puducherry (UT),Yanam,Airport,138.73,92.59,7977,154175908752.4,23960.24,Yes,Yes,Obtained,Pending,Yes,2200
Nagaland,Dimapur,Railway Line,79.52,55.79,4778,112266689732.2,13752.87,Yes,Yes,Under Review,Not Required,Yes,2181
Jammu and Kashmir,Rajouri,Irrigation/Dam,542.16,79.9,3846,307349402650.7,27124.45,Yes,Yes,Not Required,Under Review,Yes,1716
Sikkim,South Sikkim,Railway Line,386.25,49.32,7985,126082014118.1,14074.0,No,No,Obtained,Under Review,No,183
Manipur,Noney,National Highway,584.79,294.38,11413,280121859288.2,25789.12,No,No,Under Review,Obtained,No,393
Karnataka,Chikkamagaluru (Chikmagalur),Industrial Corridor,239.18,73.54,7530,383658678368.0,31303.43,No,No,Obtained,Not Required,No,339
Punjab,Sahibzada Ajit Singh Nagar (Mohali),State Highway,399.43,133.01,2114,280113536844.2,34439.9,Yes,Yes,Obtained,Obtained,No,1400
West Bengal,Nadia,SEZ,683.56,309.48,5868,130549412621.5,14599.79,No,No,Obtained,Obtained,No,222
Rajasthan,Sawai Madhopur,National Highway,532.15,230.88,7445,199300404315.3,32203.61,Yes,Yes,Under Review,Pending,Yes,2012
Bihar,Katihar,Airport,538.88,246.56,5273,440037519510.8,35829.25,Yes,Yes,Not Required,Obtained,Yes,1354
Mizoram,Lunglei,State Highway,129.63,80.08,5152,70321644200.0,6311.09,Yes,Yes,Obtained,Under Review,Yes,1504
Jammu and Kashmir,Jammu,SEZ,545.1,56.35,2695,300211387023.4,28936.38,No,No,Pending,Under Review,Yes,1059
Bihar,Siwan,National Highway,320.65,163.97,10132,175658446441.2,18983.14,Yes,Yes,Obtained,Pending,No,1875
Chandigarh (UT),Chandigarh,Port Development,763.91,317.04,6643,335993255143.2,36751.3,Yes,Yes,Obtained,Obtained,Yes,1481
Goa,South Goa,Railway Line,666.62,399.37,8205,275616990319.7,35202.76,No,No,Obtained,Under Review,No,397
Goa,North Goa,SEZ,718.08,113.22,3368,487417309901.5,34950.23,No,No,Obtained,Obtained,No,348
Lakshadweep (UT),Agatti,Port Development,629.29,142.03,10245,203734319744.3,21848.58,Yes,Yes,Under Review,Not Required,Yes,1370
Delhi (NCT),South East Delhi,Irrigation/Dam,235.33,168.34,7473,177143146329.2,16647.68,No,No,Obtained,Obtained,No,522
Gujarat,Morbi,Power Plant,657.07,441.7,10917,63125930504.9,7849.07,No,No,Obtained,Pending,Yes,1378
Jammu and Kashmir,Srinagar,Power Plant,556.02,327.93,3125,76032146164.4,5845.45,No,No,Obtained,Obtained,Yes,754
Nagaland,Dimapur,Railway Line,774.0,161.21,3206,91134983777.1,11619.42,No,No,Not Required,Obtained,No,303
Kerala,Alappuzha,Railway Line,212.19,50.93,7402,187114076688.8,14158.66,Yes,Yes,Under Review,Obtained,Yes,1376
West Bengal,Alipurduar,SEZ,390.86,118.51,5729,132848108315.1,11339.62,Yes,No,Pending,Pending,Yes,2034
Nagaland,Wokha,Airport,112.6,72.66,3714,8144112813.5,1269.51,No,No,Pending,Obtained,Yes,1069
Karnataka,Mandya,State Highway,391.35,158.37,1201,211182358007.6,34459.09,Yes,No,Under Review,Pending,No,1437
Gujarat,Bharuch,Urban Infrastructure,107.42,77.67,8175,193057626216.4,21047.6,No,No,Obtained,Obtained,Yes,720
Madhya Pradesh,Katni,Irrigation/Dam,744.53,480.58,11304,209993701755.4,34440.7,Yes,No,Pending,Obtained,Yes,1358
Punjab,Moga,Urban Infrastructure,207.76,62.14,99,189499951990.3,16501.86,No,No,Not Required,Pending,No,715
Puducherry (UT),Mahe,Urban Infrastructure,483.86,359.63,5961,99975066334.4,10572.49,Yes,No,Pending,Obtained,No,1784
Lakshadweep (UT),Minicoy,Railway Line,174.46,72.19,7212,233573667929.1,23047.79,Yes,Yes,Pending,Pending,Yes,2163
Odisha,Jagatsinghapur,State Highway,501.45,252.71,2899,240590839938.2,26773.73,No,No,Pending,Pending,Yes,1562
Mizoram,Serchhip,National Highway,589.5,393.84,1321,259690137258.6,22369.5,Yes,Yes,Obtained,Pending,Yes,2200
Tripura,Sepahijala,Urban Infrastructure,94.48,5.27,2151,163939969060.9,12494.99,No,No,Under Review,Under Review,Yes,715
Odisha,Angul,Irrigation/Dam,525.12,327.08,1184,171675397726.8,28097.61,No,No,Obtained,Obtained,Yes,719
Tamil Nadu,Thanjavur,Airport,669.02,410.49,4420,155439539425.3,18803.69,Yes,Yes,Pending,Obtained,No,2111
Sikkim,North Sikkim,Urban Infrastructure,685.66,51.09,3308,191243631714.7,17319.69,No,No,Obtained,Pending,No,871
Tamil Nadu,Nilgiris,Urban Infrastructure,627.38,294.36,6965,208094415559.1,22469.82,No,No,Obtained,Under Review,Yes,568
Haryana,Palwal,Industrial Corridor,628.49,446.08,291,419386767736.6,33516.07,Yes,No,Obtained,Obtained,Yes,1631
Chhattisgarh,Dhamtari,Airport,183.53,113.15,9813,216264241692.7,24061.01,No,No,Obtained,Not Required,Yes,611
Gujarat,Rajkot,Airport,668.57,435.33,7018,5039018136.8,602.21,No,No,Under Review,Obtained,Yes,887
Andhra Pradesh,East Godavari,Urban Infrastructure,630.76,162.58,4434,122792649015.5,13184.22,Yes,Yes,Obtained,Pending,Yes,1910
Maharashtra,Palghar,Irrigation/Dam,495.71,218.02,3410,168922561909.8,16356.99,Yes,Yes,Obtained,Pending,Yes,1967
Goa,North Goa,Irrigation/Dam,554.82,107.84,9590,332486896605.6,29085.96,Yes,Yes,Under Review,Pending,No,2178
Jharkhand,Garhwa,Irrigation/Dam,602.06,226.1,9863,316797432751.5,32062.06,No,No,Pending,Obtained,No,564
Kerala,Idukki,Irrigation/Dam,27.1,6.68,8435,34347509604.0,2638.3,No,No,Not Required,Obtained,No,306
Bihar,Saharsa,Urban Infrastructure,353.11,264.14,684,16496165286.8,1723.54,No,No,Pending,Under Review,Yes,1081
Kerala,Pathanamthitta,Port Development,306.13,150.74,1555,305278912179.3,29389.48,No,No,Pending,Under Review,No,704
Maharashtra,Wardha,National Highway,147.51,27.51,8461,108384453669.9,14909.62,No,No,Obtained,Under Review,No,262
Rajasthan,Baran,National Highway,226.34,43.36,5994,71425689534.8,9252.87,No,No,Pending,Obtained,Yes,983
Tripura,North Tripura,Urban Infrastructure,430.94,213.63,6254,101127420644.5,12399.0,No,No,Obtained,Pending,Yes,1191
Sikkim,South Sikkim,Port Development,376.91,88.5,4550,425355292086.3,33772.79,No,No,Under Review,Pending,Yes,985
Andhra Pradesh,Prakasam,National Highway,648.92,353.52,5719,51730704438.4,3697.39,No,No,Under Review,Under Review,No,511
Bihar,Muzaffarpur,State Highway,32.49,9.82,4644,94624388751.6,15487.85,No,No,Obtained,Obtained,No,290
Himachal Pradesh,Kinnaur,State Highway,746.96,254.24,11438,237919518672.5,22344.89,Yes,Yes,Obtained,Under Review,Yes,1471
Sikkim,North Sikkim,National Highway,381.04,137.23,5282,237648077788.5,17578.23,No,No,Under Review,Obtained,No,365
Uttar Pradesh,Allahabad,Industrial Corridor,57.42,28.77,2954,202460956749.5,24683.42,No,No,Pending,Obtained,No,889
Daman and Diu (UT),Daman,National Highway,560.72,357.02,1191,346493765314.3,26088.05,No,No,Under Review,Pending,No,1072
Uttar Pradesh,Kaushambi,Irrigation/Dam,478.38,259.21,7179,35875359147.8,3305.03,Yes,Yes,Pending,Obtained,No,1818
Meghalaya,Ri Bhoi,Railway Line,377.71,242.93,3855,43450832196.6,4948.81,No,No,Pending,Not Required,Yes,951
Chandigarh (UT),Chandigarh,National Highway,380.9,90.65,6678,280182156761.1,20182.5,No,Yes,Obtained,Obtained,No,906
Mizoram,Champhai,Port Development,290.88,76.13,4181,100752962889.9,8078.21,No,No,Under Review,Obtained,Yes,479
Sikkim,East Sikkim,Industrial Corridor,388.23,231.54,3249,61121937909.2,5560.59,No,No,Obtained,Pending,Yes,1281
Manipur,Noney,Railway Line,462.94,239.36,8130,278969347640.5,32777.49,No,No,Not Required,Not Required,Yes,963
Maharashtra,Chandrapur,Airport,106.27,64.8,11201,120784556849.1,12540.03,Yes,No,Obtained,Not Required,Yes,1489
Arunachal Pradesh,Lower Dibang Valley,Irrigation/Dam,305.3,156.67,3312,162634162097.6,21736.25,No,No,Obtained,Under Review,Yes,747
Tripura,Dhalai,SEZ,301.56,33.45,9068,397365907944.3,32130.08,No,No,Obtained,Obtained,No,307
Arunachal Pradesh,Upper Subansiri,SEZ,633.22,309.73,11006,72253006075.1,8894.91,No,No,Obtained,Not Required,No,238
Lakshadweep (UT),Kalpeni,National Highway,475.16,25.9,8397,209305429475.6,28925.82,No,No,Pending,Not Required,No,763
Haryana,Palwal,Airport,519.35,108.4,192,348848132675.2,34611.96,No,Yes,Pending,Pending,No,1556
Uttarakhand,Dehradun,Port Development,618.24,426.88,11193,79433884794.0,10751.79,No,No,Obtained,Under Review,Yes,769
Puducherry (UT),Yanam,Urban Infrastructure,66.61,4.22,241,110148771965.9,16439.16,No,No,Obtained,Obtained,Yes,584
Nagaland,Phek,Irrigation/Dam,262.69,169.09,11432,229414759053.5,22825.88,No,No,Obtained,Pending,No,1110
Sikkim,North Sikkim,SEZ,282.84,179.38,10736,505694311553.9,37425.65,No,No,Obtained,Under Review,Yes,726
Assam,Charaideo,Irrigation/Dam,382.35,196.28,9547,201668887244.6,24640.87,No,No,Obtained,Not Required,No,587
Lakshadweep (UT),Kalpeni,Mining Project,682.78,204.66,7349,138295013668.0,11995.98,No,No,Obtained,Pending,No,832
Himachal Pradesh,Mandi,Industrial Corridor,470.21,151.92,10359,300194679100.6,34301.45,Yes,Yes,Not Required,Under Review,Yes,1627
Uttar Pradesh,Bijnor,SEZ,464.95,174.26,4588,287583870322.6,37263.54,No,No,Under Review,Obtained,No,342
Lakshadweep (UT),Kavaratti,National Highway,598.57,265.09,7086,431731044244.6,31130.25,No,No,Obtained,Obtained,Yes,436
Delhi (NCT),East Delhi,Industrial Corridor,493.9,112.12,6887,408177782289.2,34124.48,No,No,Under Review,Obtained,Yes,555
West Bengal,Darjeeling,Urban Infrastructure,456.24,81.15,121,386967641991.2,30738.58,No,No,Obtained,Not Required,Yes,616
Lakshadweep (UT),Kalpeni,Industrial Corridor,258.21,58.06,2668,343926157377.4,24977.92,No,No,Obtained,Pending,Yes,912
West Bengal,Cooch Behar,State Highway,195.55,103.04,6315,396739356864.7,31695.11,No,No,Obtained,Obtained,Yes,771
Himachal Pradesh,Shimla,Irrigation/Dam,137.31,86.38,4574,85647806278.5,8441.36,Yes,No,Obtained,Not Required,Yes,1639
Uttarakhand,Nainital,SEZ,260.56,20.88,11022,145110223686.3,15192.83,Yes,Yes,Obtained,Not Required,Yes,1198
Tamil Nadu,Tiruvarur,Irrigation/Dam,442.03,107.0,9467,187674243549.7,21818.3,No,No,Obtained,Not Required,No,280
Maharashtra,Mumbai Suburban,Urban Infrastructure,654.93,234.73,1266,187283762149.4,15268.05,No,No,Obtained,Pending,No,611
Puducherry (UT),Yanam,State Highway,706.95,243.12,2981,194321643609.6,20810.78,No,No,Under Review,Not Required,Yes,500
Jharkhand,Dhanbad,State Highway,484.91,79.58,10388,113850257561.2,9006.28,Yes,Yes,Obtained,Obtained,Yes,1751
Lakshadweep (UT),Agatti,Railway Line,629.15,166.41,6497,236579173902.8,26543.45,No,Yes,Pending,Pending,No,1225
West Bengal,Kalimpong,Port Development,191.34,119.04,6006,26470068769.9,3507.83,No,No,Obtained,Obtained,Yes,818
Goa,North Goa,Power Plant,556.17,243.01,4763,67015129688.3,8005.5,Yes,Yes,Under Review,Obtained,Yes,1211
Puducherry (UT),Yanam,National Highway,515.37,119.5,2631,109454148504.1,12884.09,No,No,Under Review,Under Review,Yes,471
Gujarat,Narmada (Rajpipla),Airport,590.6,178.56,10219,19822088671.8,1424.2,No,No,Pending,Obtained,Yes,1017
Maharashtra,Satara,Industrial Corridor,614.04,217.4,1211,140884158204.8,16301.74,No,No,Obtained,Not Required,No,298
Haryana,Hisar,Airport,27.64,17.22,2704,178374721980.3,17949.01,No,No,Under Review,Under Review,No,388
Lakshadweep (UT),Amini,Irrigation/Dam,87.75,63.59,7412,141416805942.1,12392.08,No,No,Pending,Pending,Yes,1755
Daman and Diu (UT),Daman,Irrigation/Dam,597.72,121.4,1319,54933064340.5,5063.9,Yes,No,Under Review,Obtained,Yes,933
Lakshadweep (UT),Chethlath,SEZ,78.65,18.17,4933,224778391407.6,18394.84,Yes,Yes,Pending,Pending,No,2163
Chhattisgarh,Dantewada (South Bastar),SEZ,441.42,281.57,9993,173693719691.5,13022.33,No,No,Obtained,Pending,No,952
Odisha,Nayagarh,Urban Infrastructure,245.74,12.48,4268,42797322445.9,3195.19,No,No,Obtained,Pending,No,697
Telangana,Medchal,Port Development,663.58,459.78,659,159982128981.6,12162.13,No,No,Obtained,Not Required,Yes,915
Puducherry (UT),Karaikal,National Highway,657.41,446.48,375,280195444710.4,30884.58,Yes,Yes,Obtained,Obtained,Yes,1872
Odisha,Nuapada,State Highway,648.73,180.9,8370,174825801180.8,15362.47,Yes,Yes,Obtained,Pending,Yes,2186
Arunachal Pradesh,Changlang,National Highway,497.95,89.95,6381,246939214016.3,29188.21,No,No,Obtained,Obtained,Yes,663
Puducherry (UT),Mahe,Railway Line,82.11,7.38,6628,230846617804.8,22293.77,No,No,Under Review,Obtained,Yes,695
Sikkim,North Sikkim,State Highway,646.74,296.33,4007,224095691559.1,33968.78,Yes,Yes,Under Review,Under Review,Yes,1641
Bihar,Darbhanga,Urban Infrastructure,251.35,182.63,9340,403546080038.7,35371.35,No,No,Pending,Under Review,Yes,908
Daman and Diu (UT),Diu,State Highway,528.32,395.41,1823,124683031067.8,13544.21,No,No,Obtained,Obtained,No,551
Puducherry (UT),Karaikal,SEZ,584.78,84.65,1242,56225650500.0,6941.64,No,No,Obtained,Obtained,No,179
Arunachal Pradesh,Tirap,Urban Infrastructure,60.68,26.5,7395,351867858433.7,33145.51,No,No,Pending,Obtained,Yes,915
Uttarakhand,Nainital,National Highway,352.56,164.64,3672,429982357457.6,35709.65,No,No,Obtained,Pending,No,551
Telangana,Yadadri Bhuvanagiri,SEZ,785.44,218.34,6583,173649753155.3,27466.3,No,No,Pending,Not Required,No,631
Kerala,Kollam,Railway Line,696.62,41.13,9806,75688826829.7,10724.69,No,No,Obtained,Obtained,Yes,521
Arunachal Pradesh,East Siang,Power Plant,290.42,177.11,1523,347053724923.9,31402.83,Yes,Yes,Obtained,Not Required,Yes,2200
Puducherry (UT),Karaikal,SEZ,236.02,150.12,9131,29900819332.8,3136.01,No,No,Obtained,Obtained,Yes,705
Madhya Pradesh,Datia,Power Plant,20.72,1.41,8072,276691122160.7,19825.03,No,No,Obtained,Not Required,No,204
Karnataka,Raichur,National Highway,474.59,174.65,3490,22264284401.5,3025.41,No,No,Obtained,Obtained,No,201
Bihar,Nawada,Mining Project,539.46,91.12,2276,153421780873.0,12650.45,No,No,Pending,Obtained,No,510
Chhattisgarh,Durg,Airport,321.65,69.43,1191,180096614003.8,23504.35,No,No,Under Review,Pending,No,777
Punjab,Ludhiana,Irrigation/Dam,326.48,109.95,11176,142940572018.7,23305.25,No,No,Obtained,Under Review,Yes,564
Lakshadweep (UT),Amini,Mining Project,523.77,194.71,1416,140137363557.8,21648.13,No,No,Not Required,Obtained,No,269
Haryana,Kurukshetra,Port Development,291.41,76.34,5064,302931066881.7,22423.86,No,No,Pending,Obtained,Yes,939
Odisha,Koraput,Urban Infrastructure,272.84,155.88,8016,75983922305.5,7519.14,No,No,Obtained,Not Required,Yes,558
Nagaland,Longleng,Railway Line,204.21,23.26,9340,301284985230.8,22264.97,No,No,Obtained,Pending,Yes,1297
Karnataka,Chikkamagaluru (Chikmagalur),Railway Line,32.6,21.29,3603,364816988848.5,33855.96,Yes,Yes,Under Review,Not Required,Yes,1807
Nagaland,Peren,National Highway,83.47,14.21,10282,67869426131.5,8210.4,No,No,Obtained,Pending,No,665
Gujarat,Amreli,Industrial Corridor,455.38,234.12,3891,190879315995.7,31029.4,Yes,Yes,Obtained,Pending,Yes,2200
Bihar,Madhubani,Industrial Corridor,201.47,116.98,248,110937767499.3,11947.47,No,No,Pending,Not Required,Yes,1521
Andhra Pradesh,Guntur,SEZ,463.55,90.29,1655,100545706416.1,14007.84,No,No,Pending,Obtained,Yes,1060
Himachal Pradesh,Mandi,Airport,611.85,91.91,5636,327578561165.5,36343.46,No,No,Obtained,Obtained,Yes,449
Bihar,Lakhisarai,National Highway,627.37,151.57,963,411613689416.0,35916.41,No,No,Pending,Pending,Yes,1291
Lakshadweep (UT),Kavaratti,Urban Infrastructure,531.6,306.35,6372,305643876572.7,35943.91,Yes,No,Under Review,Under Review,No,1208
Jammu and Kashmir,Kishtwar,National Highway,184.82,20.65,3208,82212734213.5,6477.76,No,No,Pending,Pending,Yes,1267
Punjab,Mansa,Port Development,252.31,37.21,6019,203628423123.3,15554.79,No,No,Pending,Pending,Yes,1482
Karnataka,Mysuru (Mysore),Railway Line,148.85,24.89,2040,335964909099.0,33448.76,No,No,Obtained,Obtained,No,308
Goa,South Goa,Industrial Corridor,335.35,208.7,8001,369414778490.4,32437.89,No,No,Obtained,Not Required,No,566
Jharkhand,Chatra,Industrial Corridor,733.14,213.72,11478,73307852047.2,7840.78,No,No,Under Review,Under Review,Yes,532
Telangana,Yadadri Bhuvanagiri,Port Development,565.34,150.04,10414,119867912916.3,13320.73,No,No,Obtained,Obtained,No,279
Chhattisgarh,Balod,Irrigation/Dam,640.87,185.13,278,327023443111.2,26118.88,Yes,Yes,Pending,Obtained,Yes,1799
Nagaland,Mokokchung,SEZ,434.95,323.82,8293,266919212172.8,32804.76,No,No,Obtained,Not Required,Yes,747
Madhya Pradesh,Dhar,Urban Infrastructure,203.11,43.36,8324,105985623995.5,16327.08,No,No,Obtained,Not Required,No,298
Karnataka,Kolar,Mining Project,247.17,63.93,4543,327092953704.4,25645.26,Yes,Yes,Obtained,Obtained,Yes,1924
Jammu and Kashmir,Kulgam,Industrial Corridor,123.42,44.19,9319,6070375305.3,601.37,Yes,Yes,Not Required,Under Review,No,1354
Arunachal Pradesh,Lower Subansiri,Airport,476.93,257.85,10723,118924304457.0,11860.69,Yes,Yes,Pending,Obtained,Yes,1794
Daman and Diu (UT),Daman,Power Plant,154.69,50.21,3190,66006726486.5,5451.44,No,No,Obtained,Under Review,Yes,540
Goa,South Goa,Port Development,746.69,516.97,10804,363412793290.8,31403.16,Yes,Yes,Pending,Pending,No,2200
West Bengal,Dakshin Dinajpur (South Dinajpur),SEZ,769.84,392.95,4201,227947130697.9,22328.8,Yes,Yes,Obtained,Pending,Yes,2152
Puducherry (UT),Yanam,SEZ,261.56,23.28,2273,83909652372.0,9226.46,No,No,Obtained,Not Required,Yes,633
West Bengal,Dakshin Dinajpur (South Dinajpur),Industrial Corridor,459.92,210.23,3051,292585992482.0,28205.36,Yes,Yes,Pending,Obtained,Yes,1490
Goa,North Goa,Power Plant,757.61,429.22,8105,141869499752.1,22042.79,No,No,Obtained,Under Review,Yes,829
Sikkim,North Sikkim,Mining Project,661.92,121.29,11099,176941394004.0,21079.87,No,No,Under Review,Under Review,No,310
Telangana,Medchal,Power Plant,642.98,412.49,9394,18825252126.0,2042.89,Yes,Yes,Under Review,Obtained,No,1410
Lakshadweep (UT),Bithra,Airport,393.06,27.05,773,113856316356.8,8287.59,Yes,Yes,Obtained,Pending,No,1934
Andhra Pradesh,Vizianagaram,Railway Line,294.21,83.43,6497,151511738088.8,20970.03,Yes,Yes,Under Review,Under Review,No,1367
Nagaland,Mon,Urban Infrastructure,99.36,63.54,5415,208033156552.3,22738.14,No,No,Obtained,Under Review,Yes,845
Uttar Pradesh,Aligarh,State Highway,144.09,78.47,3414,32872873001.4,4614.14,No,No,Under Review,Under Review,No,523
Punjab,Fazilka,SEZ,740.53,310.51,3359,254873113371.1,20271.25,No,No,Under Review,Pending,Yes,931
Arunachal Pradesh,East Siang,Industrial Corridor,111.8,15.09,8571,169760674838.4,22526.07,Yes,Yes,Pending,Pending,Yes,2200
Goa,South Goa,Urban Infrastructure,599.96,368.12,2333,178402688642.1,13251.39,Yes,Yes,Obtained,Under Review,Yes,1462
Chhattisgarh,Kanker (North Bastar),SEZ,539.75,154.42,119,184517024422.5,23377.66,No,No,Obtained,Obtained,No,248
Jammu and Kashmir,Udhampur,Railway Line,614.62,57.38,8266,29055520396.8,4618.08,No,No,Obtained,Obtained,Yes,374
Daman and Diu (UT),Daman,Mining Project,496.04,323.7,7214,188232962639.5,21737.38,No,No,Obtained,Under Review,No,399
Arunachal Pradesh,East Kameng,State Highway,549.44,139.03,9195,237916867122.9,28819.73,No,No,Obtained,Pending,No,607
Maharashtra,Solapur,State Highway,679.6,300.01,9515,378841687787.0,28592.11,Yes,Yes,Under Review,Pending,Yes,1729
Manipur,Ukhrul,Industrial Corridor,164.73,91.17,5338,43030350273.2,5075.81,No,No,Under Review,Pending,Yes,1146
Lakshadweep (UT),Kavaratti,Industrial Corridor,791.5,289.05,5406,79205988715.1,5707.62,No,No,Under Review,Pending,Yes,1283
Lakshadweep (UT),Kavaratti,Port Development,82.63,35.27,11239,264909796905.8,24149.69,No,No,Obtained,Pending,Yes,809
Arunachal Pradesh,Kra Daadi,Airport,561.63,328.96,9009,237276348558.1,37905.94,No,No,Obtained,Obtained,Yes,814
Rajasthan,Nagaur,Power Plant,505.52,251.88,9574,94349520457.4,6946.92,No,No,Under Review,Obtained,No,228
Uttarakhand,Pithoragarh,Power Plant,248.94,95.1,7384,175424788836.1,25255.85,Yes,Yes,Pending,Pending,Yes,2200
Andhra Pradesh,West Godavari,Irrigation/Dam,117.23,71.3,9168,242161648882.4,28537.54,No,No,Pending,Obtained,Yes,1240
Rajasthan,Churu,Industrial Corridor,340.39,226.16,7915,328732118560.1,31423.01,No,No,Pending,Obtained,Yes,1031
Odisha,Kendujhar (Keonjhar),State Highway,382.87,80.11,6621,26605424911.6,2953.92,Yes,No,Pending,Obtained,Yes,1610
Haryana,Panipat,Port Development,576.96,142.67,8326,193216017476.3,29126.41,No,No,Obtained,Not Required,Yes,531
Punjab,Amritsar,National Highway,432.72,166.12,6288,443643601996.0,33733.39,No,No,Not Required,Not Required,Yes,493
Haryana,Fatehabad,Urban Infrastructure,757.67,474.72,8082,244415139611.0,37954.25,No,No,Obtained,Pending,Yes,1572
Nagaland,Phek,Industrial Corridor,460.27,316.08,898,321268424284.4,23795.69,Yes,Yes,Pending,Not Required,No,1633
West Bengal,Howrah,Airport,691.4,497.18,8184,187796607434.7,20312.96,No,No,Under Review,Pending,No,792
Tamil Nadu,Namakkal,Railway Line,536.04,76.83,4943,216231813192.7,29364.56,No,No,Obtained,Under Review,Yes,621
Odisha,Bhadrak,Industrial Corridor,190.02,76.61,1120,41459939393.4,5540.35,No,No,Under Review,Obtained,No,284
Madhya Pradesh,Alirajpur,Mining Project,305.19,35.01,6704,259901784923.0,22128.07,No,No,Pending,Pending,No,1174
Himachal Pradesh,Una,Railway Line,290.71,78.77,6326,163788754600.0,27052.97,Yes,Yes,Under Review,Pending,No,1954
Meghalaya,South Garo Hills,National Highway,84.09,44.05,759,260477138886.5,18750.29,No,No,Pending,Under Review,Yes,1014
Rajasthan,Sawai Madhopur,Port Development,498.78,215.15,11317,40966305351.0,3494.55,No,No,Under Review,Obtained,Yes,356
Chhattisgarh,Narayanpur,State Highway,361.63,94.85,737,98512505967.9,12110.67,No,No,Under Review,Under Review,Yes,655
West Bengal,South 24 Parganas,Mining Project,22.67,7.63,10763,120174862265.5,16934.57,Yes,Yes,Not Required,Not Required,No,1593
Mizoram,Aizawl,Railway Line,601.4,269.3,222,1444909263.5,178.7,No,No,Obtained,Pending,No,705
Uttar Pradesh,Kannauj,Airport,246.23,172.55,10736,164840486105.0,19206.63,No,No,Obtained,Not Required,No,624
Nagaland,Mokokchung,Mining Project,716.8,351.15,3456,310579752566.2,24504.11,No,No,Pending,Pending,Yes,1626
Tamil Nadu,Ariyalur,Port Development,95.51,43.89,7827,340950645754.8,33343.13,No,No,Under Review,Under Review,No,343
Jammu and Kashmir,Udhampur,Airport,120.82,28.03,10839,185467707125.5,14755.8,Yes,Yes,Pending,Pending,No,2200
Goa,South Goa,National Highway,34.22,18.4,11282,438680116233.3,31798.75,Yes,No,Under Review,Pending,No,1611
Jharkhand,Deoghar,Urban Infrastructure,473.93,94.25,4355,27226009266.8,2534.64,Yes,Yes,Pending,Under Review,No,1493
Nagaland,Wokha,State Highway,387.74,115.82,5870,330584029748.5,28507.78,No,No,Pending,Obtained,Yes,649
Haryana,Gurgaon,Urban Infrastructure,589.72,236.32,8236,71569132105.6,5300.91,No,No,Pending,Obtained,Yes,1123
Meghalaya,South West Khasi Hills,Railway Line,426.1,195.06,5835,338551714672.7,28643.2,Yes,No,Obtained,Not Required,Yes,1408
Punjab,Amritsar,Railway Line,287.7,134.48,4361,349911336686.0,36732.58,No,No,Under Review,Pending,No,640
Andhra Pradesh,Guntur,Railway Line,684.71,495.67,7035,170873845221.2,19536.46,No,No,Obtained,Under Review,Yes,653
Delhi (NCT),North West  Delhi,Power Plant,678.67,169.87,6770,7814935487.5,826.46,No,No,Obtained,Under Review,No,229
Bihar,Bhojpur,Irrigation/Dam,127.51,74.12,6733,65339152432.3,8524.52,Yes,Yes,Under Review,Pending,Yes,2083
Puducherry (UT),Mahe,National Highway,372.09,86.05,2146,232496302814.1,34051.42,Yes,Yes,Obtained,Not Required,Yes,1409
Kerala,Thrissur,Power Plant,127.22,15.68,1899,134087206946.6,19552.57,No,No,Under Review,Under Review,Yes,719
Tamil Nadu,Erode,Railway Line,300.4,63.26,2481,13344377681.9,2172.87,No,No,Pending,Obtained,Yes,706
Punjab,Amritsar,State Highway,191.5,27.24,10245,81966031901.0,10523.44,Yes,Yes,Obtained,Pending,Yes,2154
West Bengal,Howrah,SEZ,590.2,133.97,4245,272014965460.2,33288.47,No,No,Obtained,Under Review,No,244
Uttarakhand,Almora,State Highway,331.05,154.68,8561,19687072823.5,1850.85,Yes,No,Obtained,Under Review,Yes,1431
Madhya Pradesh,Dewas,Industrial Corridor,120.88,88.75,6842,28983893782.0,2440.79,No,No,Under Review,Obtained,Yes,647
Arunachal Pradesh,Upper Subansiri,Airport,784.22,489.82,9658,5735833922.1,802.33,Yes,Yes,Under Review,Obtained,Yes,1717
Jharkhand,Dumka,Industrial Corridor,405.03,56.49,935,284549376611.0,20368.9,No,No,Obtained,Under Review,Yes,653
Andhra Pradesh,Kurnool,Airport,724.97,114.61,2197,22361662450.6,3645.9,Yes,Yes,Obtained,Under Review,Yes,1708
Maharashtra,Mumbai Suburban,National Highway,609.64,91.88,6920,397323710497.2,35934.26,No,No,Obtained,Under Review,No,274
Maharashtra,Ratnagiri,Airport,313.66,54.74,5241,100008741965.9,9071.71,Yes,Yes,Obtained,Under Review,No,1119
Lakshadweep (UT),Kavaratti,Airport,410.76,147.48,802,287292465255.0,21545.78,Yes,Yes,Under Review,Pending,Yes,2136
Lakshadweep (UT),Kalpeni,State Highway,511.93,347.63,993,97438633271.9,14343.62,No,No,Under Review,Obtained,Yes,914
Chandigarh (UT),Chandigarh,State Highway,418.47,45.59,10921,288372028522.0,32510.77,No,No,Obtained,Obtained,No,236
Kerala,Palakkad,Industrial Corridor,773.82,41.33,2126,224886505176.9,33924.58,No,No,Not Required,Obtained,No,262
Goa,North Goa,Urban Infrastructure,47.42,9.24,2074,11011959683.7,844.79,Yes,Yes,Obtained,Obtained,No,1464
Assam,Charaideo,Railway Line,39.58,5.35,7719,105679074090.4,11807.98,Yes,Yes,Obtained,Not Required,Yes,1440
Assam,Karbi Anglong,Airport,632.22,120.53,2823,264292705547.5,36795.12,Yes,No,Pending,Obtained,No,1281
Meghalaya,South Garo Hills,Airport,216.07,116.88,2836,21336381825.9,1976.53,No,No,Not Required,Under Review,No,444
Lakshadweep (UT),Agatti,Railway Line,131.52,66.26,868,251866479339.9,32691.75,No,No,Under Review,Pending,Yes,1294
Madhya Pradesh,Anuppur,Mining Project,537.03,333.23,7077,204471399558.7,15941.6,Yes,No,Obtained,Obtained,No,1342
Gujarat,Bhavnagar,Railway Line,610.26,373.22,4291,354101730479.4,32943.98,No,No,Obtained,Under Review,No,399
Daman and Diu (UT),Daman,Industrial Corridor,745.21,305.14,2283,186755779416.2,20402.61,Yes,Yes,Pending,Pending,No,1661
Nagaland,Phek,Irrigation/Dam,394.46,111.96,7925,453035644702.9,37178.74,No,No,Obtained,Pending,Yes,1078
Rajasthan,Jhalawar,Port Development,539.44,151.11,7201,78577679770.2,9886.8,No,No,Obtained,Under Review,Yes,510
Karnataka,Udupi,Urban Infrastructure,730.32,334.78,8478,245858751303.8,32411.37,Yes,Yes,Under Review,Obtained,No,1453
Chhattisgarh,Dhamtari,Urban Infrastructure,588.11,161.77,7845,169267949283.8,20748.86,Yes,Yes,Not Required,Obtained,No,1392
Kerala,Kollam,State Highway,132.99,33.15,9878,100509081037.1,7707.02,No,No,Pending,Pending,No,853
Sikkim,South Sikkim,Mining Project,99.55,66.02,3395,65351571568.2,6471.68,No,No,Not Required,Pending,Yes,1149
Mizoram,Lunglei,State Highway,534.21,211.25,8613,92022155633.9,11514.55,No,No,Pending,Pending,No,1099
Madhya Pradesh,Sagar,National Highway,139.44,93.41,2815,157528609964.4,21384.43,No,No,Pending,Obtained,Yes,1390
Chhattisgarh,Surguja,Mining Project,794.88,40.96,3335,47739050456.9,6006.77,Yes,Yes,Obtained,Under Review,Yes,1685
Tamil Nadu,Salem,Irrigation/Dam,402.28,54.84,8117,163149776905.9,13391.9,Yes,No,Obtained,Obtained,Yes,1087
Punjab,Jalandhar,Urban Infrastructure,784.03,467.66,11425,190674421341.5,19170.49,No,No,Obtained,Not Required,Yes,1005
Telangana,Medchal,Mining Project,439.42,249.75,9380,169382254271.1,23094.54,Yes,Yes,Obtained,Pending,Yes,2200
Sikkim,North Sikkim,National Highway,667.31,134.01,9659,183102192515.4,18026.34,No,No,Not Required,Obtained,No,375
Andhra Pradesh,Guntur,Mining Project,368.15,233.73,285,199833119372.8,24838.4,No,No,Obtained,Under Review,Yes,715
Tripura,West Tripura,Port Development,352.05,255.8,7827,138478833830.0,11581.62,Yes,Yes,Not Required,Pending,Yes,2024
Madhya Pradesh,Raisen,Irrigation/Dam,298.04,140.31,1968,140790059443.5,13811.02,Yes,Yes,Obtained,Not Required,No,1360
Bihar,Bhojpur,Power Plant,295.35,31.61,1018,334940369579.5,36133.22,No,Yes,Under Review,Pending,Yes,1318
Rajasthan,Udaipur,State Highway,518.29,262.09,3356,386105420086.3,30638.45,Yes,Yes,Pending,Obtained,No,1855
Lakshadweep (UT),Chethlath,Railway Line,732.32,196.14,5544,24894947573.2,2559.68,No,No,Pending,Pending,Yes,1447
Puducherry (UT),Yanam,National Highway,425.1,234.94,10910,432440520911.9,31466.43,Yes,Yes,Pending,Obtained,Yes,2188
Delhi (NCT),East Delhi,Port Development,582.27,287.42,2434,309562651828.9,37645.36,No,No,Obtained,Under Review,No,374
Odisha,Ganjam,Port Development,530.06,220.45,8121,121391415089.1,12022.87,Yes,No,Obtained,Under Review,Yes,1360
Tamil Nadu,Tiruvarur,Urban Infrastructure,785.93,295.27,11476,137390971667.5,12847.5,No,No,Obtained,Under Review,Yes,653
Sikkim,East Sikkim,National Highway,534.37,168.36,3435,49959338817.2,4880.62,No,No,Obtained,Pending,Yes,1142
Meghalaya,South Garo Hills,Urban Infrastructure,486.06,41.18,939,140508904538.9,16410.01,Yes,No,Pending,Pending,Yes,1978
Mizoram,Lunglei,Power Plant,562.81,363.79,4588,135822352430.8,10006.96,Yes,Yes,Obtained,Under Review,Yes,1980
Rajasthan,Barmer,Irrigation/Dam,477.14,185.01,6692,213062963676.2,15480.28,No,No,Pending,Under Review,Yes,1065
Karnataka,Mandya,Power Plant,361.09,243.35,8778,57130393151.2,5604.03,Yes,Yes,Not Required,Under Review,Yes,2182
Puducherry (UT),Mahe,SEZ,735.07,143.08,7570,398360229634.7,32144.86,No,No,Under Review,Under Review,No,267
Arunachal Pradesh,Tirap,Mining Project,763.63,399.62,6998,235206302048.3,37945.45,Yes,Yes,Under Review,Pending,No,2026
Andhra Pradesh,Visakhapatnam,Power Plant,162.03,99.4,4310,130448526621.9,12849.32,Yes,Yes,Pending,Obtained,No,1890
West Bengal,Burdwan (Bardhaman),Power Plant,760.04,165.77,647,213492346317.6,23138.0,Yes,No,Under Review,Obtained,No,1147
Punjab,Sangrur,Port Development,75.75,41.27,8001,21392141402.7,2374.31,Yes,Yes,Pending,Not Required,No,1533
Lakshadweep (UT),Kavaratti,National Highway,292.87,50.97,8052,188091071009.0,14654.32,Yes,Yes,Obtained,Obtained,No,1421
Puducherry (UT),Mahe,Railway Line,423.16,55.74,10652,410746325118.5,31124.68,Yes,No,Obtained,Pending,Yes,1545
Himachal Pradesh,Kinnaur,Irrigation/Dam,580.87,75.08,8494,303520398561.9,24805.8,Yes,Yes,Obtained,Obtained,Yes,1932
Meghalaya,East Garo Hills,Mining Project,754.33,74.31,762,368795682708.5,34470.24,No,No,Under Review,Under Review,Yes,493
Uttar Pradesh,Aligarh,Power Plant,580.02,105.96,9827,124625843488.6,16432.68,No,No,Obtained,Pending,Yes,1024
Uttar Pradesh,Kushinagar (Padrauna),Mining Project,295.02,181.69,3334,373281084665.9,28390.54,Yes,Yes,Under Review,Obtained,Yes,2000
Meghalaya,Ri Bhoi,Irrigation/Dam,423.06,280.12,471,196173603668.6,24941.02,Yes,Yes,Pending,Obtained,Yes,2200
Kerala,Kozhikode,SEZ,531.25,158.78,6827,123135913540.5,14596.16,No,No,Obtained,Under Review,No,295
Maharashtra,Raigad,Irrigation/Dam,279.61,111.49,2097,339517238121.4,26967.31,Yes,Yes,Obtained,Pending,Yes,2085
Lakshadweep (UT),Agatti,Irrigation/Dam,84.97,61.44,288,136460756278.7,17520.08,Yes,Yes,Obtained,Pending,No,1572
Mizoram,Aizawl,SEZ,544.75,55.48,490,190638181438.6,27574.89,No,No,Obtained,Not Required,Yes,651
Manipur,Senapati,Port Development,481.59,226.96,8022,134641429061.4,10908.57,Yes,Yes,Obtained,Not Required,Yes,1521
Rajasthan,Sawai Madhopur,State Highway,239.06,135.25,5710,127946128787.2,11951.83,No,No,Pending,Pending,Yes,1399
Chandigarh (UT),Chandigarh,Airport,659.19,173.01,9024,149573889929.0,10923.47,No,No,Obtained,Obtained,Yes,593
Meghalaya,East Garo Hills,Railway Line,347.53,98.56,6508,46968131361.4,6909.0,No,No,Under Review,Pending,Yes,994
Manipur,Noney,Airport,639.12,448.98,3399,103141554254.0,8258.7,No,No,Pending,Pending,No,901
Gujarat,Tapi (Vyara),State Highway,300.98,145.49,6822,118035460785.3,11047.01,No,No,Under Review,Pending,Yes,974
Nagaland,Mon,SEZ,351.9,112.7,2372,182876950851.7,29710.92,No,No,Obtained,Not Required,No,236
Jharkhand,Ranchi,SEZ,197.46,37.6,6718,101724274306.1,12036.68,No,No,Obtained,Under Review,Yes,729
Tripura,Sepahijala,Irrigation/Dam,564.26,39.98,9970,67757413528.6,7903.13,No,No,Not Required,Obtained,Yes,676
Assam,Tinsukia,Power Plant,314.18,123.85,11344,184942616281.1,30674.23,No,No,Obtained,Obtained,Yes,632
West Bengal,Kolkata,Port Development,639.91,200.95,1935,219355587923.8,15869.08,No,No,Obtained,Obtained,Yes,550
Jammu and Kashmir,Kulgam,Power Plant,456.39,219.47,6574,172097840523.6,15375.17,Yes,Yes,Obtained,Obtained,Yes,1427
Sikkim,North Sikkim,Mining Project,403.4,107.72,7787,232545754619.5,22574.04,No,No,Under Review,Obtained,No,221
Andhra Pradesh,West Godavari,National Highway,363.48,19.98,5437,375506399171.2,33737.84,No,No,Obtained,Pending,Yes,1015
Sikkim,East Sikkim,Airport,672.19,204.03,2927,109026224908.6,15802.99,No,No,Pending,Under Review,Yes,734
Odisha,Bhadrak,Irrigation/Dam,290.1,80.65,3464,210870697853.3,33353.74,Yes,Yes,Under Review,Under Review,Yes,2011
Tamil Nadu,Coimbatore,SEZ,284.58,138.04,780,229908599313.1,25165.17,No,No,Obtained,Obtained,No,353
Kerala,Palakkad,Industrial Corridor,210.38,129.2,11211,73837586867.2,7358.66,Yes,Yes,Obtained,Obtained,No,1596
Bihar,Kishanganj,Airport,399.81,31.2,1695,141426515447.3,23479.93,No,No,Obtained,Pending,Yes,1026
Jharkhand,Koderma,Industrial Corridor,322.95,162.2,6499,321311547299.0,35447.36,Yes,No,Obtained,Pending,No,1672
Kerala,Pathanamthitta,Port Development,370.0,162.48,1771,107359694236.2,17538.44,No,No,Pending,Pending,Yes,1471
Sikkim,West Sikkim,Power Plant,773.91,158.66,6286,74370227613.9,7021.49,No,No,Under Review,Obtained,No,237
Maharashtra,Jalgaon,Irrigation/Dam,423.84,105.15,2875,22547834031.4,3351.6,Yes,Yes,Obtained,Obtained,Yes,1432
Mizoram,Mamit,Power Plant,258.94,101.05,154,122372400053.9,9375.84,No,No,Not Required,Pending,Yes,841
Arunachal Pradesh,Namsai,Railway Line,23.42,12.66,496,292009521114.6,29392.17,Yes,Yes,Obtained,Under Review,Yes,2200
Nagaland,Kiphire,Airport,394.43,223.63,414,270587735359.1,23835.23,No,No,Obtained,Under Review,Yes,801
Nagaland,Dimapur,Port Development,253.83,129.18,4557,479910853821.0,36573.65,No,No,Pending,Pending,Yes,1459
Manipur,Pherzawl,Industrial Corridor,685.6,254.2,1929,431448169529.5,34398.06,No,No,Obtained,Obtained,No,360
Goa,North Goa,Power Plant,334.46,199.36,4853,116988743338.1,8745.0,No,No,Pending,Pending,Yes,1720
Arunachal Pradesh,West Kameng,Industrial Corridor,612.6,430.48,5819,43102746787.3,3235.78,No,No,Obtained,Under Review,Yes,626
Nagaland,Mokokchung,Railway Line,492.09,219.48,8002,473928722424.7,35639.0,Yes,Yes,Obtained,Obtained,No,1128
Tamil Nadu,Chennai,Port Development,360.07,29.62,5498,301733478898.4,33740.36,No,No,Obtained,Under Review,No,293
Chhattisgarh,Janjgir-Champa,Urban Infrastructure,58.68,22.65,4352,78420791296.6,6274.01,Yes,Yes,Obtained,Not Required,Yes,1664
Haryana,Jhajjar,Railway Line,214.91,39.39,4775,134323223044.3,15593.26,Yes,No,Obtained,Pending,Yes,2080
Telangana,Khammam,SEZ,697.51,182.06,6253,404848108818.7,29040.56,Yes,No,Obtained,Not Required,Yes,1011
Madhya Pradesh,Dhar,Industrial Corridor,765.25,331.49,7666,136799417895.1,18776.41,Yes,No,Pending,Obtained,No,1364
Rajasthan,Dausa,Power Plant,215.21,118.31,1026,17621770659.0,1282.99,No,No,Obtained,Obtained,No,549
Chandigarh (UT),Chandigarh,Port Development,265.17,174.31,5373,199800334681.6,20266.09,Yes,No,Obtained,Obtained,No,1147
Haryana,Ambala,Airport,734.15,136.95,4618,275438643704.7,20324.08,No,No,Pending,Pending,Yes,1162
Arunachal Pradesh,Kurung Kumey,Industrial Corridor,146.38,85.24,4267,79478898738.0,6773.53,Yes,Yes,Obtained,Pending,Yes,2092
Madhya Pradesh,Bhopal,Railway Line,220.16,36.22,3791,164572663382.4,15365.57,No,No,Obtained,Not Required,Yes,705
Uttarakhand,Almora,Port Development,286.91,159.31,4142,75451393622.0,7042.13,No,No,Under Review,Obtained,Yes,739
Rajasthan,Churu,Urban Infrastructure,330.53,100.66,9237,194817466111.3,19549.14,No,Yes,Obtained,Obtained,Yes,852
Assam,Dima Hasao,SEZ,495.68,178.79,3189,138916243359.5,14895.27,No,No,Obtained,Obtained,No,199
Karnataka,Ramanagara,Industrial Corridor,351.69,218.86,4658,261978482186.7,34086.69,No,No,Obtained,Pending,Yes,1282
Haryana,Kurukshetra,Airport,146.2,92.62,10000,194027011429.3,20429.95,No,No,Under Review,Not Required,No,511
Delhi (NCT),North Delhi,Railway Line,46.3,31.53,4478,418482588007.7,33015.25,Yes,Yes,Obtained,Obtained,Yes,1510
Chhattisgarh,Bilaspur,Railway Line,694.81,252.02,10147,25432873891.4,2154.63,No,No,Obtained,Under Review,No,345
Telangana,Suryapet,Airport,459.2,299.76,6502,36494669220.2,2850.58,No,No,Pending,Under Review,Yes,1180
Lakshadweep (UT),Chethlath,Port Development,160.03,33.14,9950,6594652228.4,955.35,No,No,Obtained,Obtained,No,363
Manipur,Tamenglong,State Highway,763.11,535.52,942,249135544298.4,23320.74,No,No,Obtained,Obtained,Yes,849
Haryana,Jind,Power Plant,659.86,416.73,6666,404899082201.0,33258.61,No,No,Not Required,Pending,Yes,1053
Lakshadweep (UT),Minicoy,Irrigation/Dam,428.94,98.08,682,72949597057.6,7249.16,No,No,Under Review,Pending,Yes,899
Chhattisgarh,Bastar,Railway Line,655.1,50.04,5188,396960921474.4,36157.92,Yes,Yes,Obtained,Obtained,No,1061
Haryana,Kurukshetra,Railway Line,108.72,46.12,4138,113642862427.4,14613.33,Yes,Yes,Obtained,Not Required,Yes,1604
Maharashtra,Gondia,Mining Project,467.58,319.28,9411,408484423826.5,31959.98,Yes,Yes,Under Review,Pending,Yes,2200
Goa,South Goa,Port Development,737.5,533.32,6889,156379921276.9,21546.21,Yes,Yes,Pending,Not Required,Yes,2014
Chandigarh (UT),Chandigarh,State Highway,668.54,446.55,9240,137100396955.6,12478.97,No,No,Obtained,Pending,Yes,1276
Manipur,Jiribam,Mining Project,622.62,39.87,4268,35945922176.5,2876.01,Yes,Yes,Under Review,Pending,Yes,1942
West Bengal,Darjeeling,Railway Line,538.55,38.78,11123,296195582859.0,31776.18,Yes,No,Obtained,Not Required,No,1079
Goa,North Goa,Port Development,56.68,40.03,2837,230757220472.6,23404.82,No,No,Under Review,Obtained,Yes,916
Maharashtra,Washim,Power Plant,469.27,65.13,4772,423326079840.6,32117.61,No,No,Obtained,Obtained,Yes,640
Arunachal Pradesh,West Kameng,Industrial Corridor,269.82,96.06,3935,112182995400.1,17051.65,Yes,Yes,Not Required,Pending,No,1545
Tripura,Sepahijala,Mining Project,123.98,14.54,2684,261121667805.6,26915.59,Yes,No,Not Required,Obtained,Yes,1419
Maharashtra,Chandrapur,Irrigation/Dam,76.38,36.1,1129,235413913535.2,27992.64,No,No,Obtained,Under Review,Yes,556
Sikkim,East Sikkim,Port Development,455.73,236.42,10634,440232286316.3,33517.09,No,No,Obtained,Obtained,No,530
Tripura,Sepahijala,Airport,670.51,337.68,4232,224035942101.9,19197.39,No,No,Obtained,Obtained,Yes,826
Mizoram,Kolasib,Urban Infrastructure,39.04,25.98,9069,91591850399.8,10970.32,No,No,Pending,Pending,Yes,1600
Sikkim,East Sikkim,Urban Infrastructure,143.33,30.6,530,10709765322.2,1533.38,Yes,Yes,Obtained,Obtained,No,925
Lakshadweep (UT),Chethlath,Airport,59.08,7.23,4370,155886109563.8,17515.14,No,No,Pending,Obtained,No,640
Telangana,Khammam,Urban Infrastructure,367.28,238.63,2364,134554427480.2,12832.36,No,No,Obtained,Obtained,No,475
West Bengal,Darjeeling,Railway Line,458.29,163.91,9139,329715161458.4,25881.01,No,No,Obtained,Not Required,Yes,589
Himachal Pradesh,Una,State Highway,401.61,138.47,1441,175682909733.8,15558.75,Yes,Yes,Obtained,Obtained,Yes,1767
Manipur,Churachandpur,Mining Project,669.58,48.47,8282,136745208976.1,12560.55,Yes,No,Obtained,Obtained,Yes,1232
Sikkim,West Sikkim,Urban Infrastructure,585.86,186.69,7363,111327945456.9,12099.23,No,No,Under Review,Pending,Yes,1016
Daman and Diu (UT),Daman,State Highway,224.91,137.69,8157,15195436619.6,1792.66,No,No,Obtained,Under Review,No,280
Karnataka,Mandya,Railway Line,545.85,73.63,284,168125114073.8,24491.54,No,No,Obtained,Obtained,Yes,530
Daman and Diu (UT),Diu,Power Plant,615.02,287.65,8105,14491194144.5,1515.68,No,No,Not Required,Not Required,Yes,540
West Bengal,Dakshin Dinajpur (South Dinajpur),Irrigation/Dam,124.88,60.87,543,339602013946.5,30031.97,No,Yes,Pending,Under Review,No,1282
Telangana,Kamareddy,Irrigation/Dam,115.6,43.69,5774,30864650548.2,4970.74,Yes,Yes,Not Required,Obtained,Yes,1691
Manipur,Ukhrul,Railway Line,585.73,320.06,4342,93168593217.7,8097.15,No,No,Under Review,Under Review,Yes,835
Kerala,Thrissur,Industrial Corridor,228.73,61.85,8154,402490479921.3,36526.38,No,No,Under Review,Under Review,Yes,501
Odisha,Angul,Mining Project,555.94,43.25,4917,294567949132.8,32051.1,No,No,Obtained,Under Review,Yes,636
Puducherry (UT),Mahe,Power Plant,474.54,174.68,4004,195331288173.0,15490.51,No,No,Under Review,Obtained,No,182
Tamil Nadu,Salem,Urban Infrastructure,285.25,208.56,7874,235791782045.4,17417.98,Yes,No,Under Review,Under Review,Yes,1740
Tripura,South Tripura,Port Development,294.52,52.49,4278,190760192860.0,18316.56,No,No,Not Required,Obtained,No,329
Telangana,Jogulamba Gadwal,Port Development,178.27,38.97,3196,187685502280.5,15822.7,Yes,Yes,Obtained,Pending,Yes,1771
Manipur,Kakching,Power Plant,711.51,258.68,5988,427662337077.4,36127.98,No,No,Under Review,Pending,Yes,1204
Mizoram,Serchhip,Port Development,208.1,128.01,381,94653044630.1,14837.47,Yes,Yes,Obtained,Pending,No,1920
Arunachal Pradesh,West Siang,Airport,258.95,162.82,8039,167901388597.9,20180.7,No,No,Obtained,Obtained,Yes,739
Chandigarh (UT),Chandigarh,Railway Line,457.36,202.52,4591,163297018586.2,14259.65,No,No,Not Required,Pending,Yes,1027
Mizoram,Mamit,Port Development,567.77,73.87,6060,299935003363.8,35008.53,No,No,Under Review,Obtained,No,329
Mizoram,Kolasib,Power Plant,113.43,59.5,11372,256611481006.2,36589.54,No,No,Obtained,Obtained,Yes,582
Lakshadweep (UT),Amini,Airport,529.29,363.52,1081,53792454839.7,7605.37,No,No,Obtained,Obtained,Yes,962
West Bengal,Murshidabad,SEZ,272.64,17.4,7031,130809761603.0,15070.13,No,No,Obtained,Pending,Yes,971
Tamil Nadu,Ramanathapuram,SEZ,532.98,121.82,1521,350522720928.6,35985.33,Yes,Yes,Not Required,Not Required,No,1607
Lakshadweep (UT),Amini,SEZ,778.35,434.8,619,223407384610.4,30583.15,No,No,Obtained,Pending,No,857
Himachal Pradesh,Una,Industrial Corridor,425.87,117.96,2353,39181246181.6,3773.17,Yes,Yes,Pending,Obtained,No,1652
Gujarat,Banaskantha (Palanpur),Industrial Corridor,535.89,42.02,9044,405652228966.9,30336.71,Yes,No,Pending,Pending,No,2099
Meghalaya,South Garo Hills,SEZ,718.17,53.37,8452,7076907204.4,628.67,No,No,Pending,Obtained,Yes,903
Mizoram,Lunglei,Irrigation/Dam,344.51,113.23,7123,176987763931.9,12817.62,Yes,Yes,Pending,Under Review,Yes,2131
Sikkim,South Sikkim,Industrial Corridor,421.28,267.71,8110,152701339453.8,24523.64,Yes,Yes,Obtained,Under Review,Yes,2007
Puducherry (UT),Yanam,National Highway,226.13,15.92,2219,319888590163.7,35341.64,No,Yes,Obtained,Obtained,Yes,832
Nagaland,Dimapur,Industrial Corridor,351.81,211.11,4656,80121397621.4,10886.18,No,No,Pending,Obtained,Yes,1006
Telangana,Adilabad,Industrial Corridor,662.43,55.97,305,367361976048.6,29001.45,No,No,Pending,Pending,No,881
Haryana,Hisar,Mining Project,522.63,380.22,11138,162506697522.0,23535.33,No,No,Obtained,Under Review,Yes,712
Chhattisgarh,Narayanpur,Airport,345.28,141.72,1118,146038018263.0,22352.33,Yes,Yes,Pending,Under Review,Yes,2113
Maharashtra,Raigad,State Highway,629.76,341.88,9945,220690572911.3,17151.69,Yes,Yes,Not Required,Pending,Yes,2200
Puducherry (UT),Mahe,SEZ,52.41,31.07,2865,76481022357.2,6390.92,No,No,Pending,Not Required,Yes,978
Karnataka,Chitradurga,Urban Infrastructure,473.41,44.89,10321,291375904152.2,36540.84,No,No,Obtained,Obtained,Yes,754
Daman and Diu (UT),Diu,Irrigation/Dam,256.59,56.29,131,177336168962.6,25626.29,Yes,Yes,Not Required,Obtained,No,1162
Meghalaya,South West Garo Hills ,Port Development,430.49,214.0,2342,91865382527.8,9675.93,No,No,Obtained,Obtained,Yes,570
Goa,South Goa,SEZ,422.61,252.45,3096,218922926570.9,36340.78,No,No,Not Required,Under Review,No,606
Rajasthan,Karauli,Power Plant,638.41,433.5,806,267064907087.8,35672.12,Yes,Yes,Pending,Obtained,Yes,2182
Goa,North Goa,Industrial Corridor,295.93,215.36,9602,79967850716.7,7131.43,Yes,Yes,Obtained,Obtained,No,1247
Rajasthan,Churu,Industrial Corridor,530.86,66.6,9755,9103057790.1,952.91,Yes,Yes,Pending,Not Required,Yes,2189
Sikkim,North Sikkim,Power Plant,760.58,428.87,10185,218079156648.1,31062.7,Yes,Yes,Obtained,Under Review,No,1446
Punjab,Sahibzada Ajit Singh Nagar (Mohali),SEZ,478.09,282.27,142,236416447612.7,25271.39,Yes,Yes,Under Review,Obtained,Yes,1764
Kerala,Palakkad,Mining Project,233.95,175.35,9975,190333185950.6,25781.46,No,No,Under Review,Not Required,Yes,596
Chandigarh (UT),Chandigarh,Railway Line,637.08,271.74,4404,195746920916.7,32214.76,No,No,Under Review,Pending,Yes,1007
Lakshadweep (UT),Kavaratti,SEZ,686.76,108.7,5661,205268018517.7,18584.55,No,No,Obtained,Obtained,Yes,752
Maharashtra,Thane,Irrigation/Dam,780.28,453.59,11342,4872125596.4,668.44,Yes,No,Pending,Under Review,Yes,1673
Delhi (NCT),North Delhi,Urban Infrastructure,334.21,84.37,10908,287291405634.2,21161.21,No,No,Obtained,Obtained,Yes,455
Telangana,Yadadri Bhuvanagiri,SEZ,181.71,34.14,1956,364984213580.5,36511.59,No,No,Pending,Not Required,Yes,854
Maharashtra,Nandurbar,State Highway,42.78,17.05,4409,222956861631.5,36522.69,No,No,Obtained,Obtained,Yes,385
Uttarakhand,Udham Singh Nagar,State Highway,568.75,240.93,5654,480972627999.4,34376.81,Yes,Yes,Obtained,Pending,Yes,1998
Daman and Diu (UT),Diu,Mining Project,24.41,10.09,3586,93403066065.6,14358.03,Yes,Yes,Pending,Obtained,No,1947
Bihar,Arwal,Urban Infrastructure,67.88,37.78,3859,226310349955.7,19280.55,Yes,Yes,Under Review,Obtained,Yes,2200
Kerala,Ernakulam,Railway Line,534.26,106.65,3115,80514573129.6,10867.55,Yes,Yes,Pending,Obtained,No,1227
Haryana,Kaithal,State Highway,341.63,120.35,1715,174402626035.9,27921.39,No,No,Pending,Not Required,No,810
Mizoram,Lunglei,Power Plant,315.34,179.03,9223,115392940485.5,18742.1,Yes,Yes,Under Review,Obtained,No,1279
Delhi (NCT),Shahdara,Urban Infrastructure,113.57,83.09,8826,129733466308.0,10657.73,No,No,Obtained,Obtained,Yes,884
Meghalaya,North Garo Hills,State Highway,536.18,363.03,10449,63719408452.5,5430.76,No,No,Obtained,Pending,Yes,1358
Madhya Pradesh,Anuppur,Power Plant,338.58,198.92,3929,67855894546.9,5987.51,No,Yes,Pending,Obtained,Yes,1606
Goa,South Goa,Urban Infrastructure,250.16,182.02,7944,281019255378.2,33396.32,Yes,Yes,Obtained,Obtained,Yes,1788
Bihar,West Champaran,Irrigation/Dam,732.75,61.85,7845,119771636127.2,11430.12,No,No,Obtained,Pending,No,598
Delhi (NCT),Shahdara,Port Development,553.06,214.19,6239,353771732892.6,37793.79,No,No,Obtained,Under Review,No,279
Punjab,Rupnagar,State Highway,367.59,196.4,10179,246508979395.3,34858.03,Yes,No,Not Required,Obtained,Yes,1497
Daman and Diu (UT),Daman,SEZ,20.67,1.91,9482,80792027345.1,11885.88,No,No,Not Required,Pending,Yes,1034
Daman and Diu (UT),Daman,Industrial Corridor,750.82,229.42,7870,79702706471.6,12930.16,No,No,Under Review,Pending,Yes,945
Punjab,Ferozepur,SEZ,30.23,19.09,2826,401183275159.6,37040.31,Yes,No,Under Review,Under Review,No,1387
Chandigarh (UT),Chandigarh,Urban Infrastructure,535.73,255.34,5423,197073265251.5,30304.32,Yes,Yes,Under Review,Not Required,Yes,1588
Delhi (NCT),North West  Delhi,SEZ,465.03,112.62,7054,79197977511.5,6547.94,Yes,Yes,Obtained,Pending,Yes,2200
Jharkhand,Jamtara,Industrial Corridor,429.65,77.66,2972,239124810517.0,20925.65,No,No,Obtained,Obtained,No,242
Madhya Pradesh,Indore,National Highway,607.58,359.42,1659,128369749839.2,21074.91,Yes,Yes,Not Required,Under Review,Yes,2200
Haryana,Jhajjar,Port Development,306.66,136.15,10275,236117323482.8,20011.16,No,No,Obtained,Obtained,Yes,522
Daman and Diu (UT),Diu,Irrigation/Dam,301.23,32.75,9650,64001317952.5,9706.03,No,No,Obtained,Pending,Yes,846
Maharashtra,Yavatmal,National Highway,312.93,139.26,1751,98361942975.8,14050.45,No,No,Obtained,Pending,Yes,1226
Delhi (NCT),North Delhi,Irrigation/Dam,350.19,121.65,221,250524220481.3,25257.96,No,No,Not Required,Not Required,Yes,710
Punjab,Rupnagar,Airport,243.23,73.08,8081,67944009013.4,8754.68,No,No,Under Review,Under Review,Yes,530
Manipur,Kakching,Port Development,601.31,208.06,3492,168433795461.7,14122.96,Yes,Yes,Under Review,Obtained,Yes,1888
Gujarat,Mehsana,Urban Infrastructure,779.33,162.19,4785,9650532431.9,1415.74,No,No,Obtained,Pending,No,753
Chandigarh (UT),Chandigarh,Irrigation/Dam,422.7,67.91,3931,63758009543.9,7239.16,Yes,Yes,Obtained,Pending,Yes,1886
Maharashtra,Buldhana,Irrigation/Dam,444.48,100.19,4398,200774522969.4,17831.48,Yes,Yes,Not Required,Pending,No,1388
Puducherry (UT),Yanam,Power Plant,211.78,97.57,5323,223537343157.5,18105.49,No,No,Pending,Pending,Yes,1187
Andhra Pradesh,Chittoor,Airport,438.91,174.69,4699,346201953828.4,31114.15,No,No,Obtained,Obtained,Yes,572
West Bengal,Purulia,State Highway,654.96,424.26,11420,93911889209.0,13308.5,No,No,Obtained,Under Review,No,317
Lakshadweep (UT),Kalpeni,State Highway,744.03,41.66,6708,151648929915.9,16371.33,No,No,Under Review,Under Review,No,268
Bihar,Bhojpur,Railway Line,663.77,251.48,4080,442895713566.9,35493.25,Yes,No,Under Review,Not Required,No,997
Telangana,Kamareddy,Irrigation/Dam,386.54,271.73,2598,72408119272.0,6238.56,Yes,Yes,Obtained,Pending,No,2096
Maharashtra,Nandurbar,Irrigation/Dam,631.11,311.88,2587,230096378906.4,22433.23,No,No,Not Required,Pending,No,813
Assam,Nagaon,Airport,369.2,208.28,6812,65335281040.3,5938.94,No,No,Obtained,Under Review,Yes,699
Punjab,Rupnagar,Airport,208.86,54.91,6624,370128500515.6,30692.58,No,No,Obtained,Obtained,No,171
Himachal Pradesh,Una,Port Development,49.91,12.85,7862,310896952444.3,36382.19,No,No,Under Review,Obtained,Yes,472
West Bengal,Kalimpong,Power Plant,77.24,26.46,406,184021081103.3,27445.3,Yes,Yes,Pending,Under Review,Yes,2200
Himachal Pradesh,Solan,Railway Line,506.34,31.64,4212,243388515819.5,35855.93,No,No,Under Review,Pending,No,913
Andhra Pradesh,YSR Kadapa,Port Development,324.85,77.34,3414,155862874383.3,13359.76,No,No,Obtained,Under Review,Yes,571
Delhi (NCT),South East Delhi,Industrial Corridor,349.41,62.07,8834,473515747787.6,37142.29,No,No,Obtained,Obtained,No,278
Gujarat,Morbi,Urban Infrastructure,257.27,95.88,6837,345119491281.4,26398.08,No,No,Obtained,Pending,No,661
Uttar Pradesh,Jaunpur,Irrigation/Dam,698.61,133.55,11469,271169470424.8,26833.25,No,No,Obtained,Obtained,Yes,568
Maharashtra,Gondia,Mining Project,643.35,388.55,3809,310694484800.8,24079.18,No,No,Pending,Pending,No,1133
Karnataka,Davangere,SEZ,51.69,34.39,5505,98720792935.1,10180.42,No,No,Not Required,Obtained,No,513
Arunachal Pradesh,Kurung Kumey,State Highway,550.8,140.9,10189,4401289638.9,517.98,No,No,Obtained,Pending,Yes,686
Goa,South Goa,State Highway,615.7,91.79,4958,3149120492.3,408.74,No,No,Not Required,Obtained,No,236
Chandigarh (UT),Chandigarh,Industrial Corridor,656.85,119.68,6890,93146148794.1,11115.37,No,No,Obtained,Obtained,No,274
Chandigarh (UT),Chandigarh,Airport,773.29,46.39,9821,432602719106.8,36884.73,No,No,Obtained,Pending,Yes,1080
Mizoram,Aizawl,Industrial Corridor,252.81,187.87,547,160169291455.8,26012.21,Yes,Yes,Under Review,Not Required,No,1510
Delhi (NCT),North West  Delhi,Irrigation/Dam,109.38,18.39,7324,428691701703.5,30995.33,Yes,Yes,Obtained,Obtained,Yes,1815
Puducherry (UT),Mahe,Port Development,17.11,6.04,10086,138849906253.6,13870.0,No,No,Obtained,Pending,Yes,1099
Haryana,Panipat,Industrial Corridor,89.14,63.77,4157,282521708394.8,20772.81,No,Yes,Pending,Obtained,No,1298
West Bengal,Murshidabad,National Highway,204.52,102.18,5139,184795887756.6,20165.61,No,No,Not Required,Pending,Yes,973
Sikkim,East Sikkim,Industrial Corridor,293.84,164.73,1131,315919139998.2,35476.36,Yes,Yes,Obtained,Pending,No,2200
Gujarat,Amreli,Airport,41.08,15.58,8772,60849621203.4,4484.09,Yes,Yes,Pending,Under Review,Yes,2021
Meghalaya,West Jaintia Hills,Industrial Corridor,530.76,290.29,9042,213447149040.5,16746.08,No,No,Under Review,Obtained,Yes,696
West Bengal,Darjeeling,SEZ,137.18,98.36,3585,149237270334.5,20854.49,No,No,Under Review,Obtained,Yes,651
Andhra Pradesh,Prakasam,Urban Infrastructure,591.41,193.88,286,78708401148.6,5909.92,No,No,Not Required,Pending,No,876
Gujarat,Gandhinagar,Mining Project,32.63,7.2,6872,325210423332.6,28040.93,No,No,Obtained,Not Required,No,282
Lakshadweep (UT),Chethlath,Irrigation/Dam,163.56,58.8,1504,239474870080.3,17947.9,No,No,Under Review,Pending,Yes,1136
Andhra Pradesh,Chittoor,National Highway,727.46,176.69,6646,218800545530.7,35587.76,No,No,Pending,Obtained,Yes,890
Goa,North Goa,Industrial Corridor,429.93,175.37,10365,74468013558.1,9548.29,No,No,Not Required,Obtained,No,230
Haryana,Kurukshetra,SEZ,693.91,209.15,6151,29504955918.9,4574.27,No,No,Obtained,Pending,Yes,1340
Haryana,Hisar,Irrigation/Dam,124.81,51.08,8012,166846226028.5,19330.24,No,No,Under Review,Pending,Yes,1051
Punjab,Faridkot,Mining Project,613.4,119.52,2788,105772119707.7,8852.69,No,No,Under Review,Obtained,No,324
Rajasthan,Sikar,SEZ,404.98,60.19,5767,263478165468.9,32681.32,No,No,Pending,Obtained,Yes,1201
Goa,South Goa,Mining Project,622.67,144.74,9974,461483093506.2,36718.15,No,No,Obtained,Under Review,Yes,424
Puducherry (UT),Mahe,Industrial Corridor,500.13,163.42,5341,249548826008.4,19720.02,Yes,Yes,Pending,Pending,No,2138
Assam,Sonitpur,Urban Infrastructure,225.2,49.52,2354,30568436276.3,2748.9,Yes,No,Under Review,Pending,No,1211
Tripura,Sepahijala,Industrial Corridor,784.1,138.23,1571,255567807843.2,31277.91,No,No,Pending,Pending,Yes,1749
Manipur,Tamenglong,Power Plant,746.55,320.76,7109,280216370235.6,25071.05,No,Yes,Under Review,Pending,Yes,1154
Karnataka,Udupi,State Highway,740.67,443.97,2319,359266720461.9,36919.25,No,No,Obtained,Obtained,Yes,684
Tamil Nadu,Cuddalore,National Highway,243.85,162.03,5240,219704844387.4,22689.54,No,No,Pending,Under Review,No,796
Tamil Nadu,Tiruvannamalai,Railway Line,616.49,316.19,5225,112143038719.7,9543.71,No,No,Obtained,Obtained,No,439
Uttarakhand,Nainital,SEZ,333.82,209.09,3696,41401279090.2,4473.65,Yes,Yes,Pending,Pending,No,1869
Punjab,Muktsar,Irrigation/Dam,277.06,43.82,5014,146568768737.6,13990.11,Yes,Yes,Under Review,Pending,Yes,2156
Maharashtra,Nandurbar,Urban Infrastructure,482.3,54.14,5450,195123009416.0,15956.4,Yes,Yes,Under Review,Pending,No,1678
Puducherry (UT),Karaikal,Irrigation/Dam,648.25,358.63,129,415221634237.2,30194.9,No,No,Under Review,Under Review,Yes,712
Tripura,Sepahijala,State Highway,674.06,33.82,1729,197810007038.9,22075.25,No,No,Pending,Obtained,Yes,1154
Tripura,West Tripura,Industrial Corridor,30.97,12.86,8682,136443196472.5,20259.42,No,No,Under Review,Not Required,No,343
Puducherry (UT),Mahe,Airport,99.71,37.99,8321,398716805055.9,33243.75,Yes,No,Obtained,Pending,Yes,1521
Chandigarh (UT),Chandigarh,Mining Project,358.32,146.45,5348,118332539851.1,14772.25,No,No,Under Review,Under Review,No,293
Tamil Nadu,Sivaganga,National Highway,392.73,170.83,3661,252428124862.1,21530.8,No,No,Obtained,Obtained,No,303
Telangana,Rajanna Sircilla,Mining Project,393.57,248.39,2896,163991839029.9,23447.86,No,No,Obtained,Not Required,No,542
Kerala,Kasaragod,SEZ,393.36,269.17,6978,429738313361.0,32605.16,Yes,Yes,Obtained,Obtained,Yes,1543
West Bengal,Cooch Behar,Power Plant,607.4,407.11,5436,221906180107.1,23772.24,No,No,Not Required,Pending,No,995
Uttarakhand,Dehradun,Airport,466.92,89.46,2065,4196307344.1,302.35,Yes,Yes,Pending,Obtained,No,1671
West Bengal,Purulia,Port Development,190.42,83.92,6521,124001109214.5,17886.09,No,No,Under Review,Not Required,No,233
Chhattisgarh,Bemetara,Mining Project,280.99,50.97,5075,357962029226.2,34769.17,Yes,No,Pending,Under Review,Yes,1744
Maharashtra,Kolhapur,Industrial Corridor,164.89,18.26,4277,306041463809.5,37353.61,No,No,Obtained,Not Required,Yes,406
Meghalaya,West Khasi Hills,Urban Infrastructure,492.6,271.58,4419,17097340132.6,2491.29,Yes,Yes,Obtained,Pending,No,1938
West Bengal,Purba Medinipur (East Medinipur),Power Plant,488.35,191.5,4552,149963914478.3,12900.95,No,No,Pending,Obtained,Yes,1043
Himachal Pradesh,Mandi,Mining Project,148.92,18.13,8695,475728049920.6,34813.66,No,No,Pending,Pending,Yes,1230
Telangana,Mahabubabad,Irrigation/Dam,501.68,186.74,1557,203931817766.5,18536.33,Yes,Yes,Obtained,Obtained,Yes,2040
Arunachal Pradesh,East Siang,Airport,202.38,49.82,4197,192474680274.9,18668.41,No,No,Obtained,Obtained,Yes,460
Himachal Pradesh,Chamba,Mining Project,403.56,149.46,6961,54597320902.2,5402.93,No,Yes,Under Review,Pending,No,1191
Telangana,Suryapet,Irrigation/Dam,274.81,42.12,2144,244877971574.2,33251.21,No,No,Obtained,Obtained,No,291
Haryana,Bhiwani,Airport,197.67,82.01,1445,304779142338.0,32357.1,Yes,Yes,Pending,Under Review,Yes,2200
Kerala,Kollam,Urban Infrastructure,406.8,67.7,4686,40675560238.1,3558.18,Yes,Yes,Obtained,Obtained,Yes,1768
Haryana,Karnal,Irrigation/Dam,686.2,261.88,10733,269349231156.9,22105.49,No,No,Obtained,Pending,Yes,762
Nagaland,Peren,Railway Line,139.86,84.07,945,303724227786.4,35400.9,Yes,Yes,Not Required,Pending,Yes,2147
Uttar Pradesh,Siddharth Nagar,Power Plant,47.74,18.13,154,19067056356.3,2146.57,Yes,Yes,Under Review,Under Review,Yes,1829
Karnataka,Hassan,SEZ,792.68,292.58,10315,216580973124.1,31516.44,No,No,Obtained,Pending,Yes,1045
Rajasthan,Jodhpur,Mining Project,655.31,391.72,1474,87241199920.0,13708.78,Yes,Yes,Under Review,Obtained,No,1489
Meghalaya,Ri Bhoi,SEZ,340.56,87.96,1570,232932937639.4,36235.22,Yes,Yes,Pending,Obtained,No,1337
Lakshadweep (UT),Bithra,Port Development,196.53,77.42,9926,121013966363.2,11094.5,No,No,Obtained,Obtained,No,178
Rajasthan,Jhunjhunu,Airport,684.87,94.91,6799,354954940166.7,36806.66,Yes,Yes,Under Review,Obtained,Yes,1368
Odisha,Koraput,Irrigation/Dam,381.87,103.93,11126,269533255820.2,29896.32,No,No,Under Review,Not Required,No,274
Mizoram,Aizawl,Power Plant,484.21,229.72,3213,385066954817.3,36885.74,No,No,Pending,Obtained,Yes,1059
Mizoram,Saiha,Urban Infrastructure,687.43,464.3,2465,69635338999.2,5044.27,Yes,Yes,Under Review,Pending,No,2110
Chhattisgarh,Bastar,Irrigation/Dam,503.42,126.24,2141,213045091628.7,23169.13,No,No,Under Review,Pending,Yes,1115
Odisha,Angul,Port Development,240.16,169.7,5043,106026525558.1,14607.85,No,No,Obtained,Pending,No,944
Arunachal Pradesh,Lohit,Power Plant,134.15,14.49,9418,355045132465.3,25506.4,Yes,Yes,Obtained,Pending,Yes,2071
Madhya Pradesh,Betul,National Highway,214.22,102.71,3072,446794082048.0,37764.0,Yes,Yes,Not Required,Under Review,Yes,1747
Bihar,Begusarai,Industrial Corridor,774.74,533.03,615,358459673047.1,26479.72,No,Yes,Obtained,Pending,No,1626
Sikkim,West Sikkim,National Highway,762.68,430.38,10770,321256407880.8,26428.06,No,No,Obtained,Not Required,No,368
Odisha,Ganjam,Industrial Corridor,569.53,149.6,2353,275668022714.6,28417.9,No,No,Obtained,Obtained,Yes,551
Chhattisgarh,Dantewada (South Bastar),Railway Line,702.74,349.75,7280,72974592154.0,10465.76,No,No,Obtained,Pending,Yes,1027
Lakshadweep (UT),Minicoy,Irrigation/Dam,482.31,359.07,5372,61762735362.0,4896.7,Yes,Yes,Under Review,Under Review,Yes,1820
Haryana,Mewat,Railway Line,85.45,37.93,10710,392687770809.4,31159.73,No,No,Obtained,Pending,No,820
Puducherry (UT),Mahe,National Highway,599.99,244.15,10316,166387362959.7,27010.11,No,No,Obtained,Obtained,No,208
Manipur,Bishnupur,Urban Infrastructure,475.43,233.44,9407,132092592166.0,17528.36,No,No,Obtained,Pending,No,555
Telangana,Mancherial,Railway Line,22.69,11.9,10582,81141450456.8,12293.83,Yes,Yes,Obtained,Under Review,No,1705
Andhra Pradesh,Vizianagaram,Power Plant,454.77,89.79,4026,334423090209.5,25163.42,No,No,Pending,Under Review,No,494
Jammu and Kashmir,Rajouri,Industrial Corridor,478.41,292.17,8426,458857151132.8,35311.99,No,No,Obtained,Pending,No,887
Delhi (NCT),South West  Delhi,Mining Project,466.71,225.0,10752,75450791112.4,8433.57,No,No,Obtained,Under Review,No,248
Karnataka,Bagalkot,Port Development,385.65,274.42,6023,38221319094.3,2910.63,Yes,Yes,Pending,Not Required,No,1999
Himachal Pradesh,Kinnaur,Irrigation/Dam,362.97,161.66,1419,321998460845.0,27191.33,No,No,Obtained,Pending,Yes,792
Telangana,Rangareddy,Railway Line,182.72,35.3,3717,102407836763.1,8542.16,No,No,Pending,Not Required,Yes,966
Madhya Pradesh,Ujjain,Irrigation/Dam,204.78,114.22,1947,38686843765.0,4961.69,Yes,Yes,Obtained,Obtained,No,1322
Assam,Biswanath,Port Development,780.99,91.67,5238,272629079694.1,31662.17,Yes,No,Pending,Obtained,No,1182
Punjab,Fazilka,Railway Line,167.43,9.68,3921,311550541194.9,36089.92,No,No,Obtained,Under Review,Yes,573
Arunachal Pradesh,Lower Dibang Valley,Railway Line,34.51,16.31,5980,390263690527.7,30364.7,No,No,Obtained,Pending,Yes,1313
Goa,South Goa,State Highway,29.4,18.59,7585,105288557336.5,17195.78,No,No,Pending,Pending,Yes,1857
Haryana,Mewat,Irrigation/Dam,743.94,545.89,241,107532075020.7,8698.39,No,No,Obtained,Pending,Yes,1562
Kerala,Thrissur,Power Plant,634.45,121.64,10384,117552174178.1,11929.33,No,No,Pending,Pending,Yes,1117
Gujarat,Aravalli,National Highway,538.9,100.95,11435,136956997013.0,15581.67,Yes,No,Obtained,Under Review,Yes,1439
Assam,Majuli,Power Plant,517.61,300.35,8020,78826630838.8,9808.12,Yes,Yes,Obtained,Under Review,No,1664
Odisha,Kendrapara,Railway Line,559.02,226.05,5621,97911512385.8,13100.29,No,No,Obtained,Obtained,No,188
Manipur,Churachandpur,Urban Infrastructure,522.69,200.02,4051,189904876122.8,15324.07,No,No,Obtained,Obtained,No,335
Punjab,Jalandhar,Railway Line,683.72,84.19,3382,112221258986.1,10734.37,Yes,No,Under Review,Pending,No,1118
Sikkim,West Sikkim,Railway Line,168.1,32.53,7295,314481574786.6,32163.53,Yes,Yes,Not Required,Under Review,No,1083
Goa,North Goa,Power Plant,331.02,65.35,6164,170267319752.1,26423.14,No,No,Obtained,Under Review,Yes,664
Mizoram,Saiha,Mining Project,114.73,30.83,7945,261927840205.7,25416.18,Yes,Yes,Obtained,Obtained,No,1666
Uttar Pradesh,Chandauli,Irrigation/Dam,244.26,55.63,7332,20607925054.7,3007.97,No,No,Obtained,Under Review,Yes,497
Odisha,Bargarh,Mining Project,665.89,229.2,6423,70984094783.9,8820.26,No,No,Pending,Pending,No,1104
Tripura,West Tripura,SEZ,204.39,56.54,10888,106582313446.4,12228.42,Yes,No,Not Required,Obtained,No,1157
Jharkhand,Deoghar,State Highway,684.83,227.71,10843,272025499585.1,21212.8,No,No,Pending,Obtained,No,625
Sikkim,East Sikkim,Urban Infrastructure,319.76,227.86,4612,81853268138.4,6116.92,No,No,Under Review,Obtained,No,485
Rajasthan,Bhilwara,Irrigation/Dam,721.76,102.14,10475,377953854982.1,33075.09,Yes,Yes,Under Review,Pending,No,2017
Nagaland,Longleng,State Highway,730.66,316.06,2736,88327030884.1,8527.18,No,No,Pending,Not Required,Yes,1064
Goa,South Goa,SEZ,39.23,26.55,9480,22427695751.2,1692.02,No,No,Pending,Obtained,Yes,1163
Rajasthan,Jodhpur,Urban Infrastructure,506.76,213.31,10013,312400574994.0,29484.47,Yes,Yes,Under Review,Obtained,No,1602
Madhya Pradesh,Panna,Mining Project,599.57,256.34,5942,424215515214.0,30506.75,No,No,Not Required,Obtained,No,324
West Bengal,Purulia,Urban Infrastructure,577.12,48.47,2624,22708629118.3,3552.1,No,No,Pending,Obtained,No,756
Punjab,Fatehgarh Sahib,Power Plant,25.35,10.99,6904,63735068333.3,5077.15,Yes,Yes,Obtained,Pending,No,1770
Puducherry (UT),Karaikal,Airport,634.75,49.52,863,83497789885.8,8112.07,Yes,Yes,Obtained,Obtained,No,1275
Nagaland,Phek,State Highway,509.58,34.08,5539,277811438265.0,24953.96,No,No,Pending,Under Review,No,662
Haryana,Kaithal,State Highway,519.08,38.58,11164,348580360482.3,27481.28,No,No,Under Review,Under Review,Yes,506
Nagaland,Mon,Industrial Corridor,256.75,174.59,8081,454720622309.7,37468.43,Yes,Yes,Under Review,Obtained,No,1269
Telangana,Medak,Industrial Corridor,141.38,80.26,4192,200647695689.9,15853.55,No,No,Obtained,Pending,No,1018
Assam,Goalpara,Irrigation/Dam,288.01,131.4,4994,79205914661.5,8011.47,No,No,Under Review,Not Required,No,295
Uttar Pradesh,Mirzapur,Railway Line,39.01,21.72,3066,254544052038.4,24121.6,No,No,Obtained,Pending,No,946
Arunachal Pradesh,Lohit,Irrigation/Dam,115.02,27.1,10005,345098554602.9,28127.44,No,No,Pending,Under Review,No,539
Nagaland,Longleng,Irrigation/Dam,193.1,13.01,577,282326213194.2,37922.76,No,No,Under Review,Obtained,Yes,659
West Bengal,Murshidabad,Mining Project,94.51,37.38,10445,148074046496.5,15771.54,Yes,Yes,Obtained,Pending,No,1982
Uttar Pradesh,Basti,Mining Project,538.35,34.2,9839,244872103098.9,33234.15,No,No,Pending,Obtained,Yes,1072
Telangana,Komaram Bheem Asifabad,Port Development,300.48,189.43,11193,86010375682.0,10508.74,No,No,Obtained,Under Review,No,466
Kerala,Kollam,SEZ,610.19,314.28,808,45022030912.8,5359.61,No,No,Under Review,Under Review,Yes,867
Tripura,Khowai,SEZ,753.88,218.34,9472,182021130450.5,23322.17,Yes,Yes,Obtained,Under Review,Yes,1345
Tripura,South Tripura,Mining Project,580.14,291.0,9407,27784729883.0,2037.89,No,No,Obtained,Obtained,Yes,851
Tamil Nadu,Coimbatore,Port Development,533.18,75.42,5250,378357022607.2,29364.57,No,No,Obtained,Under Review,No,220
West Bengal,Darjeeling,Urban Infrastructure,665.51,98.63,7630,306091695293.1,35107.83,No,No,Obtained,Pending,No,765
Delhi (NCT),West Delhi,State Highway,757.25,539.48,5199,345062531867.6,32029.92,Yes,No,Not Required,Pending,No,1745
Kerala,Kozhikode,Airport,296.48,18.45,7452,112860193035.6,14191.33,Yes,Yes,Not Required,Obtained,No,1473
Sikkim,South Sikkim,Power Plant,366.1,209.05,9893,299367755581.0,33014.73,No,No,Obtained,Under Review,Yes,885
Andhra Pradesh,Visakhapatnam,Industrial Corridor,147.44,74.72,3119,240611481922.2,29960.07,Yes,Yes,Obtained,Pending,Yes,2200
Himachal Pradesh,Sirmaur (Sirmour),SEZ,164.66,75.21,8120,269176117107.1,32138.28,Yes,No,Under Review,Pending,Yes,2007
Assam,Darrang,Industrial Corridor,217.89,154.56,8549,175430652505.7,26432.5,No,No,Pending,Obtained,Yes,1312
Karnataka,Hassan,Mining Project,274.18,186.58,11020,38098507492.2,4538.36,Yes,Yes,Pending,Under Review,Yes,1851
Punjab,Sangrur,Power Plant,194.83,73.81,6270,261131670028.9,33047.99,No,No,Obtained,Pending,Yes,1034
Nagaland,Longleng,SEZ,662.37,104.71,3290,191949317777.6,16513.58,No,No,Under Review,Obtained,No,209
Sikkim,West Sikkim,Industrial Corridor,464.87,77.11,7443,120762105019.2,13116.02,Yes,Yes,Not Required,Obtained,Yes,1519
Daman and Diu (UT),Diu,Urban Infrastructure,794.48,211.21,7580,125154814435.0,12376.01,Yes,Yes,Obtained,Not Required,Yes,1369
Assam,Morigaon,Airport,125.03,68.33,2210,179509101274.1,15382.4,No,No,Under Review,Obtained,Yes,812
Odisha,Rayagada,Irrigation/Dam,625.82,184.66,6884,428897369629.7,32369.53,No,No,Under Review,Under Review,Yes,498
Jharkhand,Palamu,Industrial Corridor,752.14,326.24,3224,81761477930.0,6933.0,Yes,Yes,Pending,Pending,No,1907
Goa,South Goa,Urban Infrastructure,51.27,6.55,820,169675054497.2,22607.74,Yes,Yes,Pending,Under Review,Yes,1882
Kerala,Kozhikode,Airport,292.26,165.98,9507,235231471935.5,25256.76,No,No,Pending,Pending,No,1550
Arunachal Pradesh,Tirap,Mining Project,132.85,71.8,375,226745281214.1,24971.04,Yes,Yes,Under Review,Obtained,No,1784
Nagaland,Tuensang,Industrial Corridor,638.19,193.73,6279,256110045114.3,29881.14,No,No,Obtained,Pending,Yes,922
Tamil Nadu,Kanchipuram,Power Plant,366.02,167.87,185,405904327151.0,34617.49,Yes,Yes,Obtained,Pending,No,1602
Chhattisgarh,Bilaspur,Airport,289.9,96.27,1837,87759281365.4,10946.46,No,No,Not Required,Under Review,Yes,640
Mizoram,Lunglei,Industrial Corridor,649.78,205.65,10960,418830051061.4,37947.37,Yes,Yes,Obtained,Pending,No,2181
Karnataka,Mandya,Mining Project,339.52,57.93,10476,241204736912.5,23479.91,No,No,Pending,Obtained,No,579
Manipur,Churachandpur,SEZ,233.08,104.77,2429,430032064683.7,32874.67,No,No,Obtained,Not Required,Yes,644
Puducherry (UT),Mahe,Mining Project,313.05,145.91,3528,74214589189.9,9797.96,No,No,Pending,Obtained,Yes,892
Arunachal Pradesh,Tawang,SEZ,602.54,351.01,6789,229944078069.0,21784.37,No,No,Obtained,Obtained,No,315
Arunachal Pradesh,Upper Subansiri,Mining Project,700.57,443.72,8062,95995449645.7,11190.02,No,No,Not Required,Under Review,Yes,605
Tripura,North Tripura,Power Plant,43.61,15.29,2854,76052165921.3,8271.58,No,No,Under Review,Not Required,Yes,738
Madhya Pradesh,Neemuch,State Highway,215.45,18.64,6701,5701880006.4,939.85,No,No,Obtained,Not Required,Yes,514
Delhi (NCT),Shahdara,Railway Line,775.73,421.29,1002,43734707239.7,3688.58,Yes,Yes,Obtained,Pending,No,1740
Daman and Diu (UT),Diu,National Highway,386.9,55.25,10434,60700997698.5,6813.43,No,No,Not Required,Obtained,No,287
Nagaland,Longleng,Airport,748.87,139.1,7137,266499165341.3,21266.12,No,No,Under Review,Pending,Yes,897
Haryana,Jhajjar,Industrial Corridor,116.89,25.66,2335,40201253428.7,6343.69,No,No,Under Review,Not Required,Yes,454
Karnataka,Kodagu,Mining Project,218.68,25.89,7633,155993884804.7,16574.77,No,No,Pending,Obtained,No,638
Himachal Pradesh,Kangra,Irrigation/Dam,429.94,128.88,7535,383044851890.6,28833.1,No,No,Not Required,Under Review,Yes,550
Goa,South Goa,Industrial Corridor,506.14,374.97,10356,176060765057.1,18070.67,No,No,Obtained,Not Required,Yes,818
Manipur,Churachandpur,Port Development,205.19,53.04,3623,264834734589.2,24527.11,No,No,Obtained,Under Review,Yes,600
Uttar Pradesh,Moradabad,National Highway,775.4,408.5,9949,209468928875.3,15336.12,Yes,Yes,Obtained,Obtained,Yes,1876
Jammu and Kashmir,Kulgam,Airport,671.95,420.72,10376,90132574225.6,12156.4,No,No,Pending,Obtained,No,909
West Bengal,Nadia,Irrigation/Dam,141.85,45.62,5494,281025072337.6,30125.23,No,No,Obtained,Obtained,Yes,505
Bihar,Bhagalpur,Irrigation/Dam,578.05,430.86,7822,5884440263.0,847.85,Yes,Yes,Obtained,Obtained,No,1455
Jammu and Kashmir,Reasi,Port Development,168.05,72.88,1673,195168148491.4,20812.96,No,No,Obtained,Pending,No,615
Uttar Pradesh,Amethi (Chatrapati Sahuji Mahraj Nagar),Mining Project,364.08,251.91,4814,347218771224.4,30704.35,No,No,Obtained,Pending,No,708
Gujarat,Surat,Mining Project,44.47,32.66,8601,510684495071.5,36764.52,No,No,Under Review,Pending,No,1057
Gujarat,Surendranagar,National Highway,738.56,461.45,9419,247659333146.2,32224.47,No,No,Obtained,Obtained,Yes,724
Uttar Pradesh,Siddharth Nagar,State Highway,535.79,36.64,508,212342983491.2,26474.17,Yes,No,Not Required,Obtained,Yes,842
Tripura,Khowai,Airport,501.34,150.6,988,204103962036.6,17280.06,No,No,Not Required,Under Review,Yes,732
Assam,Morigaon,SEZ,581.75,236.67,9183,292781887993.8,30830.1,No,No,Not Required,Under Review,Yes,546
Tamil Nadu,Chennai,State Highway,777.25,508.64,4995,25108174688.8,2687.28,No,No,Not Required,Under Review,No,511
West Bengal,Burdwan (Bardhaman),Port Development,55.34,10.94,6451,197469435814.6,30706.36,No,No,Obtained,Under Review,No,244
Tamil Nadu,Tiruchirappalli,State Highway,284.31,81.86,7253,17489050869.3,1987.05,No,No,Obtained,Pending,Yes,1046
Tripura,South Tripura,Urban Infrastructure,578.75,137.31,10552,268657041366.5,34042.6,No,No,Obtained,Under Review,No,239
Haryana,Sirsa,State Highway,275.67,113.73,4975,234426987518.5,22054.25,No,No,Pending,Obtained,Yes,852
Sikkim,East Sikkim,Port Development,495.1,59.72,7067,414880825661.9,36516.43,No,No,Pending,Obtained,Yes,774
Telangana,Siddipet,Airport,641.54,128.73,6387,27792138916.9,3042.86,No,No,Pending,Pending,Yes,1345
Gujarat,Narmada (Rajpipla),Railway Line,230.84,28.4,6040,211074796860.4,33429.92,Yes,Yes,Pending,Obtained,No,1541
Assam,Golaghat,Port Development,563.22,270.25,4837,30952463656.7,2336.23,No,No,Obtained,Not Required,No,294
Meghalaya,North Garo Hills,SEZ,771.19,309.86,9870,345940576626.2,25061.79,Yes,Yes,Not Required,Not Required,No,1499
Assam,Golaghat,State Highway,687.32,270.94,10851,3295074242.6,288.46,No,No,Obtained,Pending,Yes,1017
Jharkhand,Garhwa,Railway Line,152.13,41.96,9610,247896706420.4,18030.28,Yes,Yes,Obtained,Not Required,Yes,2118
Goa,North Goa,Irrigation/Dam,40.88,5.03,2482,5435935163.2,445.27,Yes,Yes,Obtained,Obtained,No,1285
Jharkhand,Koderma,Port Development,335.61,196.12,4520,269572885722.6,28163.17,No,No,Pending,Pending,Yes,1595
Telangana,Medak,National Highway,752.07,377.92,4019,290071227346.1,37615.98,No,No,Under Review,Under Review,Yes,833
Assam,Cachar,SEZ,562.52,223.48,4004,33768522136.7,3725.84,Yes,Yes,Obtained,Pending,No,1566
Arunachal Pradesh,Lohit,Industrial Corridor,28.38,17.71,1991,293305188830.7,32587.89,No,No,Pending,Not Required,No,560
Puducherry (UT),Yanam,State Highway,102.83,70.79,5902,323964207380.1,23331.84,Yes,Yes,Obtained,Obtained,Yes,1651
Puducherry (UT),Mahe,Port Development,531.3,200.25,10793,172254571863.0,24746.64,No,No,Not Required,Obtained,Yes,635
Andhra Pradesh,Visakhapatnam,Urban Infrastructure,618.44,93.82,3001,281586400714.4,29786.22,No,No,Obtained,Pending,Yes,1054
Jammu and Kashmir,Kulgam,Industrial Corridor,324.35,100.22,7210,185966401717.8,28560.19,Yes,Yes,Not Required,Obtained,Yes,2012
Sikkim,North Sikkim,Port Development,367.04,264.62,6009,282018143641.2,20606.47,No,No,Obtained,Obtained,Yes,802
Chandigarh (UT),Chandigarh,Port Development,426.89,144.23,8995,154772055899.8,20586.06,No,No,Pending,Obtained,Yes,892
Rajasthan,Rajsamand,Port Development,93.88,12.07,801,313444710484.8,27198.57,No,No,Not Required,Pending,Yes,866
Puducherry (UT),Yanam,National Highway,523.4,95.33,7750,353786218598.7,33699.51,No,No,Pending,Obtained,Yes,1201
Meghalaya,South West Garo Hills ,Railway Line,19.75,8.01,2877,16017860016.2,1711.68,No,No,Pending,Pending,No,946
Himachal Pradesh,Kangra,State Highway,771.65,539.09,5292,459867221279.5,37625.16,No,No,Obtained,Obtained,Yes,799
Goa,North Goa,Mining Project,543.65,234.98,11250,73382452504.3,8158.42,No,No,Under Review,Obtained,Yes,495
Lakshadweep (UT),Chethlath,Industrial Corridor,267.27,109.94,787,34204087230.2,5187.64,Yes,Yes,Pending,Under Review,No,1771
Kerala,Thrissur,State Highway,329.52,102.76,11222,61558298201.5,6076.4,Yes,Yes,Pending,Not Required,Yes,2070
Meghalaya,North Garo Hills,Mining Project,661.23,486.92,3014,176160653531.1,23450.14,No,No,Obtained,Obtained,Yes,813
Himachal Pradesh,Shimla,Power Plant,708.6,365.52,3111,278299515668.8,35947.5,No,No,Pending,Pending,No,1281
Odisha,Kalahandi,SEZ,429.18,226.64,3098,249309934973.8,29854.99,Yes,Yes,Obtained,Pending,No,2072
Punjab,Fazilka,Railway Line,442.15,175.2,9156,139986168126.9,19191.47,No,No,Obtained,Obtained,Yes,649
Gujarat,Aravalli,Irrigation/Dam,431.34,222.96,10190,372255679237.7,33507.59,No,No,Obtained,Obtained,No,445
Daman and Diu (UT),Diu,State Highway,386.2,146.58,2139,150720976897.8,14715.02,No,No,Under Review,Obtained,Yes,495
Jharkhand,Gumla,Port Development,521.41,55.89,11301,285151558127.3,21947.07,Yes,Yes,Pending,Under Review,Yes,1729
Manipur,Ukhrul,Urban Infrastructure,238.78,65.77,7825,26098575339.5,2533.01,Yes,Yes,Under Review,Under Review,Yes,1822
Madhya Pradesh,Bhind,Port Development,202.95,107.33,8707,120387853640.2,9374.2,No,Yes,Obtained,Not Required,No,880
Chandigarh (UT),Chandigarh,State Highway,575.71,381.82,7854,238456626449.9,24925.44,No,No,Under Review,Obtained,Yes,884
Arunachal Pradesh,West Siang,State Highway,244.59,142.92,9510,111406773172.9,9416.85,Yes,Yes,Obtained,Pending,No,1611
Delhi (NCT),South West  Delhi,Railway Line,557.6,74.09,7151,49220440069.0,5396.17,No,No,Obtained,Under Review,Yes,418
Assam,West Karbi Anglong,National Highway,371.44,103.93,7799,134551928284.2,12096.42,No,No,Under Review,Obtained,Yes,664
Gujarat,Porbandar,Railway Line,559.62,390.8,8948,36363709887.0,4679.85,No,No,Obtained,Pending,No,1012
Andhra Pradesh,Prakasam,Industrial Corridor,735.08,421.69,10783,139309978015.0,18593.23,Yes,Yes,Obtained,Under Review,Yes,2038
Gujarat,Chhota Udepur,Power Plant,667.87,207.92,8633,174414483696.8,19582.22,Yes,Yes,Pending,Pending,Yes,2200
Telangana,Jogulamba Gadwal,National Highway,493.17,307.93,5479,166811682913.6,17831.06,No,No,Under Review,Pending,No,1048
Haryana,Sirsa,Port Development,43.28,31.98,644,267354133709.6,26291.69,Yes,No,Pending,Pending,Yes,2200
Jharkhand,Godda,Irrigation/Dam,384.21,219.37,2283,391437561839.6,31067.52,No,No,Pending,Pending,Yes,1456
Gujarat,Jamnagar,Power Plant,348.03,142.3,6055,180138710116.8,23370.42,No,No,Not Required,Obtained,Yes,497
Puducherry (UT),Karaikal,State Highway,306.18,104.79,2653,163330690015.4,21196.05,Yes,Yes,Pending,Pending,Yes,2134
Telangana,Komaram Bheem Asifabad,Mining Project,434.33,171.27,2348,203921492145.6,15668.45,No,No,Obtained,Under Review,No,330
Tamil Nadu,Tirunelveli,Irrigation/Dam,773.61,461.68,2572,242948934442.6,19861.9,No,No,Pending,Under Review,No,896
Meghalaya,North Garo Hills,Port Development,722.67,352.09,11347,94875307432.5,7879.26,Yes,Yes,Pending,Obtained,Yes,1712
Sikkim,East Sikkim,National Highway,98.4,38.93,5549,130692795676.0,15079.05,No,No,Obtained,Not Required,Yes,656
Madhya Pradesh,Ashoknagar,Power Plant,446.14,324.5,6689,57801625149.3,4517.04,No,No,Pending,Obtained,Yes,1094
Puducherry (UT),Yanam,State Highway,24.25,3.34,11109,292796130426.2,30446.26,Yes,Yes,Obtained,Pending,No,2004
Rajasthan,Bikaner,Railway Line,604.43,142.49,6042,364703082013.8,31537.7,No,No,Obtained,Obtained,Yes,532
Puducherry (UT),Yanam,Railway Line,367.9,269.88,5462,49681605751.8,7659.64,No,No,Under Review,Pending,Yes,1273
Haryana,Jhajjar,Urban Infrastructure,140.47,69.23,3381,76643496972.6,6482.66,No,No,Obtained,Not Required,Yes,495
Mizoram,Mamit,National Highway,664.22,85.1,9701,257349059159.6,35533.16,No,No,Pending,Pending,No,1053
Delhi (NCT),North East  Delhi,National Highway,496.74,370.71,1018,238992889183.4,21533.92,Yes,No,Not Required,Pending,No,1314
Meghalaya,South West Khasi Hills,Mining Project,758.57,396.54,5767,132664509188.6,16494.56,Yes,No,Pending,Obtained,Yes,2036
Arunachal Pradesh,Tirap,Power Plant,776.16,238.24,2329,181262198068.3,16245.43,No,No,Not Required,Pending,No,651
Delhi (NCT),North East  Delhi,Airport,206.95,93.99,8103,251574157051.9,30289.19,No,No,Obtained,Pending,No,600
Haryana,Mewat,Irrigation/Dam,687.66,121.54,6637,31972414806.9,3911.11,Yes,Yes,Pending,Obtained,Yes,2161
Assam,Tinsukia,Urban Infrastructure,480.23,116.25,6015,100047623738.2,13595.8,No,No,Not Required,Obtained,Yes,465
Odisha,Balasore,Industrial Corridor,618.92,339.67,4274,196106071766.8,14775.56,Yes,No,Obtained,Pending,Yes,2159
Mizoram,Saiha,Airport,175.69,89.32,3035,350089829504.6,26339.54,No,No,Obtained,Under Review,Yes,835
Madhya Pradesh,Betul,Mining Project,336.33,170.74,1831,227672078907.7,25792.82,Yes,Yes,Pending,Pending,Yes,2200
Chhattisgarh,Surajpur  ,State Highway,50.28,2.58,10000,22105827276.0,3242.57,No,No,Obtained,Pending,No,569
Lakshadweep (UT),Bithra,Mining Project,453.07,242.38,527,318295049313.5,25127.39,Yes,Yes,Obtained,Obtained,No,1332
Delhi (NCT),Central Delhi,Port Development,692.01,484.78,1294,24776569805.5,2643.41,No,No,Obtained,Obtained,Yes,637
Himachal Pradesh,Kangra,Port Development,284.26,51.2,4072,150537669617.0,22149.67,No,No,Obtained,Pending,Yes,745
Odisha,Kendrapara,National Highway,147.78,27.02,9533,30494031595.1,3083.07,No,No,Under Review,Pending,Yes,956
Manipur,Senapati,Irrigation/Dam,197.58,66.84,3316,81451925942.7,9594.27,Yes,Yes,Obtained,Under Review,Yes,1675
Rajasthan,Sikar,Railway Line,427.81,24.38,4015,315306509204.5,26707.15,Yes,Yes,Obtained,Pending,Yes,2200
Rajasthan,Dholpur,Airport,285.55,21.59,4517,13077267940.3,1403.9,No,No,Obtained,Pending,Yes,1086
Tamil Nadu,Salem,Railway Line,122.36,41.97,5628,236856217835.4,20547.3,No,No,Under Review,Obtained,No,250
Madhya Pradesh,Bhopal,Irrigation/Dam,455.58,261.16,9507,452163065417.0,35913.08,No,No,Not Required,Obtained,No,330
Jharkhand,West Singhbhum,Urban Infrastructure,703.39,150.69,10087,249123194958.1,24120.58,Yes,Yes,Pending,Obtained,Yes,1542
Manipur,Churachandpur,Railway Line,707.32,315.8,5162,122209512672.1,10729.45,Yes,Yes,Obtained,Pending,Yes,2200
West Bengal,Dakshin Dinajpur (South Dinajpur),SEZ,747.34,445.64,11098,132655996159.2,14985.23,Yes,No,Obtained,Pending,Yes,1671
Punjab,Muktsar,National Highway,691.91,346.63,3792,58017242174.4,5084.81,No,No,Pending,Obtained,Yes,992
Chhattisgarh,Durg,Urban Infrastructure,17.03,8.34,1960,258607340307.4,32418.47,No,No,Pending,Pending,No,1071
Mizoram,Mamit,National Highway,362.85,96.53,4589,78404476930.0,7117.76,No,No,Obtained,Not Required,Yes,415
Mizoram,Lawngtlai,Power Plant,550.76,204.61,10269,147411383567.5,13170.72,Yes,No,Under Review,Obtained,Yes,1411
Andhra Pradesh,Guntur,Industrial Corridor,413.62,224.0,7898,386558618453.5,28702.47,No,No,Pending,Under Review,No,865
Mizoram,Mamit,Irrigation/Dam,744.36,188.85,966,122339365329.9,16058.61,No,No,Obtained,Under Review,Yes,509
Nagaland,Zunheboto,Irrigation/Dam,503.19,313.22,10432,237311853873.2,31611.41,Yes,Yes,Under Review,Obtained,Yes,1884
Punjab,Fatehgarh Sahib,Irrigation/Dam,468.28,197.11,5898,117329579033.5,11483.77,No,No,Obtained,Obtained,Yes,605
Tamil Nadu,Dharmapuri,Mining Project,689.54,369.78,10081,482466813903.3,37339.18,No,No,Obtained,Obtained,Yes,710
Telangana,Medak,Power Plant,308.19,215.55,5763,415756543911.5,30983.46,Yes,Yes,Pending,Obtained,No,1916
Tamil Nadu,Theni,State Highway,166.58,27.17,1992,19305709157.7,1856.79,No,No,Obtained,Obtained,Yes,508
Mizoram,Serchhip,Railway Line,561.96,76.19,2673,139042370927.0,20859.25,Yes,Yes,Obtained,Obtained,Yes,1677
Delhi (NCT),Shahdara,Mining Project,49.87,11.85,4865,27489378933.8,2096.32,No,No,Pending,Pending,No,1038
Sikkim,East Sikkim,Port Development,183.83,112.51,10449,249440762886.7,22773.63,No,No,Pending,Under Review,Yes,1258
Telangana,Rajanna Sircilla,Urban Infrastructure,678.35,102.88,10792,362398470985.0,35480.57,No,No,Obtained,Pending,No,708
Odisha,Nayagarh,Mining Project,294.97,98.43,5466,39692323280.5,6532.14,No,No,Obtained,Not Required,No,282
Uttar Pradesh,Shahjahanpur,Power Plant,295.28,26.63,9102,54444954471.9,7175.89,No,No,Obtained,Obtained,Yes,765
Uttarakhand,Uttarkashi,State Highway,269.33,38.65,8494,195365295960.9,28400.75,No,Yes,Pending,Obtained,No,1118
Chhattisgarh,Bastar,Irrigation/Dam,156.56,21.02,912,284014980869.5,25152.93,Yes,Yes,Obtained,Pending,No,1607
Chandigarh (UT),Chandigarh,Mining Project,278.29,111.17,8802,248917457000.9,25940.1,No,No,Pending,Not Required,Yes,1221
Telangana,Jogulamba Gadwal,Urban Infrastructure,489.95,260.38,7404,164801216159.8,20509.49,No,No,Under Review,Not Required,No,524
Delhi (NCT),Central Delhi,State Highway,260.89,184.93,5971,323902568015.0,32075.03,Yes,No,Pending,Not Required,Yes,1553
Meghalaya,West Khasi Hills,Port Development,280.73,90.51,10944,420484215726.3,35953.48,Yes,Yes,Pending,Obtained,Yes,1806
Kerala,Idukki,Port Development,192.91,52.45,2988,454239284366.8,34432.44,No,No,Obtained,Obtained,Yes,642
Jharkhand,Dhanbad,State Highway,210.16,40.86,2398,114721909089.2,16193.76,No,No,Under Review,Pending,No,632
Bihar,Khagaria,National Highway,76.45,18.64,3620,248136833077.5,29036.61,No,No,Obtained,Obtained,Yes,480
Puducherry (UT),Karaikal,Railway Line,125.45,39.27,5878,115648668370.3,18608.64,Yes,Yes,Pending,Not Required,Yes,2182
Tripura,South Tripura,State Highway,176.77,123.44,8475,81992824211.1,9788.83,Yes,Yes,Under Review,Under Review,No,1734
Andhra Pradesh,Nellore,Mining Project,219.76,125.68,10134,7421623620.4,540.65,No,No,Obtained,Obtained,Yes,729
Assam,Majuli,State Highway,151.04,69.83,10475,98235284555.1,9916.04,Yes,No,Obtained,Obtained,No,1158
Sikkim,West Sikkim,Power Plant,325.95,47.53,9709,242238095308.1,21297.26,No,No,Under Review,Obtained,Yes,563
Telangana,Peddapalli,Airport,117.19,63.2,9734,65830653980.3,5233.88,Yes,Yes,Obtained,Pending,No,1777
Gujarat,Valsad,SEZ,705.15,392.53,4918,8479621742.3,640.88,No,No,Pending,Pending,No,1283
Uttar Pradesh,Chitrakoot,Irrigation/Dam,756.81,295.1,8759,170076515820.9,24908.76,No,No,Pending,Obtained,Yes,1101
Jammu and Kashmir,Rajouri,Power Plant,446.3,239.92,8456,116088679705.3,14184.51,No,Yes,Pending,Under Review,No,1457
Andhra Pradesh,Visakhapatnam,Port Development,677.01,99.82,7985,330446638129.3,33759.29,Yes,Yes,Under Review,Not Required,Yes,1417
Sikkim,West Sikkim,Urban Infrastructure,33.75,17.05,10200,224632233464.5,26495.16,Yes,Yes,Pending,Obtained,No,1545
Gujarat,Tapi (Vyara),Airport,348.38,147.25,1308,178995317606.0,26739.88,No,No,Obtained,Not Required,No,284
Jharkhand,Gumla,Irrigation/Dam,228.24,103.66,7307,17329080338.6,1425.81,Yes,Yes,Not Required,Under Review,Yes,1930
Delhi (NCT),North Delhi,National Highway,609.28,72.94,774,81926474642.3,9897.39,Yes,Yes,Obtained,Obtained,Yes,1546
Himachal Pradesh,Shimla,Industrial Corridor,687.37,238.54,7819,67329625071.8,8115.89,Yes,Yes,Obtained,Pending,Yes,2200
Bihar,Darbhanga,State Highway,780.12,547.75,6171,118629046985.0,9739.49,No,No,Not Required,Obtained,No,495
Gujarat,Chhota Udepur,State Highway,184.07,84.65,2670,143011551734.3,19558.73,No,No,Pending,Pending,Yes,1301
Manipur,Senapati,Industrial Corridor,334.03,139.22,10390,161958404882.7,17126.09,No,No,Under Review,Obtained,No,216
Puducherry (UT),Karaikal,Irrigation/Dam,221.97,62.43,5778,174539915626.6,22411.42,Yes,Yes,Under Review,Pending,No,2000
Telangana,Mancherial,National Highway,248.93,44.13,1896,233405371049.8,30370.9,No,No,Not Required,Obtained,No,277
Maharashtra,Gondia,Power Plant,359.81,176.32,11273,285142204372.6,36944.73,No,No,Under Review,Obtained,Yes,584
West Bengal,Purba Medinipur (East Medinipur),Airport,770.74,413.29,9956,232397831664.0,20007.41,Yes,Yes,Obtained,Obtained,No,1720
Mizoram,Lunglei,State Highway,101.19,63.81,77,110219938031.2,16094.69,Yes,No,Under Review,Obtained,Yes,1369
Puducherry (UT),Mahe,SEZ,372.9,75.1,949,292384274800.6,28753.03,No,No,Under Review,Obtained,Yes,519
Chhattisgarh,Bemetara,State Highway,287.55,156.32,1867,86761273690.9,8605.72,No,No,Obtained,Not Required,Yes,884
Chhattisgarh,Baloda Bazar,Airport,605.15,382.9,6660,358956264830.5,31647.41,Yes,Yes,Pending,Obtained,No,1938
Gujarat,Valsad,Airport,651.04,451.08,10839,417760533210.1,31041.47,Yes,Yes,Pending,Obtained,Yes,2200
Mizoram,Mamit,Airport,353.04,131.06,8152,457270877737.2,35339.46,No,No,Pending,Under Review,Yes,919
Chhattisgarh,Surajpur  ,Port Development,462.05,339.25,10800,344531929584.2,30922.64,No,No,Not Required,Obtained,Yes,937
Assam,Golaghat,Power Plant,209.92,82.28,7682,199055961047.1,15665.89,Yes,Yes,Under Review,Pending,No,2127
Meghalaya,South Garo Hills,Industrial Corridor,712.88,499.03,9604,159593649089.0,22185.23,Yes,Yes,Pending,Obtained,No,2092
Bihar,Madhepura,Airport,415.31,144.44,10516,320073966804.9,32528.29,Yes,Yes,Not Required,Obtained,No,1534
Uttar Pradesh,Balrampur,Port Development,584.16,114.85,10268,281543960580.6,31744.77,No,No,Under Review,Under Review,No,291
West Bengal,Kolkata,Power Plant,511.5,272.39,3806,258473809785.9,21715.6,No,No,Not Required,Under Review,No,499
Punjab,Mansa,SEZ,431.24,231.59,9579,16277695644.3,1727.28,No,No,Obtained,Pending,No,1094
Manipur,Ukhrul,Railway Line,524.96,187.21,7176,191856174367.3,27360.28,No,No,Obtained,Obtained,Yes,617
Bihar,Khagaria,Irrigation/Dam,246.54,38.63,9763,35349552132.9,5113.55,No,No,Not Required,Pending,No,607
Himachal Pradesh,Shimla,Airport,126.67,90.13,8210,275580929211.7,25764.36,Yes,Yes,Under Review,Pending,No,2200
Rajasthan,Sri Ganganagar,Industrial Corridor,32.19,2.52,7708,235721910219.2,23130.98,Yes,No,Obtained,Under Review,No,798
Kerala,Kozhikode,Mining Project,627.3,230.98,8790,19558589040.3,1450.37,No,No,Obtained,Under Review,No,242
Kerala,Idukki,State Highway,252.17,14.12,3665,132218209270.6,21731.89,Yes,No,Obtained,Pending,No,1447
Karnataka,Mandya,Mining Project,630.53,265.26,5670,115047102578.4,16491.02,No,No,Obtained,Under Review,Yes,700
Uttarakhand,Haridwar,State Highway,439.95,47.5,199,251472995826.4,24051.19,No,No,Pending,Pending,Yes,1322
Chhattisgarh,Dhamtari,Irrigation/Dam,791.77,536.91,2813,146323259480.6,13268.65,No,No,Obtained,Obtained,No,503
Assam,Chirang,SEZ,402.37,173.41,4063,55666425429.5,5551.64,No,No,Pending,Pending,No,1242
Delhi (NCT),East Delhi,Mining Project,63.0,40.74,8204,397779331731.4,31039.99,No,No,Obtained,Under Review,No,575
Assam,Majuli,Mining Project,643.12,94.91,6893,54262895637.4,8167.04,No,No,Obtained,Pending,Yes,1081
Haryana,Mahendragarh,Urban Infrastructure,185.85,18.65,9658,139049392439.0,12178.83,Yes,Yes,Under Review,Under Review,Yes,1651
Karnataka,Davangere,Airport,35.16,26.13,3610,238513169089.8,32048.04,No,No,Under Review,Obtained,Yes,714
Uttar Pradesh,Muzaffarnagar,Urban Infrastructure,380.9,132.84,4773,135559665951.4,15254.64,Yes,Yes,Pending,Not Required,Yes,2038
Kerala,Idukki,Industrial Corridor,524.9,128.46,3376,140297535348.4,15890.35,No,No,Pending,Pending,Yes,1483
Rajasthan,Baran,SEZ,332.53,132.68,7137,41328174062.0,4485.5,No,No,Under Review,Pending,Yes,1082
Karnataka,Kodagu,Power Plant,560.51,162.06,6320,381061327164.5,37451.98,No,No,Pending,Obtained,Yes,905
Tripura,Sepahijala,SEZ,685.26,98.86,1514,389616619092.0,27913.44,Yes,Yes,Pending,Under Review,No,1517
Odisha,Dhenkanal,Railway Line,226.96,133.35,113,144957857350.2,19450.59,Yes,Yes,Pending,Obtained,Yes,2117
Goa,North Goa,State Highway,377.21,155.14,239,201514847976.3,31678.04,Yes,Yes,Obtained,Pending,Yes,2080
Sikkim,East Sikkim,Port Development,430.14,252.87,9956,289161444898.8,23516.86,No,No,Pending,Under Review,Yes,1208
Punjab,Mansa,National Highway,548.94,110.89,2857,142187469474.6,16889.38,Yes,Yes,Pending,Pending,Yes,2200
Karnataka,Kalaburagi (Gulbarga),SEZ,701.69,60.38,7923,205620619582.0,29651.07,No,No,Obtained,Pending,No,722
Andhra Pradesh,Nellore,State Highway,138.08,44.81,5885,188692149294.5,25019.02,No,No,Obtained,Pending,No,696
Kerala,Alappuzha,Port Development,409.68,176.4,10699,421709782269.4,30710.39,No,No,Pending,Pending,No,936
Gujarat,Bharuch,SEZ,305.25,145.55,8569,344800628955.0,32410.15,No,No,Not Required,Not Required,Yes,411
Telangana,Medchal,Industrial Corridor,63.34,42.54,4419,37765699877.1,3997.98,No,No,Not Required,Obtained,No,540
Maharashtra,Parbhani,Irrigation/Dam,477.92,161.01,105,206631204018.8,20065.83,No,No,Pending,Pending,No,1060
Jammu and Kashmir,Shopian,Urban Infrastructure,737.46,219.18,190,246039008453.9,21030.95,No,No,Pending,Not Required,Yes,825
Andhra Pradesh,West Godavari,National Highway,745.46,538.09,2996,473759269849.5,36340.97,No,No,Under Review,Under Review,Yes,1023
Manipur,Bishnupur,Power Plant,540.59,106.76,8181,119186480332.7,8640.27,No,No,Obtained,Obtained,No,245
Tamil Nadu,Salem,Port Development,241.43,152.01,9694,149495128301.4,13106.39,No,Yes,Not Required,Obtained,No,715
Arunachal Pradesh,Tawang,Industrial Corridor,232.33,75.6,3461,181535985737.6,18376.0,Yes,Yes,Not Required,Pending,No,2033
Andhra Pradesh,Visakhapatnam,Irrigation/Dam,534.13,268.73,6326,373097887509.7,30350.67,No,No,Pending,Obtained,No,683
Delhi (NCT),North East  Delhi,Urban Infrastructure,518.7,102.03,4376,285129826791.2,22382.69,No,No,Obtained,Pending,No,557
Maharashtra,Latur,Airport,166.5,56.76,2858,57937129136.0,4432.81,No,No,Obtained,Obtained,No,280
Jharkhand,East Singhbhum,Power Plant,378.97,130.32,1920,43268992282.2,3341.38,No,No,Obtained,Pending,Yes,1259
Tamil Nadu,Dindigul,Irrigation/Dam,345.03,50.39,2574,99929876050.0,13287.34,Yes,No,Obtained,Pending,Yes,1893
Goa,North Goa,Mining Project,624.84,138.92,5489,124594702429.9,12368.84,Yes,Yes,Pending,Obtained,Yes,2103
Uttarakhand,Almora,Urban Infrastructure,468.93,321.83,10611,394984822654.3,35217.34,Yes,Yes,Pending,Obtained,Yes,2158
Daman and Diu (UT),Daman,Industrial Corridor,359.09,131.59,6357,14740566003.1,1556.46,Yes,Yes,Under Review,Obtained,Yes,1791
Himachal Pradesh,Bilaspur,Irrigation/Dam,315.19,187.0,1652,117910765713.1,12691.43,No,No,Pending,Obtained,Yes,1073
Puducherry (UT),Yanam,Industrial Corridor,431.06,175.69,9746,235550703550.7,32000.65,No,No,Pending,Pending,Yes,1226
Jammu and Kashmir,Samba,State Highway,49.63,30.15,10771,96133632773.4,9615.9,Yes,Yes,Obtained,Obtained,Yes,1687
Nagaland,Mon,Irrigation/Dam,677.03,276.27,4818,214211980025.6,26190.24,Yes,No,Under Review,Obtained,No,678
Manipur,Ukhrul,National Highway,47.19,32.71,1688,269527401426.8,34338.87,No,No,Not Required,Obtained,No,535
Haryana,Jind,Mining Project,362.42,108.21,10664,191027115002.8,17299.62,No,No,Obtained,Obtained,Yes,624
Karnataka,Haveri,State Highway,298.65,136.22,2371,366737630758.1,30494.44,Yes,Yes,Obtained,Obtained,Yes,1946
Chandigarh (UT),Chandigarh,Irrigation/Dam,718.22,120.9,2864,281928430120.3,21788.02,No,No,Obtained,Pending,Yes,1064
Puducherry (UT),Mahe,Urban Infrastructure,371.46,122.62,9838,71315385777.5,5287.71,Yes,Yes,Under Review,Obtained,No,1447
Bihar,Banka,State Highway,425.42,59.39,8712,159290549983.2,22195.95,Yes,Yes,Not Required,Obtained,Yes,1512
Bihar,Purnia (Purnea),Urban Infrastructure,102.08,36.62,1583,60171861354.1,7350.01,No,No,Under Review,Obtained,Yes,561
Haryana,Kaithal,National Highway,225.09,140.35,2579,30885825482.8,4438.21,Yes,No,Pending,Obtained,Yes,1939
Lakshadweep (UT),Amini,Railway Line,545.83,121.84,5906,225922016032.1,16438.94,Yes,Yes,Under Review,Obtained,Yes,1795
Jharkhand,West Singhbhum,State Highway,147.01,18.52,7024,410496582861.9,30609.05,No,No,Under Review,Pending,Yes,1083
West Bengal,Purba Medinipur (East Medinipur),Airport,136.47,80.27,10674,290671351263.5,21012.55,No,No,Obtained,Obtained,Yes,729
Arunachal Pradesh,East Siang,Airport,332.88,69.79,2261,189251637192.0,15306.04,Yes,No,Obtained,Not Required,Yes,1027
Mizoram,Kolasib,Power Plant,690.36,488.24,6714,220453359046.0,36453.43,No,No,Under Review,Not Required,Yes,659
Madhya Pradesh,Bhopal,Railway Line,633.55,470.1,8926,194779790646.6,15863.85,Yes,Yes,Obtained,Obtained,No,1345
Puducherry (UT),Karaikal,Port Development,491.28,357.06,403,221712768457.0,29775.26,Yes,Yes,Pending,Under Review,Yes,2046
Delhi (NCT),North East  Delhi,Urban Infrastructure,15.43,7.34,2176,274073334984.7,34842.22,Yes,Yes,Obtained,Obtained,Yes,1629
Karnataka,Gadag,Airport,774.95,225.55,5959,196997040076.5,14975.91,Yes,Yes,Pending,Obtained,No,2002
Karnataka,Udupi,Railway Line,140.09,60.69,8481,453138498367.6,35393.42,No,No,Pending,Obtained,Yes,947
Chhattisgarh,Bijapur,Railway Line,393.39,203.9,2875,26513944930.7,2017.79,No,No,Pending,Obtained,No,674
Nagaland,Kohima,Urban Infrastructure,612.11,37.61,10505,118367455622.6,17899.67,Yes,Yes,Obtained,Obtained,No,1164
Karnataka,Raichur,Urban Infrastructure,537.34,78.7,6857,176400019228.9,14552.63,No,No,Obtained,Obtained,No,251
Karnataka,Chikballapur,State Highway,23.27,15.2,2423,100791372162.5,8221.98,No,No,Under Review,Obtained,No,492
Uttar Pradesh,Kanshiram Nagar (Kasganj),Port Development,266.31,15.81,1025,294166462582.9,22251.32,Yes,Yes,Obtained,Obtained,No,1382
Bihar,Arwal,SEZ,640.73,269.52,3527,57597391534.3,8305.05,No,No,Pending,Obtained,Yes,853
Telangana,Yadadri Bhuvanagiri,SEZ,703.7,186.59,11321,35303023395.9,4020.61,No,No,Obtained,Obtained,No,238
Bihar,Lakhisarai,Power Plant,497.94,81.96,10717,35034794599.3,2712.55,No,No,Not Required,Pending,No,665
Uttarakhand,Almora,State Highway,561.51,37.08,2405,281749792314.1,26471.7,Yes,Yes,Obtained,Obtained,No,1609
Jammu and Kashmir,Ganderbal,Irrigation/Dam,200.58,148.84,935,84286407008.5,6407.33,No,No,Not Required,Under Review,No,428
Bihar,Jehanabad,SEZ,715.64,351.32,10049,204734132667.7,31801.3,Yes,Yes,Obtained,Pending,Yes,1994
Andhra Pradesh,Prakasam,SEZ,156.42,44.0,7024,360678462726.6,34940.61,Yes,Yes,Under Review,Pending,Yes,2200
Meghalaya,East Garo Hills,Railway Line,72.0,33.3,2466,389273782113.1,32100.24,No,No,Obtained,Obtained,No,179
Uttar Pradesh,Ghazipur,Urban Infrastructure,426.87,107.57,1365,154539022354.7,11092.92,Yes,Yes,Obtained,Not Required,No,1448
Himachal Pradesh,Bilaspur,Urban Infrastructure,681.27,477.68,7137,233654329909.5,34636.19,No,No,Obtained,Pending,Yes,1154
Odisha,Puri,Airport,596.95,310.12,3143,57690335721.5,9336.88,Yes,Yes,Obtained,Obtained,Yes,1935
Bihar,Begusarai,Urban Infrastructure,400.93,72.39,5610,80447194159.8,10227.16,No,No,Obtained,Pending,No,558
Bihar,East Champaran (Motihari),Irrigation/Dam,463.95,173.67,4922,19795998341.7,1980.32,No,No,Obtained,Pending,No,815
West Bengal,Birbhum,Airport,489.87,46.94,959,304043210629.6,26946.8,No,No,Obtained,Under Review,No,254
Mizoram,Lunglei,SEZ,80.95,6.55,931,98919357620.8,8061.01,Yes,Yes,Pending,Pending,No,1996
Telangana,Khammam,SEZ,354.53,123.97,8021,349499714289.8,35225.29,Yes,Yes,Under Review,Obtained,No,1325
Arunachal Pradesh,Lohit,State Highway,543.84,182.23,7725,145715265689.1,21528.1,Yes,Yes,Pending,Pending,No,1967
Jharkhand,Giridih,Urban Infrastructure,167.25,25.14,8084,18399801521.0,1514.38,Yes,No,Obtained,Obtained,No,903
Assam,Baksa,Irrigation/Dam,574.5,208.63,7845,321872966816.6,31086.83,No,No,Obtained,Pending,No,807
Manipur,Ukhrul,Irrigation/Dam,787.02,205.83,8351,297828862569.7,34771.49,Yes,No,Obtained,Under Review,No,952
West Bengal,Cooch Behar,Mining Project,428.76,46.41,2620,242148586829.4,22337.92,No,No,Obtained,Pending,No,810
Tamil Nadu,Coimbatore,Irrigation/Dam,341.51,27.66,9636,237543561346.0,17590.69,No,No,Pending,Pending,Yes,1108
Chandigarh (UT),Chandigarh,National Highway,328.36,32.72,4554,344912163819.1,33480.57,Yes,Yes,Under Review,Pending,Yes,2200
Delhi (NCT),South East Delhi,Mining Project,348.96,116.05,2831,395382047863.0,34884.45,No,No,Pending,Obtained,Yes,793
Assam,Sonitpur,Railway Line,525.65,193.42,11496,34661744326.1,4155.7,No,No,Obtained,Pending,No,737
Himachal Pradesh,Kinnaur,Port Development,574.97,395.36,1274,31201135299.6,3968.14,No,No,Pending,Obtained,No,847
Uttarakhand,Udham Singh Nagar,State Highway,763.27,464.85,234,95824035419.4,7673.21,No,No,Obtained,Not Required,Yes,701
Mizoram,Aizawl,Urban Infrastructure,153.94,83.09,1104,30964190588.1,4343.78,Yes,Yes,Obtained,Obtained,Yes,1919
Delhi (NCT),South East Delhi,Urban Infrastructure,744.57,71.04,2052,70241835575.0,7880.13,Yes,Yes,Obtained,Under Review,No,1314
Mizoram,Lawngtlai,Port Development,206.83,110.06,9680,341459480107.2,34270.1,Yes,Yes,Pending,Not Required,Yes,2200
Bihar,Bhagalpur,Port Development,531.46,85.33,1449,108686953872.6,15286.32,No,No,Not Required,Obtained,No,278
Odisha,Cuttack,Urban Infrastructure,774.6,313.05,8502,290332758650.8,33241.44,No,No,Pending,Pending,No,1162
Odisha,Bargarh,State Highway,407.22,109.89,8876,95980393316.7,10920.85,No,No,Obtained,Obtained,Yes,478
Chhattisgarh,Sukma,Mining Project,112.06,47.19,7802,73807001490.4,5327.28,No,No,Pending,Obtained,Yes,981
Arunachal Pradesh,Papum Pare,Railway Line,470.9,131.85,1335,106706866662.4,10060.99,Yes,Yes,Under Review,Not Required,Yes,1483
Jharkhand,Hazaribag,National Highway,269.97,181.38,1652,41948588229.9,5210.68,Yes,Yes,Pending,Under Review,No,2114
Nagaland,Kohima,Urban Infrastructure,544.72,214.64,5023,14849107672.2,2010.8,No,No,Obtained,Not Required,Yes,609
Sikkim,South Sikkim,Railway Line,448.3,270.75,7515,56795232304.1,7307.75,No,No,Obtained,Obtained,Yes,694
Uttarakhand,Tehri Garhwal,Airport,732.23,186.85,9430,235582188247.3,31745.52,No,No,Under Review,Not Required,No,267
Delhi (NCT),Shahdara,Urban Infrastructure,573.28,238.06,1985,211888043765.4,23162.62,Yes,Yes,Not Required,Obtained,Yes,1731
Assam,Kamrup Metropolitan,Power Plant,383.37,27.03,10320,83300343638.0,8516.27,No,No,Obtained,Obtained,Yes,661
Karnataka,Yadgir,Port Development,500.23,38.12,5399,215840353874.8,18653.55,No,No,Under Review,Pending,No,683
Gujarat,Valsad,Urban Infrastructure,763.85,74.3,4257,191263790469.5,15935.33,No,No,Under Review,Pending,Yes,1220
Punjab,Moga,Railway Line,44.04,10.2,8764,261541586094.3,21587.42,Yes,Yes,Pending,Under Review,No,2076
Sikkim,North Sikkim,Port Development,670.22,486.45,3555,24430885441.1,2122.93,No,No,Obtained,Obtained,Yes,895
Jharkhand,Deoghar,Industrial Corridor,69.46,30.54,1595,72963949910.0,5558.37,Yes,Yes,Obtained,Pending,No,1580
Lakshadweep (UT),Minicoy,National Highway,779.25,308.3,1772,60019809175.8,5871.06,No,No,Obtained,Pending,Yes,1244
Jammu and Kashmir,Leh,Irrigation/Dam,561.57,248.41,9172,180501978621.0,12906.46,Yes,Yes,Not Required,Obtained,Yes,1482
Arunachal Pradesh,Lower Siang,Power Plant,433.71,239.64,6283,201445639904.4,16827.83,Yes,Yes,Obtained,Obtained,Yes,2112
Himachal Pradesh,Una,Urban Infrastructure,677.75,497.89,6826,177390438085.1,13542.02,Yes,Yes,Pending,Obtained,Yes,1991
Jharkhand,Dhanbad,Power Plant,484.3,230.53,5312,7506096216.4,597.12,No,No,Obtained,Under Review,Yes,677
Karnataka,Haveri,SEZ,657.51,300.68,4896,210428516572.8,21906.53,No,No,Not Required,Pending,Yes,765
Chandigarh (UT),Chandigarh,Irrigation/Dam,313.07,198.28,10414,24689544925.5,1834.92,No,No,Pending,Under Review,Yes,1252
Himachal Pradesh,Una,Urban Infrastructure,450.89,78.25,11097,295962951185.8,35591.32,Yes,Yes,Not Required,Obtained,Yes,1942
Kerala,Idukki,Airport,559.89,269.99,1282,65325113688.5,6904.54,No,No,Obtained,Pending,No,523
Telangana,Kamareddy,Port Development,275.35,173.1,8442,145225909893.5,21137.73,Yes,Yes,Under Review,Pending,No,2081
Delhi (NCT),West Delhi,Port Development,680.29,185.19,683,120251181535.5,12938.42,No,No,Obtained,Not Required,No,238
Manipur,Imphal West,State Highway,357.57,214.81,5072,171029634112.4,22813.48,Yes,Yes,Pending,Pending,Yes,2200
Gujarat,Surat,National Highway,152.71,75.51,2201,404434026897.7,34499.53,Yes,Yes,Pending,Under Review,No,1463
Tripura,South Tripura,Port Development,90.88,20.68,10145,215424807282.9,19150.41,No,No,Obtained,Obtained,No,216
Puducherry (UT),Yanam,Industrial Corridor,636.34,415.54,10351,120161270665.7,11963.05,Yes,Yes,Obtained,Pending,Yes,2200
Madhya Pradesh,Vidisha,Airport,626.3,227.2,9263,362999841600.0,26889.4,No,No,Under Review,Not Required,No,274
Andhra Pradesh,East Godavari,Irrigation/Dam,145.34,8.44,11008,342388989647.7,28590.08,No,No,Obtained,Obtained,Yes,501
Delhi (NCT),North East  Delhi,Port Development,353.5,94.63,10959,24516780732.4,2298.11,No,No,Obtained,Obtained,No,286
Andhra Pradesh,East Godavari,Port Development,695.2,226.36,7252,24080317876.1,2249.5,Yes,Yes,Obtained,Obtained,Yes,1439
Punjab,Moga,National Highway,423.21,238.79,8053,18720620273.8,1645.31,No,No,Obtained,Pending,Yes,1516
Haryana,Hisar,Airport,756.76,346.11,4101,4131084201.4,474.58,No,No,Pending,Obtained,Yes,1128
Bihar,Banka,SEZ,489.17,152.27,995,210891458614.6,15353.05,No,No,Obtained,Pending,Yes,949
Karnataka,Uttara Kannada (Karwar),Railway Line,241.89,133.24,9018,185823009177.3,17321.89,No,No,Under Review,Not Required,Yes,847
Mizoram,Kolasib,Railway Line,269.94,37.74,8429,432052202575.9,32599.47,No,No,Obtained,Obtained,No,275
West Bengal,Purba Medinipur (East Medinipur),Power Plant,602.69,133.83,10852,22077636914.0,1738.04,No,No,Obtained,Obtained,Yes,737
Sikkim,West Sikkim,Irrigation/Dam,79.54,46.77,5867,9186090975.7,720.68,No,No,Pending,Not Required,Yes,1003
Jammu and Kashmir,Jammu,Power Plant,408.75,81.19,4424,9302405251.0,1269.9,No,No,Obtained,Pending,Yes,994
Uttarakhand,Champawat,National Highway,639.64,238.26,2270,356540813524.6,34420.03,Yes,Yes,Obtained,Pending,Yes,2200
Himachal Pradesh,Solan,Irrigation/Dam,202.94,73.57,9278,84049878145.5,6835.0,Yes,Yes,Pending,Pending,Yes,2200
West Bengal,Cooch Behar,SEZ,28.65,20.96,8771,292027492200.0,23343.55,No,No,Under Review,Pending,No,1151
Jharkhand,Chatra,Mining Project,86.3,13.97,3434,58079232259.9,5027.26,Yes,Yes,Obtained,Pending,Yes,2080
Karnataka,Kodagu,Mining Project,423.65,201.48,4660,210911278682.0,15092.56,Yes,Yes,Obtained,Obtained,Yes,1628
Mizoram,Serchhip,Urban Infrastructure,487.09,57.33,7893,213228634443.5,16632.26,No,No,Not Required,Not Required,No,202
Maharashtra,Solapur,Railway Line,241.99,21.88,9640,315301301154.8,27484.8,Yes,Yes,Pending,Pending,No,2200
Nagaland,Tuensang,Railway Line,558.96,291.55,7248,238601506050.3,29648.67,No,No,Pending,Obtained,No,698
Kerala,Kozhikode,State Highway,758.94,258.89,9319,207775980956.9,31439.25,No,No,Pending,Obtained,No,554
Rajasthan,Sawai Madhopur,Industrial Corridor,212.64,143.34,9966,8129541496.5,887.1,Yes,Yes,Pending,Pending,Yes,2200
Chhattisgarh,Sukma,National Highway,322.77,195.05,6848,142403749298.7,13309.92,No,No,Under Review,Pending,Yes,1195
Telangana,Yadadri Bhuvanagiri,Power Plant,503.51,54.77,8693,81809966726.7,10290.36,No,No,Pending,Pending,No,1167
Jammu and Kashmir,Samba,Urban Infrastructure,547.9,212.09,7431,91972331050.0,11050.96,No,No,Pending,Obtained,No,611
Rajasthan,Baran,Mining Project,406.8,76.02,64,124771432616.8,12544.74,Yes,Yes,Not Required,Obtained,Yes,1335
Lakshadweep (UT),Kavaratti,Industrial Corridor,641.36,246.04,6701,308119677502.4,30017.61,No,No,Pending,Under Review,No,683
Himachal Pradesh,Kangra,Mining Project,418.15,285.83,2076,23930097103.6,3623.87,Yes,Yes,Obtained,Under Review,No,1681
Puducherry (UT),Karaikal,Mining Project,716.51,296.27,1306,218398892687.0,18216.89,Yes,Yes,Obtained,Under Review,Yes,1946
Maharashtra,Dhule,National Highway,712.76,359.31,11296,34399520661.7,5035.44,No,No,Obtained,Obtained,No,556
Nagaland,Peren,Urban Infrastructure,700.01,503.19,7280,171681428645.3,26004.52,No,No,Obtained,Obtained,Yes,873
West Bengal,Kolkata,Power Plant,396.32,168.77,10733,227719535789.5,16740.78,Yes,No,Pending,Pending,No,1530
Tripura,Dhalai,Port Development,176.03,73.79,10541,354386381974.0,26055.93,No,No,Under Review,Obtained,No,224
Manipur,Imphal West,Airport,88.0,16.86,186,430863785756.0,32517.68,Yes,Yes,Under Review,Pending,No,1975
Karnataka,Mandya,SEZ,560.08,402.33,7859,211143637635.0,16069.43,No,No,Obtained,Obtained,Yes,808
Chhattisgarh,Balod,Irrigation/Dam,649.26,167.48,9796,22484076401.1,2759.14,No,No,Pending,Not Required,No,574
Daman and Diu (UT),Daman,Airport,648.72,370.19,1564,235553198565.2,28775.51,No,No,Under Review,Not Required,Yes,667
Meghalaya,West Khasi Hills,Port Development,564.22,289.6,7200,252900389751.9,23087.32,Yes,No,Obtained,Pending,Yes,2029
Haryana,Jind,Power Plant,533.37,378.26,9708,125459092116.9,19626.75,No,No,Under Review,Obtained,No,561
West Bengal,Birbhum,Mining Project,736.33,122.88,5740,30862037454.4,2496.2,No,No,Obtained,Obtained,Yes,506
Haryana,Gurgaon,National Highway,123.54,90.3,8255,137073917281.6,13939.69,No,No,Not Required,Obtained,Yes,840
Rajasthan,Dholpur,Port Development,681.5,263.33,11007,30961155814.0,3102.69,Yes,Yes,Obtained,Obtained,Yes,1188
Maharashtra,Amravati,Industrial Corridor,62.41,7.84,11166,71305372388.5,6370.24,No,No,Obtained,Pending,No,669
Chandigarh (UT),Chandigarh,Railway Line,502.52,310.38,1347,93587794982.4,11343.31,Yes,Yes,Obtained,Pending,Yes,2200
Mizoram,Champhai,Power Plant,180.89,80.2,7516,338524567729.4,25816.74,No,No,Under Review,Pending,Yes,1137
Assam,Udalguri,Port Development,777.77,317.61,303,315001530219.4,36819.13,No,No,Under Review,Obtained,Yes,527
Daman and Diu (UT),Diu,Mining Project,680.94,416.63,9462,71702763495.5,6913.81,Yes,Yes,Under Review,Under Review,Yes,1821
Telangana,Suryapet,National Highway,607.83,118.37,6148,46883167557.2,6967.92,No,No,Pending,Obtained,No,700
Jharkhand,Gumla,Irrigation/Dam,449.87,33.58,1501,337253484867.3,25631.81,No,No,Pending,Pending,No,1007
Telangana,Yadadri Bhuvanagiri,Railway Line,667.66,373.02,1206,322191246982.6,31225.54,No,No,Obtained,Not Required,No,579
Goa,South Goa,Railway Line,28.46,11.89,6678,245187930314.1,36502.18,Yes,Yes,Obtained,Under Review,No,1235
Andhra Pradesh,West Godavari,Railway Line,677.7,334.04,1052,105961525005.8,9702.19,No,Yes,Obtained,Obtained,Yes,1089
Manipur,Imphal West,Power Plant,210.76,33.71,1227,169904622075.3,20707.24,No,No,Obtained,Under Review,Yes,681
Uttar Pradesh,Hathras,Power Plant,454.57,293.95,9718,93455939199.7,8550.85,No,No,Not Required,Pending,No,626
Nagaland,Longleng,Industrial Corridor,252.33,17.93,2711,382703090400.9,36210.85,No,No,Under Review,Obtained,Yes,552
Telangana,Jogulamba Gadwal,SEZ,348.02,27.04,7427,458692393467.3,34785.84,Yes,Yes,Not Required,Under Review,Yes,1641
Bihar,Jehanabad,Mining Project,346.92,93.25,9251,140006345720.7,14234.11,No,No,Obtained,Obtained,No,265
Chhattisgarh,Dantewada (South Bastar),Port Development,289.94,107.3,4208,105451333136.5,15449.39,No,No,Pending,Under Review,Yes,925
Haryana,Sirsa,Power Plant,365.96,49.64,8927,60946993167.1,5552.51,No,No,Obtained,Obtained,No,321
Sikkim,South Sikkim,Port Development,166.75,106.53,6841,261861631638.1,36925.56,No,No,Pending,Obtained,Yes,921
Bihar,Saran,Urban Infrastructure,330.3,195.96,2723,160727857406.5,20033.54,No,No,Obtained,Under Review,Yes,702
Chandigarh (UT),Chandigarh,Airport,155.9,72.68,4671,128727684069.1,12802.3,Yes,No,Obtained,Pending,Yes,1521
Puducherry (UT),Karaikal,State Highway,243.03,105.95,4261,284673040228.5,37595.08,No,No,Pending,Obtained,Yes,603
Manipur,Kamjong,Urban Infrastructure,296.11,96.01,2223,179699131236.7,18548.94,No,No,Not Required,Obtained,No,226
Tamil Nadu,Thanjavur,Power Plant,452.62,215.64,7557,18711876735.9,1494.3,No,No,Pending,Pending,No,822
Delhi (NCT),South West  Delhi,Port Development,323.14,178.49,4135,296942160943.1,29554.1,No,No,Pending,Pending,No,1251
Gujarat,Patan,Irrigation/Dam,690.45,491.13,10674,126816356290.4,10319.21,No,No,Pending,Obtained,No,663
Karnataka,Shivamogga (Shimoga),SEZ,28.69,15.9,6804,203798791970.8,26417.21,Yes,Yes,Obtained,Pending,Yes,2200
West Bengal,Murshidabad,Urban Infrastructure,233.35,48.88,11217,172861735405.1,27254.85,Yes,Yes,Obtained,Obtained,Yes,1901
Karnataka,Chamarajanagar,National Highway,20.56,10.84,10655,212627581628.5,24338.58,No,No,Obtained,Obtained,Yes,794
Odisha,Jagatsinghapur,Mining Project,163.11,90.52,8701,370402357474.2,28662.27,Yes,Yes,Obtained,Not Required,Yes,1818
Chandigarh (UT),Chandigarh,State Highway,619.28,322.17,5870,72754289572.7,5568.87,No,No,Pending,Obtained,Yes,1196
Tripura,Sepahijala,Power Plant,122.18,11.71,8381,332612393855.6,37082.42,No,Yes,Not Required,Obtained,No,585
Jammu and Kashmir,Ramban,Power Plant,643.87,370.3,6737,225428236699.0,16732.33,No,No,Under Review,Obtained,Yes,933
Daman and Diu (UT),Diu,Airport,137.23,58.81,7897,313026934616.5,30269.79,Yes,No,Not Required,Obtained,No,1058
Odisha,Ganjam,Power Plant,569.97,179.17,8198,11452900498.5,824.89,No,No,Obtained,Pending,Yes,1014
Andhra Pradesh,East Godavari,Power Plant,274.26,157.13,10804,393429616144.4,33915.55,No,No,Obtained,Pending,Yes,1151
Uttarakhand,Uttarkashi,Airport,18.62,1.06,3136,193029850911.3,19618.04,No,No,Not Required,Obtained,Yes,557
Punjab,Fatehgarh Sahib,Irrigation/Dam,84.55,10.27,9513,194235895477.8,23984.07,No,No,Obtained,Pending,Yes,1011
Lakshadweep (UT),Bithra,Power Plant,669.02,120.17,9083,86629782259.0,7309.36,Yes,Yes,Under Review,Under Review,Yes,1835
Himachal Pradesh,Chamba,State Highway,754.72,228.59,257,161422150627.8,22908.48,No,No,Pending,Obtained,Yes,1051
Bihar,Purnia (Purnea),Industrial Corridor,211.31,63.11,9945,359528125113.4,26278.4,No,No,Pending,Obtained,No,668
Manipur,Imphal West,Airport,545.73,372.9,9545,400647195126.1,37618.53,No,No,Under Review,Obtained,Yes,908
Tamil Nadu,Nagapattinam,Industrial Corridor,586.57,281.9,9639,259947571886.7,24822.9,No,No,Obtained,Under Review,Yes,674
Arunachal Pradesh,Papum Pare,Industrial Corridor,668.95,397.1,9192,75860777542.2,6513.28,No,No,Obtained,Under Review,Yes,505
Jammu and Kashmir,Rajouri,Irrigation/Dam,587.93,233.07,1019,243643528528.2,27205.02,No,No,Not Required,Obtained,Yes,363
Jharkhand,Koderma,Airport,509.59,337.25,11280,190731919742.5,17572.27,No,No,Obtained,Pending,Yes,1005
Jammu and Kashmir,Kupwara,Industrial Corridor,762.47,494.29,5252,203222626715.2,33344.36,No,No,Obtained,Under Review,Yes,721
Punjab,Ferozepur,Urban Infrastructure,327.43,26.25,315,179249670193.2,18701.59,Yes,Yes,Pending,Obtained,Yes,2198
Uttarakhand,Pithoragarh,Industrial Corridor,547.31,60.08,1399,253321174587.8,18509.6,No,No,Obtained,Not Required,No,274
Sikkim,North Sikkim,SEZ,61.62,3.85,543,89351236973.1,13737.63,No,No,Pending,Under Review,No,533
Jammu and Kashmir,Srinagar,State Highway,588.88,35.83,10206,27930386085.2,3920.5,Yes,Yes,Pending,Obtained,Yes,1947
Mizoram,Kolasib,Airport,117.89,33.98,141,360659241725.9,32392.76,No,No,Obtained,Under Review,Yes,621
Odisha,Kendujhar (Keonjhar),Urban Infrastructure,629.62,338.58,6175,27568473708.1,2084.23,Yes,Yes,Under Review,Obtained,Yes,2025
Meghalaya,West Khasi Hills,Railway Line,23.96,14.0,7454,272040247838.2,30928.44,No,No,Obtained,Under Review,Yes,692
Haryana,Mewat,Airport,645.16,148.36,10314,32201584174.4,3055.55,No,No,Obtained,Obtained,No,267
Punjab,Tarn Taran,Urban Infrastructure,320.86,178.63,10436,10054470091.0,1048.88,No,No,Under Review,Not Required,No,496
West Bengal,Nadia,SEZ,177.47,96.7,1362,318587683066.5,25545.72,Yes,Yes,Not Required,Pending,Yes,2200
Tamil Nadu,Ariyalur,State Highway,636.1,109.0,597,60239833812.2,6794.03,Yes,Yes,Obtained,Obtained,Yes,1888
Uttarakhand,Pithoragarh,Mining Project,320.01,144.36,2867,197944769452.3,32656.79,No,No,Pending,Under Review,No,652
Goa,South Goa,Irrigation/Dam,792.32,345.51,8074,161078079831.1,15515.54,Yes,No,Obtained,Obtained,No,732
Gujarat,Dahod,Airport,761.84,546.25,9623,2550332288.7,395.94,No,No,Obtained,Obtained,No,654
Uttarakhand,Pithoragarh,Urban Infrastructure,728.81,432.06,7368,258315290121.2,29241.81,Yes,Yes,Pending,Obtained,No,1947
Uttar Pradesh,Sitapur,Industrial Corridor,741.3,241.95,11303,252986178468.3,36332.7,No,No,Obtained,Obtained,Yes,560
Sikkim,West Sikkim,Power Plant,730.49,95.17,5376,375002222345.3,35762.26,Yes,Yes,Under Review,Obtained,Yes,1303
Chandigarh (UT),Chandigarh,State Highway,37.87,3.44,9441,243045854491.5,24980.23,Yes,Yes,Pending,Obtained,No,1579
Andhra Pradesh,Chittoor,Power Plant,483.93,299.69,8186,246618888550.0,28723.46,Yes,No,Not Required,Obtained,Yes,1153
Jharkhand,Garhwa,SEZ,758.59,96.73,5324,10493105826.6,1459.18,Yes,Yes,Pending,Obtained,No,1707
Chhattisgarh,Kanker (North Bastar),Airport,120.7,47.77,1068,175914339177.3,18267.45,Yes,Yes,Obtained,Obtained,No,1100
Puducherry (UT),Mahe,Railway Line,200.09,36.54,3473,348770369346.6,31236.36,No,No,Under Review,Under Review,Yes,755
Punjab,Bathinda,State Highway,433.64,28.99,143,339928323889.1,33305.7,Yes,Yes,Obtained,Pending,Yes,2035
Sikkim,West Sikkim,Industrial Corridor,616.88,394.88,5311,212926397461.1,19344.76,Yes,Yes,Under Review,Not Required,Yes,1993
Maharashtra,Mumbai Suburban,SEZ,540.71,348.48,6272,446719641718.3,35920.72,Yes,Yes,Pending,Obtained,No,1919
Gujarat,Surat,Power Plant,710.78,468.0,6959,267553662409.5,22278.44,No,No,Pending,Not Required,No,627
Arunachal Pradesh,Kra Daadi,National Highway,311.75,27.92,1922,118112893170.9,14295.48,No,No,Obtained,Pending,No,679
Bihar,West Champaran,Industrial Corridor,772.46,348.95,8809,446832091082.7,32129.24,Yes,Yes,Pending,Obtained,Yes,2138
Tamil Nadu,Perambalur,Industrial Corridor,102.24,27.54,7492,46409897584.6,7422.28,Yes,No,Under Review,Not Required,Yes,1288
Kerala,Wayanad,Urban Infrastructure,514.2,26.02,3351,157240893750.3,15508.91,No,No,Under Review,Pending,No,617
Haryana,Panipat,Airport,47.71,4.49,9679,297381868310.2,34054.96,No,No,Obtained,Obtained,Yes,391
Andhra Pradesh,Visakhapatnam,Irrigation/Dam,714.76,252.16,2857,100921372005.9,7526.76,No,No,Under Review,Pending,No,665
Gujarat,Jamnagar,Mining Project,514.88,373.11,5246,165155834948.9,21667.87,No,No,Not Required,Obtained,Yes,799
Daman and Diu (UT),Diu,Urban Infrastructure,61.36,20.32,7616,75542181586.4,10942.73,No,No,Obtained,Not Required,Yes,671
Goa,North Goa,Airport,606.09,314.85,4459,371752123061.1,33855.27,Yes,Yes,Obtained,Obtained,Yes,1667
Mizoram,Kolasib,Irrigation/Dam,552.11,153.65,6826,54139508576.6,8744.53,No,No,Obtained,Obtained,Yes,461
