State,District,Project_Type,Land_Required_Hectare,Land_Remaining_Hectare,Affected_Families,Compensation_Amount,Project_Cost,Legal_Dispute,Court_Case,Environmental_Clearance,Forest_Clearance,Rehabilitation_Issue,Award_Delay,Payment_Delay,Possession_Delay,Delay_Reason
Andhra Pradesh,Anantapur,Irrigation/Dam,513.34,400.4,2862,3541682357,4192.52,No,No,Not Required,Obtained,No,7,23,118,No major delay — acquisition on schedule
Andhra Pradesh,Chittoor,Power Plant,406.76,316.77,1864,5647015286,5386.86,Yes,Yes,Not Required,Obtained,No,714,108,888,Landowners disputing compensation valuation; Stay order from High Court on land handover
Andhra Pradesh,East Godavari,State Highway,128.61,4.4,819,564727152,234.96,No,No,Pending,Not Required,No,137,31,330,Environmental Clearance approval pending
Andhra Pradesh,Guntur,SEZ,443.87,60.58,4456,17463816981,17338.47,No,No,Obtained,Obtained,Yes,20,238,71,Delay in providing alternate housing/livelihood support; Fund release delay from state/central treasury
Andhra Pradesh,Krishna,SEZ,225.99,65.87,1523,2824799574,1557.62,Yes,No,Pending,Pending,Yes,250,167,486,Objections raised during Social Impact Assessment; Environmental Clearance approval pending; Forest Clearance / diversion approval pending; Rehabilitation & Resettlement (R&R) site not finalized; Local protests/resistance to physical possession
Andhra Pradesh,Kurnool,Irrigation/Dam,219.61,13.11,2403,2937388105,2024.27,No,No,Obtained,Not Required,No,102,68,135,No major delay — acquisition on schedule
Andhra Pradesh,Nellore,SEZ,730.94,253.09,8283,9881879790,8884.58,No,No,Pending,Obtained,Yes,143,269,442,Environmental Clearance approval pending; Rehabilitation & Resettlement (R&R) site not finalized; Fund release delay from state/central treasury; Local protests/resistance to physical possession
Andhra Pradesh,Prakasam,SEZ,718.77,345.35,3486,15650947604,14264.77,Yes,Yes,Obtained,Pending,No,432,16,629,Ownership/title dispute among claimants; Pending compensation enhancement case in court; Forest Clearance / diversion approval pending
Andhra Pradesh,Srikakulam,Power Plant,478.73,203.73,2522,6616589983,9467.79,No,No,Obtained,Not Required,No,164,87,221,No major delay — acquisition on schedule
Andhra Pradesh,Visakhapatnam,Irrigation/Dam,350.64,153.24,5049,20087862283,12375.47,No,No,Obtained,Under Review,No,76,129,387,Forest Clearance / diversion approval pending; Local protests/resistance to physical possession
Andhra Pradesh,Vizianagaram,Irrigation/Dam,126.51,24.04,1140,4070063580,3811.31,Yes,Yes,Obtained,Under Review,No,314,61,343,Landowners disputing compensation valuation; Pending compensation enhancement case in court; Forest Clearance / diversion approval pending
Andhra Pradesh,West Godavari,Mining Project,703.02,29.84,2188,5122457962,1962.18,No,No,Not Required,Obtained,No,140,42,275,No major delay — acquisition on schedule
Andhra Pradesh,YSR Kadapa,Irrigation/Dam,698.58,322.39,3320,8515944662,10014.05,Yes,Yes,Under Review,Pending,No,529,115,590,Landowners disputing compensation valuation; Pending compensation enhancement case in court; Environmental Clearance approval pending; Forest Clearance / diversion approval pending
Arunachal Pradesh,Tawang,Power Plant,183.63,97.24,1771,2242939404,1265.6,Yes,Yes,Obtained,Under Review,No,72,131,193,Farmers refusing consent for acquisition; Stay order from High Court on land handover; Forest Clearance / diversion approval pending
Arunachal Pradesh,West Kameng,SEZ,536.84,337.46,1997,8445632141,8321.07,No,No,Not Required,Not Required,Yes,24,441,205,Rehabilitation & Resettlement (R&R) site not finalized; Fund release delay from state/central treasury
Arunachal Pradesh,East Kameng,SEZ,331.83,36.15,897,2730928206,2936.88,Yes,No,Not Required,Obtained,Yes,549,459,620,Landowners disputing compensation valuation; Rehabilitation & Resettlement (R&R) site not finalized; Fund release delay from state/central treasury
Arunachal Pradesh,Papum Pare,Railway Line,150.87,64.86,2016,1243098927,1578.27,No,No,Obtained,Not Required,No,3,23,124,No major delay — acquisition on schedule
Arunachal Pradesh,Kurung Kumey,Irrigation/Dam,328.1,136.13,4344,17768089593,8840.77,Yes,Yes,Under Review,Not Required,Yes,713,498,792,Ownership/title dispute among claimants; Pending compensation enhancement case in court; Environmental Clearance approval pending; Delay in providing alternate housing/livelihood support; Fund release delay from state/central treasury
Arunachal Pradesh,Kra Daadi,State Highway,240.88,6.03,2295,5914719546,7083.29,Yes,Yes,Pending,Not Required,Yes,520,82,615,Landowners disputing compensation valuation; Pending compensation enhancement case in court; Environmental Clearance approval pending; Rehabilitation & Resettlement (R&R) site not finalized
Arunachal Pradesh,Lower Subansiri,Irrigation/Dam,478.05,124.21,2417,1942116973,2657.49,Yes,Yes,Pending,Pending,No,535,80,668,Farmers refusing consent for acquisition; Stay order from High Court on land handover; Environmental Clearance approval pending; Forest Clearance / diversion approval pending
Arunachal Pradesh,Upper Subansiri,Mining Project,537.43,294.86,2930,2489588140,2675.31,No,No,Under Review,Under Review,Yes,159,102,196,Environmental Clearance approval pending; Forest Clearance / diversion approval pending; Dispute over R&R package for displaced families
Arunachal Pradesh,West Siang,Port Development,174.46,102.55,2465,9859086790,13360.29,No,No,Obtained,Not Required,No,156,135,160,No major delay — acquisition on schedule
Arunachal Pradesh,East Siang,Port Development,654.6,366.9,6954,29509340839,13608.21,Yes,Yes,Pending,Obtained,No,351,52,702,Objections raised during Social Impact Assessment; Stay order from High Court on land handover; Environmental Clearance approval pending; Local protests/resistance to physical possession
Arunachal Pradesh,Siang,Urban Infrastructure,683.07,270.27,3596,14794907707,5340.35,No,No,Not Required,Obtained,Yes,33,268,115,Rehabilitation & Resettlement (R&R) site not finalized; Fund release delay from state/central treasury
Arunachal Pradesh,Upper Siang,National Highway,443.59,203.1,942,580294808,789.04,No,No,Pending,Not Required,No,37,110,102,Environmental Clearance approval pending
Arunachal Pradesh,Lower Siang,Railway Line,250.07,20.21,3088,12089368208,16667.73,Yes,Yes,Obtained,Not Required,No,416,39,537,Farmers refusing consent for acquisition; Writ petition challenging acquisition notification
Arunachal Pradesh,Lower Dibang Valley,State Highway,781.08,118.24,10512,4247927792,5029.03,Yes,No,Not Required,Not Required,No,273,40,632,Objections raised during Social Impact Assessment; Local protests/resistance to physical possession
Arunachal Pradesh,Dibang Valley,State Highway,309.12,237.72,2509,2855758568,4004.18,Yes,No,Not Required,Obtained,No,408,84,550,Ownership/title dispute among claimants
Arunachal Pradesh,Anjaw,National Highway,773.68,446.18,7999,15827215065,23382.81,No,No,Under Review,Obtained,No,45,148,180,Environmental Clearance approval pending
Arunachal Pradesh,Lohit,Mining Project,91.18,41.25,1045,1690229732,1736.63,No,No,Obtained,Pending,Yes,111,1,377,Forest Clearance / diversion approval pending; Rehabilitation & Resettlement (R&R) site not finalized; Local protests/resistance to physical possession
Arunachal Pradesh,Namsai,Power Plant,551.05,26.33,6381,7194880867,5882.22,No,No,Under Review,Pending,No,31,76,290,Environmental Clearance approval pending; Forest Clearance / diversion approval pending; Local protests/resistance to physical possession
Arunachal Pradesh,Changlang,Mining Project,535.18,288.49,5921,15563540377,8251.92,No,No,Obtained,Not Required,Yes,145,308,352,Dispute over R&R package for displaced families; Fund release delay from state/central treasury; Local protests/resistance to physical possession
Arunachal Pradesh,Tirap,Mining Project,667.81,371.9,3160,11376591158,11695.07,Yes,Yes,Pending,Pending,No,173,21,318,Landowners disputing compensation valuation; Stay order from High Court on land handover; Environmental Clearance approval pending; Forest Clearance / diversion approval pending
Arunachal Pradesh,Longding,SEZ,532.76,162.27,1712,7358858373,4281.7,Yes,No,Obtained,Obtained,No,625,18,858,Farmers refusing consent for acquisition; Local protests/resistance to physical possession
Assam,Baksa,Mining Project,709.48,240.84,8044,15385835725,11994.54,Yes,Yes,Not Required,Not Required,No,435,56,525,Landowners disputing compensation valuation; Writ petition challenging acquisition notification
Assam,Barpeta,Mining Project,374.32,132.54,5213,4220997986,1941.69,No,No,Pending,Pending,Yes,113,516,331,Environmental Clearance approval pending; Forest Clearance / diversion approval pending; Dispute over R&R package for displaced families; Fund release delay from state/central treasury; Local protests/resistance to physical possession
Assam,Biswanath,State Highway,359.5,241.83,4745,10392940192,12493.69,No,No,Obtained,Not Required,No,61,70,286,Local protests/resistance to physical possession
Assam,Bongaigaon,SEZ,572.27,350.46,3643,14756746358,5853.9,Yes,Yes,Obtained,Obtained,No,338,138,576,Objections raised during Social Impact Assessment; Stay order from High Court on land handover; Local protests/resistance to physical possession
Assam,Cachar,Mining Project,54.5,7.29,384,1356726622,1947.28,Yes,No,Pending,Pending,No,305,99,519,Farmers refusing consent for acquisition; Environmental Clearance approval pending; Forest Clearance / diversion approval pending; Local protests/resistance to physical possession
Assam,Charaideo,Railway Line,599.27,217.59,5898,7232496320,4074.11,No,No,Obtained,Obtained,No,103,42,342,Local protests/resistance to physical possession
Assam,Chirang,Industrial Corridor,784.67,292.45,10820,30143975296,33025.73,Yes,Yes,Not Required,Obtained,Yes,335,216,567,Landowners disputing compensation valuation; Writ petition challenging acquisition notification; Rehabilitation & Resettlement (R&R) site not finalized; Fund release delay from state/central treasury; Local protests/resistance to physical possession
Assam,Darrang,State Highway,273.31,26.32,1535,6592912961,5313.08,No,No,Obtained,Not Required,Yes,89,229,421,Delay in providing alternate housing/livelihood support; Fund release delay from state/central treasury; Local protests/resistance to physical possession
Assam,Dhemaji,Power Plant,626.08,174.42,7390,31691048960,17088.85,Yes,Yes,Obtained,Not Required,No,223,119,581,Objections raised during Social Impact Assessment; Pending compensation enhancement case in court; Local protests/resistance to physical possession
Assam,Dhubri,Irrigation/Dam,614.68,409.23,6081,20926470736,9154.06,No,No,Under Review,Obtained,Yes,79,384,282,Environmental Clearance approval pending; Delay in providing alternate housing/livelihood support; Fund release delay from state/central treasury; Local protests/resistance to physical possession
Assam,Dibrugarh,SEZ,65.42,16.19,664,483382361,593.1,No,No,Pending,Obtained,No,10,88,282,Environmental Clearance approval pending; Local protests/resistance to physical possession
Assam,Goalpara,Railway Line,530.91,395.44,5531,1953211979,1570.52,No,No,Obtained,Pending,No,117,39,339,Forest Clearance / diversion approval pending; Local protests/resistance to physical possession
Assam,Golaghat,Urban Infrastructure,588.37,16.25,3242,11977363843,11328.28,No,No,Obtained,Not Required,Yes,62,88,204,Dispute over R&R package for displaced families
Assam,Hailakandi,Power Plant,198.87,85.16,1975,3736216278,1249.54,No,No,Obtained,Obtained,No,87,71,392,Local protests/resistance to physical possession
Assam,Hojai,Power Plant,446.85,172.8,2003,2631331909,2072.74,No,No,Obtained,Pending,No,114,4,161,Forest Clearance / diversion approval pending
Assam,Jorhat,Power Plant,181.17,44.67,1083,2970163735,2577.84,No,No,Obtained,Not Required,Yes,179,464,317,Delay in providing alternate housing/livelihood support; Fund release delay from state/central treasury
Assam,Kamrup Metropolitan,Power Plant,204.87,144.12,922,739563780,697.44,No,No,Obtained,Obtained,No,150,134,455,Local protests/resistance to physical possession
Assam,Kamrup,Urban Infrastructure,784.51,105.04,4590,8334065251,5523.16,No,No,Obtained,Obtained,Yes,74,129,400,Rehabilitation & Resettlement (R&R) site not finalized; Local protests/resistance to physical possession
Assam,Karbi Anglong,State Highway,86.56,68.4,493,1139125640,807.47,No,No,Obtained,Not Required,Yes,16,410,267,Delay in providing alternate housing/livelihood support; Fund release delay from state/central treasury; Local protests/resistance to physical possession
Assam,Karimganj,SEZ,463.73,116.32,1842,6827919559,9825.04,Yes,Yes,Pending,Pending,No,633,57,900,Landowners disputing compensation valuation; Stay order from High Court on land handover; Environmental Clearance approval pending; Forest Clearance / diversion approval pending; Local protests/resistance to physical possession
Assam,Kokrajhar,Port Development,363.16,161.91,4787,21341074504,14222.89,No,No,Pending,Not Required,No,53,54,188,Environmental Clearance approval pending
Assam,Lakhimpur,Port Development,69.54,42.29,638,610844796,482.7,No,No,Obtained,Obtained,Yes,72,464,108,Delay in providing alternate housing/livelihood support; Fund release delay from state/central treasury
Assam,Majuli,Railway Line,190.57,112.12,2341,6501229199,8222.02,Yes,Yes,Obtained,Obtained,Yes,145,73,175,Ownership/title dispute among claimants; Writ petition challenging acquisition notification; Rehabilitation & Resettlement (R&R) site not finalized
Assam,Morigaon,State Highway,635.14,205.76,8075,33664744620,27840.21,No,No,Obtained,Pending,Yes,138,505,362,Forest Clearance / diversion approval pending; Rehabilitation & Resettlement (R&R) site not finalized; Fund release delay from state/central treasury; Local protests/resistance to physical possession
Assam,Nagaon,National Highway,480.44,42.5,5548,15731893776,5207.85,Yes,Yes,Not Required,Pending,Yes,688,275,983,Landowners disputing compensation valuation; Writ petition challenging acquisition notification; Forest Clearance / diversion approval pending; Dispute over R&R package for displaced families; Fund release delay from state/central treasury; Local protests/resistance to physical possession
Assam,Nalbari,Industrial Corridor,611.67,403.61,5349,11539737354,7313.75,No,No,Obtained,Not Required,No,120,89,329,Local protests/resistance to physical possession
Assam,Dima Hasao,Industrial Corridor,260.24,186.42,1064,2158759577,1931.15,No,No,Obtained,Not Required,Yes,22,322,151,Dispute over R&R package for displaced families; Fund release delay from state/central treasury
Assam,Sivasagar,Urban Infrastructure,97.16,17.68,1286,4841396810,1459.11,No,No,Obtained,Obtained,No,159,127,479,Local protests/resistance to physical possession
Assam,Sonitpur,Mining Project,609.19,388.15,5567,23360387890,19289.59,No,No,Obtained,Under Review,No,61,40,220,Forest Clearance / diversion approval pending
Assam,South Salmara-Mankachar,Power Plant,15.87,7.52,78,299044501,130.43,No,No,Pending,Obtained,No,74,130,435,Environmental Clearance approval pending; Local protests/resistance to physical possession
Assam,Tinsukia,Power Plant,335.31,138.82,2729,6054295193,2867.13,Yes,Yes,Pending,Obtained,Yes,424,348,683,Objections raised during Social Impact Assessment; Stay order from High Court on land handover; Environmental Clearance approval pending; Dispute over R&R package for displaced families; Fund release delay from state/central treasury; Local protests/resistance to physical possession
Assam,Udalguri,Industrial Corridor,657.34,377.13,3865,10687260048,16016.81,No,No,Obtained,Pending,Yes,141,386,374,Forest Clearance / diversion approval pending; Dispute over R&R package for displaced families; Fund release delay from state/central treasury; Local protests/resistance to physical possession
Assam,West Karbi Anglong,Port Development,696.33,10.71,3554,6782729268,9002.14,No,No,Obtained,Pending,No,97,98,436,Forest Clearance / diversion approval pending; Local protests/resistance to physical possession
Bihar,Araria,SEZ,784.75,316.83,1947,4691535651,4730.08,No,No,Not Required,Pending,No,116,3,189,Forest Clearance / diversion approval pending
Bihar,Arwal,Port Development,697.39,16.76,2073,7426328101,4589.67,No,No,Obtained,Obtained,Yes,172,389,334,Rehabilitation & Resettlement (R&R) site not finalized; Fund release delay from state/central treasury
Bihar,Aurangabad,State Highway,576.38,110.94,7689,3466018350,1324.38,No,No,Under Review,Under Review,No,111,25,435,Environmental Clearance approval pending; Forest Clearance / diversion approval pending; Local protests/resistance to physical possession
Bihar,Banka,State Highway,357.72,87.57,4916,2424384728,3043.51,Yes,Yes,Obtained,Pending,No,184,43,273,Objections raised during Social Impact Assessment; Pending compensation enhancement case in court; Forest Clearance / diversion approval pending
Bihar,Begusarai,Mining Project,489.55,241.82,5326,12730218302,12727.53,Yes,Yes,Obtained,Not Required,No,476,73,822,Landowners disputing compensation valuation; Pending compensation enhancement case in court; Local protests/resistance to physical possession
Bihar,Bhagalpur,Irrigation/Dam,130.59,58.32,847,2344327584,2500.76,No,No,Obtained,Not Required,Yes,98,494,152,Delay in providing alternate housing/livelihood support; Fund release delay from state/central treasury
Bihar,Bhojpur,Irrigation/Dam,308.18,158.04,1801,5829786814,1902.42,No,No,Obtained,Obtained,No,12,127,158,No major delay — acquisition on schedule
Bihar,Buxar,Urban Infrastructure,487.62,252.66,5010,14567791855,16218.58,No,No,Pending,Not Required,No,160,10,318,Environmental Clearance approval pending
Bihar,Darbhanga,Power Plant,31.52,16.02,116,477970670,330.79,No,No,Obtained,Not Required,No,93,135,349,Local protests/resistance to physical possession
Bihar,East Champaran (Motihari),Port Development,665.23,395.43,8462,19663664613,24929.32,No,No,Obtained,Obtained,No,36,57,382,Local protests/resistance to physical possession
Bihar,Gaya,Industrial Corridor,784.05,20.53,9768,17936540867,22399.48,Yes,Yes,Obtained,Not Required,No,598,97,924,Ownership/title dispute among claimants; Pending compensation enhancement case in court; Local protests/resistance to physical possession
Bihar,Gopalganj,SEZ,91.14,55.86,211,846908920,824.63,No,No,Obtained,Obtained,No,179,77,511,Local protests/resistance to physical possession
Bihar,Jamui,Airport,97.76,74.66,242,1084860584,476.63,Yes,Yes,Obtained,Pending,No,713,138,927,Ownership/title dispute among claimants; Stay order from High Court on land handover; Forest Clearance / diversion approval pending; Local protests/resistance to physical possession
Bihar,Jehanabad,Industrial Corridor,595.1,402.51,4399,3149203919,2794.03,No,No,Under Review,Obtained,Yes,113,455,233,Environmental Clearance approval pending; Dispute over R&R package for displaced families; Fund release delay from state/central treasury
Bihar,Kaimur (Bhabua),Irrigation/Dam,83.99,21.12,762,3358087231,2452.78,No,No,Obtained,Obtained,No,116,23,455,Local protests/resistance to physical possession
Bihar,Katihar,Railway Line,515.16,166.03,1173,4228122229,2504.24,Yes,Yes,Obtained,Not Required,Yes,221,238,389,Farmers refusing consent for acquisition; Writ petition challenging acquisition notification; Delay in providing alternate housing/livelihood support; Fund release delay from state/central treasury
Bihar,Khagaria,Irrigation/Dam,631.97,204.26,3541,15696963182,23310.5,No,No,Not Required,Obtained,No,33,3,216,No major delay — acquisition on schedule
Bihar,Kishanganj,Airport,473.14,372.54,2578,2145890808,1727.77,Yes,Yes,Obtained,Pending,No,462,128,575,Ownership/title dispute among claimants; Pending compensation enhancement case in court; Forest Clearance / diversion approval pending
Bihar,Lakhisarai,Urban Infrastructure,39.48,6.85,523,1302319738,1106.52,No,No,Obtained,Pending,No,175,27,426,Forest Clearance / diversion approval pending; Local protests/resistance to physical possession
Bihar,Madhepura,Mining Project,63.43,46.64,628,361643459,227.84,No,No,Pending,Obtained,No,135,75,367,Environmental Clearance approval pending; Local protests/resistance to physical possession
Bihar,Madhubani,Urban Infrastructure,486.31,350.46,5409,20996274847,22699.07,No,No,Pending,Obtained,No,58,105,231,Environmental Clearance approval pending
Bihar,Munger (Monghyr),State Highway,321.99,69.65,1952,3147793246,1907.15,No,No,Pending,Pending,Yes,21,95,242,Environmental Clearance approval pending; Forest Clearance / diversion approval pending; Dispute over R&R package for displaced families; Local protests/resistance to physical possession
Bihar,Muzaffarpur,Airport,596.95,299.6,2203,1215879997,1760.53,No,No,Pending,Pending,No,108,13,255,Environmental Clearance approval pending; Forest Clearance / diversion approval pending
Bihar,Nalanda,Mining Project,253.4,181.72,2178,2068809757,1817.71,No,No,Obtained,Pending,Yes,71,231,290,Forest Clearance / diversion approval pending; Rehabilitation & Resettlement (R&R) site not finalized; Fund release delay from state/central treasury; Local protests/resistance to physical possession
Bihar,Nawada,Industrial Corridor,779.76,113.27,7779,23331838541,7734.61,No,No,Not Required,Obtained,Yes,179,316,352,Rehabilitation & Resettlement (R&R) site not finalized; Fund release delay from state/central treasury
Bihar,Patna,Railway Line,9.85,1.03,92,182463071,85.8,No,No,Obtained,Not Required,Yes,107,464,281,Rehabilitation & Resettlement (R&R) site not finalized; Fund release delay from state/central treasury
Bihar,Purnia (Purnea),Airport,299.19,66.64,3619,9713008542,3904.13,Yes,Yes,Pending,Not Required,Yes,677,434,925,Objections raised during Social Impact Assessment; Writ petition challenging acquisition notification; Environmental Clearance approval pending; Dispute over R&R package for displaced families; Fund release delay from state/central treasury; Local protests/resistance to physical possession
Bihar,Rohtas,Irrigation/Dam,356.43,207.25,4210,3275521178,2672.49,Yes,Yes,Obtained,Not Required,Yes,404,56,407,Landowners disputing compensation valuation; Stay order from High Court on land handover; Delay in providing alternate housing/livelihood support
Bihar,Saharsa,Industrial Corridor,244.63,154.36,925,1270193273,881.19,Yes,No,Obtained,Pending,No,512,143,854,Objections raised during Social Impact Assessment; Forest Clearance / diversion approval pending; Local protests/resistance to physical possession
Bihar,Samastipur,SEZ,62.3,6.89,158,59836884,84.09,No,No,Pending,Pending,No,106,74,164,Environmental Clearance approval pending; Forest Clearance / diversion approval pending
Bihar,Saran,State Highway,21.58,11.66,267,773265670,1004.03,No,No,Obtained,Not Required,Yes,150,410,418,Rehabilitation & Resettlement (R&R) site not finalized; Fund release delay from state/central treasury; Local protests/resistance to physical possession
Bihar,Sheikhpura,Railway Line,319.63,176.37,2050,3482720840,1747.49,No,No,Obtained,Pending,No,89,89,419,Forest Clearance / diversion approval pending; Local protests/resistance to physical possession
Bihar,Sheohar,Port Development,192.83,131.67,880,2490466650,3019.09,No,No,Obtained,Not Required,No,144,148,373,Local protests/resistance to physical possession
Bihar,Sitamarhi,National Highway,739.7,257.72,7588,22179659302,29656.34,No,No,Obtained,Obtained,No,77,70,379,Local protests/resistance to physical possession
Bihar,Siwan,Mining Project,284.79,210.93,2279,1043669033,774.91,Yes,Yes,Under Review,Obtained,No,393,118,690,Farmers refusing consent for acquisition; Writ petition challenging acquisition notification; Environmental Clearance approval pending; Local protests/resistance to physical possession
Bihar,Supaul,Port Development,763.61,159.49,1934,7964230987,7852.64,Yes,Yes,Pending,Under Review,No,351,21,609,Farmers refusing consent for acquisition; Stay order from High Court on land handover; Environmental Clearance approval pending; Forest Clearance / diversion approval pending; Local protests/resistance to physical possession
Bihar,Vaishali,Port Development,142.18,85.56,1093,2345109677,2174.61,Yes,Yes,Obtained,Pending,Yes,612,53,935,Objections raised during Social Impact Assessment; Stay order from High Court on land handover; Forest Clearance / diversion approval pending; Rehabilitation & Resettlement (R&R) site not finalized; Local protests/resistance to physical possession
Bihar,West Champaran,Power Plant,271.05,145.35,2508,4824312707,2906.14,No,No,Under Review,Pending,Yes,20,144,199,Environmental Clearance approval pending; Forest Clearance / diversion approval pending; Delay in providing alternate housing/livelihood support
Chandigarh (UT),Chandigarh,Port Development,774.32,186.78,5494,15378657331,21923.85,Yes,Yes,Not Required,Not Required,No,701,134,748,Objections raised during Social Impact Assessment; Pending compensation enhancement case in court
Chhattisgarh,Balod,Mining Project,538.01,211.55,1203,1921476706,2769.62,Yes,No,Obtained,Under Review,Yes,302,103,561,Farmers refusing consent for acquisition; Forest Clearance / diversion approval pending; Delay in providing alternate housing/livelihood support; Local protests/resistance to physical possession
Chhattisgarh,Baloda Bazar,SEZ,668.92,62.25,1666,2856207664,3483.34,Yes,Yes,Obtained,Not Required,No,169,112,191,Farmers refusing consent for acquisition; Writ petition challenging acquisition notification
Chhattisgarh,Balrampur,Port Development,294.62,66.09,4302,12323082325,14823.06,No,No,Obtained,Obtained,No,120,49,308,No major delay — acquisition on schedule
Chhattisgarh,Bastar,Port Development,757.97,9.44,6065,8997071347,6822,No,No,Under Review,Not Required,No,35,64,61,Environmental Clearance approval pending
Chhattisgarh,Bemetara,Urban Infrastructure,387.07,194.71,5475,18001165469,16544.71,Yes,Yes,Obtained,Pending,No,447,23,560,Ownership/title dispute among claimants; Stay order from High Court on land handover; Forest Clearance / diversion approval pending
Chhattisgarh,Bijapur,Railway Line,708.28,39.4,5236,10289298445,7704.15,No,No,Obtained,Obtained,Yes,25,343,99,Delay in providing alternate housing/livelihood support; Fund release delay from state/central treasury
Chhattisgarh,Bilaspur,Airport,35.45,2.34,288,1091711244,1321.64,No,No,Pending,Under Review,Yes,55,153,335,Environmental Clearance approval pending; Forest Clearance / diversion approval pending; Dispute over R&R package for displaced families; Local protests/resistance to physical possession
Chhattisgarh,Dantewada (South Bastar),Mining Project,424.58,301.9,2439,3816632607,1363.68,No,No,Not Required,Pending,Yes,127,16,450,Forest Clearance / diversion approval pending; Rehabilitation & Resettlement (R&R) site not finalized; Local protests/resistance to physical possession
Chhattisgarh,Dhamtari,Mining Project,462.16,104.06,2674,819768744,593,No,No,Obtained,Not Required,No,92,17,361,Local protests/resistance to physical possession
Chhattisgarh,Durg,Port Development,408.33,3.81,3758,7290165533,6299.88,No,No,Under Review,Obtained,Yes,17,353,140,Environmental Clearance approval pending; Rehabilitation & Resettlement (R&R) site not finalized; Fund release delay from state/central treasury
Chhattisgarh,Gariyaband,Railway Line,504.46,92.21,5830,9891050645,3493.55,No,No,Not Required,Obtained,No,118,122,441,Local protests/resistance to physical possession
Chhattisgarh,Janjgir-Champa,National Highway,650.14,487.29,7860,17466918211,11390.72,Yes,Yes,Obtained,Under Review,No,556,121,685,Landowners disputing compensation valuation; Stay order from High Court on land handover; Forest Clearance / diversion approval pending
Chhattisgarh,Jashpur,Urban Infrastructure,603.87,390.77,4010,14353933671,19219.31,Yes,Yes,Obtained,Not Required,No,395,86,490,Ownership/title dispute among claimants; Pending compensation enhancement case in court
Chhattisgarh,Kabirdham (Kawardha),State Highway,555.19,280.99,6864,9748437595,3890.93,No,No,Obtained,Under Review,Yes,75,328,127,Forest Clearance / diversion approval pending; Dispute over R&R package for displaced families; Fund release delay from state/central treasury
Chhattisgarh,Kanker (North Bastar),Port Development,265.7,149.72,2071,6863675535,3431.66,No,No,Obtained,Not Required,No,157,111,297,No major delay — acquisition on schedule
Chhattisgarh,Kondagaon,Railway Line,784.12,32.68,2333,6946630354,5112.53,No,No,Pending,Under Review,Yes,155,448,172,Environmental Clearance approval pending; Forest Clearance / diversion approval pending; Delay in providing alternate housing/livelihood support; Fund release delay from state/central treasury
Chhattisgarh,Korba,Industrial Corridor,58.45,10.36,395,753655452,739.11,No,No,Pending,Under Review,Yes,19,140,290,Environmental Clearance approval pending; Forest Clearance / diversion approval pending; Rehabilitation & Resettlement (R&R) site not finalized; Local protests/resistance to physical possession
Chhattisgarh,Korea (Koriya),Airport,321.44,90.12,1685,1308375831,1547.56,No,No,Obtained,Pending,Yes,66,456,175,Forest Clearance / diversion approval pending; Dispute over R&R package for displaced families; Fund release delay from state/central treasury
Chhattisgarh,Mahasamund,Industrial Corridor,232.03,15.5,1945,1585325100,2098.01,No,No,Not Required,Pending,Yes,174,327,515,Forest Clearance / diversion approval pending; Dispute over R&R package for displaced families; Fund release delay from state/central treasury; Local protests/resistance to physical possession
Chhattisgarh,Mungeli,Railway Line,569.08,204.87,3286,5125562108,2506.43,No,No,Pending,Obtained,Yes,57,124,159,Environmental Clearance approval pending; Delay in providing alternate housing/livelihood support
Chhattisgarh,Narayanpur,SEZ,193.21,78.21,1292,3493006122,3007.08,No,No,Obtained,Not Required,Yes,101,490,370,Dispute over R&R package for displaced families; Fund release delay from state/central treasury; Local protests/resistance to physical possession
Chhattisgarh,Raigarh,Railway Line,616.49,87.13,1824,7996406647,8562.6,No,No,Pending,Obtained,No,141,150,234,Environmental Clearance approval pending
Chhattisgarh,Raipur,Irrigation/Dam,348.93,24.92,949,779581395,377.02,Yes,Yes,Pending,Obtained,No,290,20,418,Objections raised during Social Impact Assessment; Pending compensation enhancement case in court; Environmental Clearance approval pending
Chhattisgarh,Rajnandgaon,National Highway,509.87,183.21,1849,2906375326,2732.5,No,No,Obtained,Under Review,Yes,168,345,456,Forest Clearance / diversion approval pending; Rehabilitation & Resettlement (R&R) site not finalized; Fund release delay from state/central treasury; Local protests/resistance to physical possession
Chhattisgarh,Sukma,Port Development,661.06,513.84,1712,5125908928,5085.54,No,No,Not Required,Pending,No,127,139,275,Forest Clearance / diversion approval pending
Chhattisgarh,Surajpur  ,Industrial Corridor,765.54,316.66,9539,30305036063,19908,Yes,Yes,Obtained,Pending,Yes,621,147,781,Landowners disputing compensation valuation; Pending compensation enhancement case in court; Forest Clearance / diversion approval pending; Delay in providing alternate housing/livelihood support
Chhattisgarh,Surguja,National Highway,588.69,65.57,8641,7338091325,5464.3,No,No,Obtained,Pending,Yes,63,144,112,Forest Clearance / diversion approval pending; Dispute over R&R package for displaced families
Dadra and Nagar Haveli (UT),Dadra & Nagar Haveli,Urban Infrastructure,235.72,116.13,2357,3164826814,4235.71,Yes,Yes,Pending,Obtained,No,510,131,749,Objections raised during Social Impact Assessment; Stay order from High Court on land handover; Environmental Clearance approval pending; Local protests/resistance to physical possession
Daman and Diu (UT),Daman,Mining Project,703.87,283.03,2231,4354057914,3695.19,Yes,Yes,Obtained,Obtained,No,669,120,815,Objections raised during Social Impact Assessment; Writ petition challenging acquisition notification
Daman and Diu (UT),Diu,State Highway,11.5,8.21,43,60663806,44.83,No,No,Obtained,Obtained,No,92,141,239,No major delay — acquisition on schedule
Delhi (NCT),Central Delhi,Irrigation/Dam,312.15,137.26,2855,10752808014,11267.76,No,No,Obtained,Obtained,Yes,86,374,159,Rehabilitation & Resettlement (R&R) site not finalized; Fund release delay from state/central treasury
Delhi (NCT),East Delhi,Industrial Corridor,483.96,231.76,1221,565858602,654.31,No,No,Pending,Obtained,No,35,83,348,Environmental Clearance approval pending; Local protests/resistance to physical possession
Delhi (NCT),New Delhi,Port Development,134.19,1.01,1558,2425469844,1706.68,No,No,Pending,Not Required,Yes,4,377,173,Environmental Clearance approval pending; Dispute over R&R package for displaced families; Fund release delay from state/central treasury
Delhi (NCT),North Delhi,National Highway,92.14,43.01,552,2249301654,3028.73,No,No,Pending,Obtained,No,148,147,264,Environmental Clearance approval pending
Delhi (NCT),North East  Delhi,SEZ,468.9,311.16,4772,13852592908,18138.59,Yes,Yes,Obtained,Under Review,Yes,19,451,179,Landowners disputing compensation valuation; Pending compensation enhancement case in court; Forest Clearance / diversion approval pending; Delay in providing alternate housing/livelihood support; Fund release delay from state/central treasury
Delhi (NCT),North West  Delhi,Urban Infrastructure,125.39,31.05,919,3266938091,4588.82,No,No,Pending,Obtained,Yes,53,332,392,Environmental Clearance approval pending; Dispute over R&R package for displaced families; Fund release delay from state/central treasury; Local protests/resistance to physical possession
Delhi (NCT),Shahdara,Urban Infrastructure,422.75,232.09,1797,7423265892,5276.4,No,No,Not Required,Not Required,No,177,67,489,Local protests/resistance to physical possession
Delhi (NCT),South Delhi,State Highway,157.85,95.15,1460,1816884677,2666.27,Yes,Yes,Obtained,Not Required,Yes,357,280,504,Ownership/title dispute among claimants; Pending compensation enhancement case in court; Rehabilitation & Resettlement (R&R) site not finalized; Fund release delay from state/central treasury
Delhi (NCT),South East Delhi,Port Development,460.91,168.44,6289,12307801377,8789.76,No,No,Obtained,Obtained,No,20,88,246,Local protests/resistance to physical possession
Delhi (NCT),South West  Delhi,Mining Project,208.87,87.04,966,2474918352,3513.47,No,No,Obtained,Pending,No,62,12,404,Forest Clearance / diversion approval pending; Local protests/resistance to physical possession
Delhi (NCT),West Delhi,Urban Infrastructure,184.41,113.18,609,1027525030,890.75,No,No,Obtained,Under Review,No,40,104,374,Forest Clearance / diversion approval pending; Local protests/resistance to physical possession
Goa,North Goa,Railway Line,384.57,246.29,5588,9214077502,9905.85,No,No,Obtained,Pending,No,9,44,222,Forest Clearance / diversion approval pending; Local protests/resistance to physical possession
Goa,South Goa,Power Plant,747.47,576.25,9620,34722761290,18179.93,No,No,Not Required,Obtained,Yes,76,109,247,Delay in providing alternate housing/livelihood support
Gujarat,Ahmedabad,National Highway,366.21,105.08,3228,13024630885,6004.87,No,No,Obtained,Not Required,Yes,117,263,212,Dispute over R&R package for displaced families; Fund release delay from state/central treasury
Gujarat,Amreli,State Highway,590.61,98.86,5540,19282455033,9845.5,No,No,Not Required,Not Required,No,22,102,364,Local protests/resistance to physical possession
Gujarat,Anand,Industrial Corridor,151.9,104.43,942,1263973482,774.74,Yes,No,Under Review,Obtained,No,11,66,345,Ownership/title dispute among claimants; Environmental Clearance approval pending; Local protests/resistance to physical possession
Gujarat,Aravalli,Airport,555.75,416.98,1965,3121572741,2455.12,No,No,Not Required,Not Required,Yes,30,302,218,Rehabilitation & Resettlement (R&R) site not finalized; Fund release delay from state/central treasury
Gujarat,Banaskantha (Palanpur),Port Development,180.58,6.16,1483,3278780161,4874.25,No,No,Pending,Under Review,No,170,55,296,Environmental Clearance approval pending; Forest Clearance / diversion approval pending
Gujarat,Bharuch,Railway Line,605.02,61.4,1853,4032760810,4615.57,Yes,Yes,Obtained,Pending,No,586,137,662,Objections raised during Social Impact Assessment; Stay order from High Court on land handover; Forest Clearance / diversion approval pending
Gujarat,Bhavnagar,Mining Project,265.85,102.01,933,1084786261,1084.54,Yes,Yes,Not Required,Pending,No,467,144,496,Landowners disputing compensation valuation; Pending compensation enhancement case in court; Forest Clearance / diversion approval pending
Gujarat,Botad,Urban Infrastructure,372.59,57.55,4248,8338758504,10671.48,No,No,Pending,Obtained,Yes,16,61,51,Environmental Clearance approval pending; Dispute over R&R package for displaced families
Gujarat,Chhota Udepur,Port Development,30.23,14.3,362,1272964409,1876.35,No,No,Obtained,Under Review,Yes,96,384,137,Forest Clearance / diversion approval pending; Dispute over R&R package for displaced families; Fund release delay from state/central treasury
Gujarat,Dahod,Urban Infrastructure,771.49,77.42,2876,11254373671,4978.48,No,No,Obtained,Obtained,No,0,5,152,No major delay — acquisition on schedule
Gujarat,Dangs (Ahwa),National Highway,540.43,196.96,4818,18106592467,10809.9,Yes,Yes,Under Review,Not Required,Yes,676,429,990,Landowners disputing compensation valuation; Stay order from High Court on land handover; Environmental Clearance approval pending; Dispute over R&R package for displaced families; Fund release delay from state/central treasury; Local protests/resistance to physical possession
Gujarat,Devbhoomi Dwarka,Railway Line,196.33,146.5,1908,4150000128,4591.68,No,No,Obtained,Obtained,No,138,55,166,No major delay — acquisition on schedule
Gujarat,Gandhinagar,SEZ,405.6,230.62,5112,17239572969,11769.19,No,No,Pending,Obtained,Yes,36,533,149,Environmental Clearance approval pending; Dispute over R&R package for displaced families; Fund release delay from state/central treasury
Gujarat,Gir Somnath,Industrial Corridor,243.9,183.23,3495,13961820205,19461.29,No,No,Obtained,Pending,No,164,97,432,Forest Clearance / diversion approval pending; Local protests/resistance to physical possession
Gujarat,Jamnagar,SEZ,558.57,264.42,3294,3532128895,3339.68,Yes,Yes,Not Required,Obtained,No,59,143,270,Ownership/title dispute among claimants; Stay order from High Court on land handover; Local protests/resistance to physical possession
Gujarat,Junagadh,SEZ,448.04,310.37,2310,2665772984,2868.5,No,No,Not Required,Obtained,No,48,13,185,No major delay — acquisition on schedule
Gujarat,Kachchh,Irrigation/Dam,540.57,171.72,7220,7871863725,9556.72,No,No,Pending,Pending,No,85,77,92,Environmental Clearance approval pending; Forest Clearance / diversion approval pending
Gujarat,Kheda (Nadiad),Mining Project,750.04,22.75,2643,11888749021,10399.15,Yes,Yes,Obtained,Under Review,No,289,97,527,Ownership/title dispute among claimants; Pending compensation enhancement case in court; Forest Clearance / diversion approval pending; Local protests/resistance to physical possession
Gujarat,Mahisagar,SEZ,520.73,288.1,3476,13931148255,11969.71,No,No,Pending,Not Required,Yes,52,379,212,Environmental Clearance approval pending; Rehabilitation & Resettlement (R&R) site not finalized; Fund release delay from state/central treasury
Gujarat,Mehsana,Irrigation/Dam,41.34,4.49,481,177067444,170.69,No,No,Pending,Obtained,Yes,58,388,349,Environmental Clearance approval pending; Rehabilitation & Resettlement (R&R) site not finalized; Fund release delay from state/central treasury; Local protests/resistance to physical possession
Gujarat,Morbi,Mining Project,401.94,111.06,4382,6050544578,7780.46,No,No,Pending,Pending,Yes,90,173,161,Environmental Clearance approval pending; Forest Clearance / diversion approval pending; Delay in providing alternate housing/livelihood support
Gujarat,Narmada (Rajpipla),Irrigation/Dam,393.21,26.14,3557,10655348294,3947.58,Yes,No,Under Review,Not Required,No,422,35,744,Farmers refusing consent for acquisition; Environmental Clearance approval pending; Local protests/resistance to physical possession
Gujarat,Navsari,Mining Project,59.03,40.09,285,631343562,235.2,No,No,Under Review,Under Review,No,4,1,276,Environmental Clearance approval pending; Forest Clearance / diversion approval pending; Local protests/resistance to physical possession
Gujarat,Panchmahal (Godhra),Mining Project,332.01,261.17,3781,9641928222,6209.65,No,No,Pending,Pending,No,45,27,94,Environmental Clearance approval pending; Forest Clearance / diversion approval pending
Gujarat,Patan,Port Development,123.37,79.75,1091,4062775381,2522.13,No,No,Obtained,Pending,No,178,57,331,Forest Clearance / diversion approval pending
Gujarat,Porbandar,Urban Infrastructure,663.31,487.87,9877,29922931502,10114.59,No,No,Obtained,Pending,No,179,43,221,Forest Clearance / diversion approval pending
Gujarat,Rajkot,Power Plant,677.04,192.33,4269,18804017508,27615.72,No,No,Under Review,Obtained,No,177,145,420,Environmental Clearance approval pending; Local protests/resistance to physical possession
Gujarat,Sabarkantha (Himmatnagar),Power Plant,42.02,31.12,589,2401417162,2344.29,Yes,No,Obtained,Under Review,No,729,101,768,Landowners disputing compensation valuation; Forest Clearance / diversion approval pending
Gujarat,Surat,State Highway,134.15,81.51,1723,3333070705,4585.74,Yes,No,Obtained,Under Review,No,512,88,539,Ownership/title dispute among claimants; Forest Clearance / diversion approval pending
Gujarat,Surendranagar,Industrial Corridor,352.49,45.49,2265,7995050780,11559.48,No,No,Not Required,Obtained,Yes,115,502,231,Rehabilitation & Resettlement (R&R) site not finalized; Fund release delay from state/central treasury
Gujarat,Tapi (Vyara),Port Development,444.66,222.18,1962,5416445349,4095.31,No,No,Obtained,Obtained,Yes,68,157,262,Delay in providing alternate housing/livelihood support
Gujarat,Vadodara,Mining Project,127.65,62.33,853,583781088,835.71,No,No,Not Required,Obtained,Yes,110,459,395,Dispute over R&R package for displaced families; Fund release delay from state/central treasury; Local protests/resistance to physical possession
Gujarat,Valsad,Airport,412.39,295.83,1305,3429178753,3485.11,No,No,Not Required,Obtained,No,21,143,145,No major delay — acquisition on schedule
Haryana,Ambala,Port Development,419.28,105.55,1762,2518707898,1566.86,Yes,Yes,Obtained,Obtained,No,369,64,495,Ownership/title dispute among claimants; Writ petition challenging acquisition notification
Haryana,Bhiwani,Port Development,399.16,122.41,3174,2758383769,849.92,No,No,Not Required,Pending,No,112,85,332,Forest Clearance / diversion approval pending; Local protests/resistance to physical possession
Haryana,Charkhi Dadri,Industrial Corridor,779.51,538.72,4808,20571371640,11129.56,Yes,No,Under Review,Obtained,No,502,147,626,Farmers refusing consent for acquisition; Environmental Clearance approval pending
Haryana,Faridabad,Power Plant,303.96,44.62,2160,1681190336,1641.89,No,No,Pending,Not Required,No,118,53,342,Environmental Clearance approval pending; Local protests/resistance to physical possession
Haryana,Fatehabad,Airport,665.87,495.86,8670,31551791379,34945.92,Yes,Yes,Obtained,Obtained,No,386,18,615,Ownership/title dispute among claimants; Pending compensation enhancement case in court; Local protests/resistance to physical possession
Haryana,Gurgaon,Irrigation/Dam,385.99,185.03,3314,13804954737,15600.3,No,No,Not Required,Pending,No,137,21,192,Forest Clearance / diversion approval pending
Haryana,Hisar,State Highway,527.79,272.34,5494,2670337344,3952.98,No,No,Obtained,Not Required,No,110,27,115,No major delay — acquisition on schedule
Haryana,Jhajjar,National Highway,210.7,82.48,1842,5043721741,4994.71,No,No,Obtained,Not Required,No,128,38,304,No major delay — acquisition on schedule
Haryana,Jind,Urban Infrastructure,388.8,219.15,5430,3587004556,4654.43,No,No,Obtained,Obtained,No,133,123,311,No major delay — acquisition on schedule
Haryana,Kaithal,Railway Line,82.61,18.37,651,378968081,134.01,No,No,Obtained,Obtained,Yes,42,249,306,Delay in providing alternate housing/livelihood support; Fund release delay from state/central treasury; Local protests/resistance to physical possession
Haryana,Karnal,Airport,443.77,237.51,3347,7499380114,9429.02,No,No,Obtained,Not Required,Yes,157,202,387,Delay in providing alternate housing/livelihood support; Fund release delay from state/central treasury; Local protests/resistance to physical possession
Haryana,Kurukshetra,Urban Infrastructure,346.49,275.96,1660,2438620158,2791.03,No,No,Pending,Not Required,No,93,83,193,Environmental Clearance approval pending
Haryana,Mahendragarh,Power Plant,95.59,25.18,799,3481122255,2353.53,No,No,Obtained,Obtained,Yes,117,176,461,Rehabilitation & Resettlement (R&R) site not finalized; Local protests/resistance to physical possession
Haryana,Mewat,Railway Line,735.35,241.1,7895,12753426114,7477.17,Yes,Yes,Obtained,Pending,No,588,98,804,Objections raised during Social Impact Assessment; Writ petition challenging acquisition notification; Forest Clearance / diversion approval pending; Local protests/resistance to physical possession
Haryana,Palwal,Railway Line,391.9,145.04,5466,23005949824,11684.3,Yes,Yes,Obtained,Not Required,No,367,2,615,Objections raised during Social Impact Assessment; Writ petition challenging acquisition notification; Local protests/resistance to physical possession
Haryana,Panchkula,Power Plant,160.13,78.92,1489,4530867669,3583.74,No,No,Pending,Pending,Yes,144,31,256,Environmental Clearance approval pending; Forest Clearance / diversion approval pending; Delay in providing alternate housing/livelihood support
Haryana,Panipat,Mining Project,30.99,19.22,178,637081372,623.56,No,No,Obtained,Pending,No,68,139,255,Forest Clearance / diversion approval pending
Haryana,Rewari,State Highway,658.98,505.25,7477,19400450427,28862.65,Yes,No,Not Required,Obtained,No,460,67,638,Farmers refusing consent for acquisition
Haryana,Rohtak,Irrigation/Dam,354.06,1.71,4278,5540751944,7052.51,No,No,Obtained,Not Required,No,42,35,147,No major delay — acquisition on schedule
Haryana,Sirsa,SEZ,645.33,221.96,5756,16155953928,8111.14,No,No,Obtained,Pending,No,131,24,200,Forest Clearance / diversion approval pending
Haryana,Sonipat,Port Development,735.42,4.42,9760,8129399808,10887.66,Yes,No,Not Required,Not Required,No,501,36,796,Landowners disputing compensation valuation; Local protests/resistance to physical possession
Haryana,Yamunanagar,National Highway,218.63,102.45,1721,5096288199,6911.33,Yes,Yes,Obtained,Under Review,Yes,499,335,796,Ownership/title dispute among claimants; Stay order from High Court on land handover; Forest Clearance / diversion approval pending; Rehabilitation & Resettlement (R&R) site not finalized; Fund release delay from state/central treasury; Local protests/resistance to physical possession
Himachal Pradesh,Bilaspur,Power Plant,695.78,85.07,2234,9791691759,10396.9,No,No,Not Required,Not Required,Yes,109,216,362,Dispute over R&R package for displaced families; Fund release delay from state/central treasury; Local protests/resistance to physical possession
Himachal Pradesh,Chamba,State Highway,261.68,149.98,2385,2023662605,2677.12,No,No,Not Required,Not Required,Yes,160,470,168,Rehabilitation & Resettlement (R&R) site not finalized; Fund release delay from state/central treasury
Himachal Pradesh,Hamirpur,Industrial Corridor,743.9,501.1,5902,26356682999,21437.45,No,No,Under Review,Not Required,Yes,70,95,405,Environmental Clearance approval pending; Delay in providing alternate housing/livelihood support; Local protests/resistance to physical possession
Himachal Pradesh,Kangra,State Highway,204.06,102.55,2805,2791550958,2165.15,Yes,Yes,Obtained,Not Required,No,1,54,245,Ownership/title dispute among claimants; Pending compensation enhancement case in court; Local protests/resistance to physical possession
Himachal Pradesh,Kinnaur,State Highway,110.5,68.4,1197,405789200,460.46,No,No,Under Review,Pending,Yes,18,234,214,Environmental Clearance approval pending; Forest Clearance / diversion approval pending; Rehabilitation & Resettlement (R&R) site not finalized; Fund release delay from state/central treasury
Himachal Pradesh,Kullu,Airport,585.96,420.75,3558,14232547145,6611.8,No,No,Not Required,Obtained,No,36,17,307,Local protests/resistance to physical possession
Himachal Pradesh,Lahaul &amp; Spiti,Airport,11.74,3.29,90,300079306,316.19,Yes,Yes,Pending,Not Required,Yes,102,143,165,Landowners disputing compensation valuation; Stay order from High Court on land handover; Environmental Clearance approval pending; Delay in providing alternate housing/livelihood support
Himachal Pradesh,Mandi,Power Plant,585.36,303.67,4438,16076752534,9603.35,No,No,Obtained,Pending,No,72,6,409,Forest Clearance / diversion approval pending; Local protests/resistance to physical possession
Himachal Pradesh,Shimla,Airport,168.33,52.93,749,1457070346,1566.94,No,No,Not Required,Obtained,Yes,61,511,387,Delay in providing alternate housing/livelihood support; Fund release delay from state/central treasury; Local protests/resistance to physical possession
Himachal Pradesh,Sirmaur (Sirmour),National Highway,61.45,5.47,132,239792846,163,No,No,Not Required,Pending,No,44,120,81,Forest Clearance / diversion approval pending
Himachal Pradesh,Solan,Port Development,471.95,372.35,2267,9464346442,13613.67,No,No,Obtained,Not Required,No,108,102,150,No major delay — acquisition on schedule
Himachal Pradesh,Una,SEZ,431.57,132.56,2419,3874291976,3539.42,Yes,No,Pending,Pending,No,665,16,823,Landowners disputing compensation valuation; Environmental Clearance approval pending; Forest Clearance / diversion approval pending
Jammu and Kashmir,Anantnag,Railway Line,585.32,71.89,1611,1066633036,876.11,No,No,Pending,Obtained,No,44,30,50,Environmental Clearance approval pending
Jammu and Kashmir,Bandipore,Industrial Corridor,562.69,376.4,8096,20212655950,25055.3,No,No,Obtained,Obtained,No,68,30,83,No major delay — acquisition on schedule
Jammu and Kashmir,Baramulla,State Highway,646.65,376.62,1830,6023916486,5975.62,Yes,Yes,Obtained,Pending,No,376,40,506,Ownership/title dispute among claimants; Stay order from High Court on land handover; Forest Clearance / diversion approval pending
Jammu and Kashmir,Budgam,Mining Project,715.94,186.65,2505,8545245985,2589.91,No,No,Obtained,Obtained,Yes,38,183,56,Rehabilitation & Resettlement (R&R) site not finalized
Jammu and Kashmir,Doda,National Highway,643.48,147.22,6772,8417354362,5032.87,No,No,Obtained,Not Required,No,30,128,374,Local protests/resistance to physical possession
Jammu and Kashmir,Ganderbal,Industrial Corridor,147.58,23.1,2178,9380936788,3590.19,No,No,Obtained,Not Required,Yes,141,467,145,Dispute over R&R package for displaced families; Fund release delay from state/central treasury
Jammu and Kashmir,Jammu,National Highway,164.53,57.41,979,2854189915,2445.22,No,No,Obtained,Not Required,Yes,139,251,216,Rehabilitation & Resettlement (R&R) site not finalized; Fund release delay from state/central treasury
Jammu and Kashmir,Kargil,Mining Project,746.26,582.73,6746,20042067327,22690.69,Yes,Yes,Not Required,Pending,No,314,26,419,Ownership/title dispute among claimants; Writ petition challenging acquisition notification; Forest Clearance / diversion approval pending
Jammu and Kashmir,Kathua,Airport,786.58,365.09,11401,49990520967,23537.95,Yes,Yes,Obtained,Not Required,No,381,117,424,Farmers refusing consent for acquisition; Stay order from High Court on land handover
Jammu and Kashmir,Kishtwar,Industrial Corridor,80.98,56.13,1025,629645235,617.92,No,No,Under Review,Obtained,Yes,80,402,438,Environmental Clearance approval pending; Delay in providing alternate housing/livelihood support; Fund release delay from state/central treasury; Local protests/resistance to physical possession
Jammu and Kashmir,Kulgam,Industrial Corridor,257.86,150.19,766,881967061,1090.04,No,No,Obtained,Obtained,No,104,30,378,Local protests/resistance to physical possession
Jammu and Kashmir,Kupwara,Irrigation/Dam,771.88,489.29,4637,6552235380,2908.51,Yes,Yes,Not Required,Not Required,Yes,335,151,381,Ownership/title dispute among claimants; Pending compensation enhancement case in court; Delay in providing alternate housing/livelihood support
Jammu and Kashmir,Leh,Railway Line,774.88,374.27,2042,3175577474,4077.78,Yes,No,Not Required,Pending,No,96,118,148,Farmers refusing consent for acquisition; Forest Clearance / diversion approval pending
Jammu and Kashmir,Poonch,National Highway,101.56,76.24,1234,1522274934,818.62,No,No,Pending,Under Review,Yes,150,265,188,Environmental Clearance approval pending; Forest Clearance / diversion approval pending; Rehabilitation & Resettlement (R&R) site not finalized; Fund release delay from state/central treasury
Jammu and Kashmir,Pulwama,SEZ,797.74,511.99,8294,30679957146,12590.27,No,No,Not Required,Obtained,No,12,43,305,Local protests/resistance to physical possession
Jammu and Kashmir,Rajouri,Power Plant,658.24,318.59,1568,4969766985,2521.5,Yes,Yes,Obtained,Not Required,Yes,634,251,965,Farmers refusing consent for acquisition; Writ petition challenging acquisition notification; Rehabilitation & Resettlement (R&R) site not finalized; Fund release delay from state/central treasury; Local protests/resistance to physical possession
Jammu and Kashmir,Ramban,Industrial Corridor,401.62,37.66,3304,2208494420,1677.61,No,No,Pending,Not Required,Yes,139,19,334,Environmental Clearance approval pending; Rehabilitation & Resettlement (R&R) site not finalized
Jammu and Kashmir,Reasi,Mining Project,386.35,67.55,2500,6689336708,4588.39,Yes,Yes,Pending,Obtained,No,287,14,528,Landowners disputing compensation valuation; Pending compensation enhancement case in court; Environmental Clearance approval pending; Local protests/resistance to physical possession
Jammu and Kashmir,Samba,Industrial Corridor,289.16,96.24,1453,1410026355,842.39,Yes,Yes,Not Required,Not Required,No,224,147,422,Farmers refusing consent for acquisition; Writ petition challenging acquisition notification
Jammu and Kashmir,Shopian,Railway Line,748.49,5.06,3187,4122431532,2809.87,No,No,Obtained,Pending,No,90,145,378,Forest Clearance / diversion approval pending; Local protests/resistance to physical possession
Jammu and Kashmir,Srinagar,Industrial Corridor,452.67,293.97,6719,26895019551,23954.64,Yes,Yes,Obtained,Obtained,Yes,539,489,539,Farmers refusing consent for acquisition; Writ petition challenging acquisition notification; Dispute over R&R package for displaced families; Fund release delay from state/central treasury
Jammu and Kashmir,Udhampur,Industrial Corridor,734.73,469.37,2715,8989739826,12608.44,No,No,Obtained,Obtained,No,36,28,305,Local protests/resistance to physical possession
Jharkhand,Bokaro,Mining Project,768.64,385.19,10949,21476478411,9046.72,Yes,Yes,Obtained,Under Review,No,498,81,587,Landowners disputing compensation valuation; Pending compensation enhancement case in court; Forest Clearance / diversion approval pending
Jharkhand,Chatra,Airport,556.38,31.67,6805,8421842813,8478.61,Yes,Yes,Pending,Obtained,No,718,146,918,Landowners disputing compensation valuation; Stay order from High Court on land handover; Environmental Clearance approval pending
Jharkhand,Deoghar,Railway Line,30.74,9.78,429,1871998591,1057.82,No,No,Under Review,Obtained,No,60,88,223,Environmental Clearance approval pending
Jharkhand,Dhanbad,SEZ,510.77,15.09,6477,20170046418,23702.69,Yes,Yes,Obtained,Not Required,Yes,110,1,134,Farmers refusing consent for acquisition; Pending compensation enhancement case in court; Dispute over R&R package for displaced families
Jharkhand,Dumka,Urban Infrastructure,353.39,164.07,1470,2997154316,4070.51,No,No,Obtained,Not Required,No,147,57,230,No major delay — acquisition on schedule
Jharkhand,East Singhbhum,Airport,63.6,7.85,371,607924686,876.62,Yes,Yes,Obtained,Not Required,No,95,86,399,Landowners disputing compensation valuation; Stay order from High Court on land handover; Local protests/resistance to physical possession
Jharkhand,Garhwa,Power Plant,715.11,169.05,5439,16563211217,17039.92,No,No,Obtained,Obtained,No,104,141,380,Local protests/resistance to physical possession
Jharkhand,Giridih,State Highway,530.18,298,1721,3356275788,3220.67,No,No,Obtained,Obtained,Yes,169,491,271,Rehabilitation & Resettlement (R&R) site not finalized; Fund release delay from state/central treasury
Jharkhand,Godda,Industrial Corridor,25.46,16.89,147,94687345,124.28,Yes,Yes,Obtained,Not Required,Yes,557,396,651,Ownership/title dispute among claimants; Pending compensation enhancement case in court; Dispute over R&R package for displaced families; Fund release delay from state/central treasury
Jharkhand,Gumla,SEZ,708.97,357.66,5526,7768688750,6666.08,Yes,Yes,Obtained,Not Required,No,87,88,364,Ownership/title dispute among claimants; Writ petition challenging acquisition notification; Local protests/resistance to physical possession
Jharkhand,Hazaribag,State Highway,776.71,254.93,7143,27367319471,35087.26,No,No,Pending,Not Required,No,60,121,213,Environmental Clearance approval pending
Jharkhand,Jamtara,Irrigation/Dam,318.87,37.26,781,2108015632,1939.76,No,No,Under Review,Obtained,No,114,44,199,Environmental Clearance approval pending
Jharkhand,Khunti,Mining Project,647.73,452.8,4860,21630770061,17790.7,No,No,Pending,Not Required,Yes,17,89,215,Environmental Clearance approval pending; Rehabilitation & Resettlement (R&R) site not finalized
Jharkhand,Koderma,Airport,320.9,173,1794,3990322728,5379.59,No,No,Pending,Pending,No,106,38,181,Environmental Clearance approval pending; Forest Clearance / diversion approval pending
Jharkhand,Latehar,Airport,472.41,91.32,6715,28100249087,27403.94,Yes,Yes,Pending,Obtained,No,392,124,684,Objections raised during Social Impact Assessment; Writ petition challenging acquisition notification; Environmental Clearance approval pending; Local protests/resistance to physical possession
Jharkhand,Lohardaga,Industrial Corridor,381.07,252.36,2758,7988896858,8923.4,No,No,Obtained,Not Required,No,12,121,149,No major delay — acquisition on schedule
Jharkhand,Pakur,SEZ,21.09,3.08,125,184681993,164.36,No,No,Obtained,Not Required,Yes,113,328,250,Rehabilitation & Resettlement (R&R) site not finalized; Fund release delay from state/central treasury
Jharkhand,Palamu,Mining Project,485.96,354.06,3762,15561203699,12271.63,No,No,Pending,Pending,Yes,40,67,199,Environmental Clearance approval pending; Forest Clearance / diversion approval pending; Rehabilitation & Resettlement (R&R) site not finalized
Jharkhand,Ramgarh,Irrigation/Dam,325.69,57.19,2871,7718464323,3924.72,No,No,Obtained,Obtained,Yes,12,369,372,Dispute over R&R package for displaced families; Fund release delay from state/central treasury; Local protests/resistance to physical possession
Jharkhand,Ranchi,Industrial Corridor,222.81,31.46,1908,5664320046,2541.28,Yes,Yes,Pending,Obtained,No,600,141,779,Landowners disputing compensation valuation; Stay order from High Court on land handover; Environmental Clearance approval pending
Jharkhand,Sahibganj,Irrigation/Dam,134.99,11.39,1584,5057984857,3247.65,No,No,Obtained,Pending,No,56,57,402,Forest Clearance / diversion approval pending; Local protests/resistance to physical possession
Jharkhand,Seraikela-Kharsawan,Port Development,218.92,103.42,494,1767174043,2157.87,Yes,No,Pending,Pending,Yes,258,312,622,Landowners disputing compensation valuation; Environmental Clearance approval pending; Forest Clearance / diversion approval pending; Rehabilitation & Resettlement (R&R) site not finalized; Fund release delay from state/central treasury; Local protests/resistance to physical possession
Jharkhand,Simdega,Port Development,223.93,18.72,2926,6518518454,3662.44,Yes,Yes,Pending,Pending,Yes,678,383,965,Ownership/title dispute among claimants; Stay order from High Court on land handover; Environmental Clearance approval pending; Forest Clearance / diversion approval pending; Dispute over R&R package for displaced families; Fund release delay from state/central treasury; Local protests/resistance to physical possession
Jharkhand,West Singhbhum,Railway Line,477.05,273.76,5198,12076520464,8496.32,Yes,Yes,Obtained,Not Required,No,667,76,763,Farmers refusing consent for acquisition; Writ petition challenging acquisition notification
Karnataka,Bagalkot,SEZ,416.25,252.98,1139,4442925219,5651.56,No,No,Obtained,Obtained,Yes,127,302,259,Rehabilitation & Resettlement (R&R) site not finalized; Fund release delay from state/central treasury
Karnataka,Ballari (Bellary),Power Plant,326.66,68.8,3129,14011554570,17923.83,Yes,No,Pending,Pending,No,687,91,946,Farmers refusing consent for acquisition; Environmental Clearance approval pending; Forest Clearance / diversion approval pending; Local protests/resistance to physical possession
Karnataka,Belagavi (Belgaum),State Highway,677.11,86.32,9069,9620128597,4012.78,Yes,Yes,Not Required,Not Required,Yes,696,343,1031,Landowners disputing compensation valuation; Stay order from High Court on land handover; Dispute over R&R package for displaced families; Fund release delay from state/central treasury; Local protests/resistance to physical possession
Karnataka,Bengaluru (Bangalore) Rural,Irrigation/Dam,181.69,112.89,2421,5001749168,6823.45,No,No,Pending,Pending,Yes,13,72,254,Environmental Clearance approval pending; Forest Clearance / diversion approval pending; Rehabilitation & Resettlement (R&R) site not finalized; Local protests/resistance to physical possession
Karnataka,Bengaluru (Bangalore) Urban,Industrial Corridor,402.88,42.71,2804,4354876042,1588.98,No,No,Obtained,Obtained,No,145,117,218,No major delay — acquisition on schedule
Karnataka,Bidar,State Highway,690.6,452.84,2106,3573973984,5303.66,Yes,Yes,Obtained,Obtained,No,590,40,840,Farmers refusing consent for acquisition; Writ petition challenging acquisition notification; Local protests/resistance to physical possession
Karnataka,Chamarajanagar,Port Development,107.88,48.87,817,1717257924,1498.96,Yes,Yes,Pending,Under Review,No,543,48,552,Farmers refusing consent for acquisition; Writ petition challenging acquisition notification; Environmental Clearance approval pending; Forest Clearance / diversion approval pending
Karnataka,Chikballapur,Airport,8.28,1.76,40,159333503,107.47,Yes,Yes,Obtained,Obtained,Yes,297,466,563,Farmers refusing consent for acquisition; Pending compensation enhancement case in court; Delay in providing alternate housing/livelihood support; Fund release delay from state/central treasury; Local protests/resistance to physical possession
Karnataka,Chikkamagaluru (Chikmagalur),Irrigation/Dam,421.67,191.05,4608,3971707115,5939.16,No,No,Not Required,Obtained,No,103,4,219,No major delay — acquisition on schedule
Karnataka,Chitradurga,National Highway,583.1,405.28,6730,18687257668,9395.61,No,No,Pending,Obtained,No,65,136,384,Environmental Clearance approval pending; Local protests/resistance to physical possession
Karnataka,Dakshina Kannada,SEZ,477.17,363.43,1624,6190207361,2215.36,Yes,Yes,Obtained,Obtained,No,210,2,364,Farmers refusing consent for acquisition; Stay order from High Court on land handover
Karnataka,Davangere,Irrigation/Dam,531.02,143.38,2925,8317717829,3864.38,No,No,Obtained,Not Required,Yes,29,108,283,Rehabilitation & Resettlement (R&R) site not finalized; Local protests/resistance to physical possession
Karnataka,Dharwad,Irrigation/Dam,489.16,86.89,6265,27485199253,20050.62,No,No,Obtained,Pending,No,176,123,345,Forest Clearance / diversion approval pending
Karnataka,Gadag,Power Plant,7.18,1.89,99,376989534,415.75,Yes,Yes,Pending,Not Required,Yes,262,236,495,Objections raised during Social Impact Assessment; Stay order from High Court on land handover; Environmental Clearance approval pending; Rehabilitation & Resettlement (R&R) site not finalized; Fund release delay from state/central treasury; Local protests/resistance to physical possession
Karnataka,Hassan,Port Development,214.98,163.37,2702,10730695473,14193.47,No,No,Pending,Pending,Yes,11,9,81,Environmental Clearance approval pending; Forest Clearance / diversion approval pending; Delay in providing alternate housing/livelihood support
Karnataka,Haveri,SEZ,519.52,279.02,7080,30524531157,18985.38,No,No,Obtained,Obtained,Yes,102,467,241,Delay in providing alternate housing/livelihood support; Fund release delay from state/central treasury
Karnataka,Kalaburagi (Gulbarga),Port Development,553.47,231.02,4141,16653943862,8329.21,Yes,No,Under Review,Not Required,Yes,604,494,895,Landowners disputing compensation valuation; Environmental Clearance approval pending; Delay in providing alternate housing/livelihood support; Fund release delay from state/central treasury; Local protests/resistance to physical possession
Karnataka,Kodagu,Urban Infrastructure,353.34,109.87,4285,12288117472,16405.75,No,No,Pending,Not Required,No,124,28,334,Environmental Clearance approval pending; Local protests/resistance to physical possession
Karnataka,Kolar,Mining Project,41.55,24.54,252,821314958,914.55,No,No,Pending,Pending,No,171,86,436,Environmental Clearance approval pending; Forest Clearance / diversion approval pending; Local protests/resistance to physical possession
Karnataka,Koppal,Port Development,552.15,168.63,4211,14115012044,12397.44,No,No,Pending,Obtained,No,156,13,161,Environmental Clearance approval pending
Karnataka,Mandya,Port Development,747.83,295.8,6057,14430843138,7193.55,No,No,Obtained,Obtained,Yes,129,228,410,Dispute over R&R package for displaced families; Fund release delay from state/central treasury; Local protests/resistance to physical possession
Karnataka,Mysuru (Mysore),SEZ,306.02,44.78,925,2003173785,1978.42,Yes,Yes,Obtained,Under Review,No,18,26,224,Landowners disputing compensation valuation; Stay order from High Court on land handover; Forest Clearance / diversion approval pending; Local protests/resistance to physical possession
Karnataka,Raichur,National Highway,33.49,12.08,426,1544458654,2248.43,No,No,Not Required,Pending,No,116,87,302,Forest Clearance / diversion approval pending
Karnataka,Ramanagara,Industrial Corridor,654.19,81.48,4131,14554128021,14844.36,No,No,Obtained,Pending,Yes,168,227,169,Forest Clearance / diversion approval pending; Delay in providing alternate housing/livelihood support; Fund release delay from state/central treasury
Karnataka,Shivamogga (Shimoga),Airport,287.34,84.21,3562,9262270178,6934.37,Yes,No,Obtained,Not Required,No,419,27,549,Farmers refusing consent for acquisition
Karnataka,Tumakuru (Tumkur),Urban Infrastructure,160.76,113.08,2102,2533910380,3267.39,Yes,Yes,Not Required,Obtained,No,688,150,751,Ownership/title dispute among claimants; Stay order from High Court on land handover
Karnataka,Udupi,Airport,368.62,121.11,3153,13709842994,4184.31,No,No,Pending,Pending,No,130,45,484,Environmental Clearance approval pending; Forest Clearance / diversion approval pending; Local protests/resistance to physical possession
Karnataka,Uttara Kannada (Karwar),Industrial Corridor,143.05,21.14,478,1463440788,1503.53,Yes,No,Obtained,Pending,No,254,70,457,Landowners disputing compensation valuation; Forest Clearance / diversion approval pending; Local protests/resistance to physical possession
Karnataka,Vijayapura (Bijapur),Irrigation/Dam,776.54,339.91,2899,5895206328,6720.64,No,No,Obtained,Not Required,No,141,55,243,No major delay — acquisition on schedule
Karnataka,Yadgir,Mining Project,501.21,284.45,3252,10159149122,15011.19,No,No,Under Review,Pending,No,82,29,262,Environmental Clearance approval pending; Forest Clearance / diversion approval pending
Kerala,Alappuzha,SEZ,386.89,132.89,4129,8478518821,10152.54,No,No,Obtained,Not Required,No,133,27,145,No major delay — acquisition on schedule
Kerala,Ernakulam,Urban Infrastructure,120.53,31.8,554,1911730501,942.72,Yes,Yes,Not Required,Not Required,Yes,554,33,737,Ownership/title dispute among claimants; Stay order from High Court on land handover; Delay in providing alternate housing/livelihood support
Kerala,Idukki,SEZ,86.47,9.13,1004,3948063575,4701.73,No,No,Obtained,Not Required,No,73,12,268,No major delay — acquisition on schedule
Kerala,Kannur,Port Development,336.17,56.98,3666,15970927156,5822.4,No,No,Obtained,Not Required,No,113,57,437,Local protests/resistance to physical possession
Kerala,Kasaragod,National Highway,297.35,97.91,3449,3880711825,4540.03,Yes,Yes,Under Review,Obtained,No,526,30,719,Landowners disputing compensation valuation; Pending compensation enhancement case in court; Environmental Clearance approval pending
Kerala,Kollam,Airport,345.66,122.61,1275,3509745339,2126.97,Yes,No,Obtained,Obtained,Yes,52,308,303,Ownership/title dispute among claimants; Dispute over R&R package for displaced families; Fund release delay from state/central treasury; Local protests/resistance to physical possession
Kerala,Kottayam,Irrigation/Dam,442.38,328.11,4954,12417990084,17986.03,No,No,Not Required,Obtained,No,103,23,281,No major delay — acquisition on schedule
Kerala,Kozhikode,Port Development,707.3,190.5,4458,6834168834,9843.73,No,No,Obtained,Pending,No,166,2,224,Forest Clearance / diversion approval pending
Kerala,Malappuram,Mining Project,280.08,170.21,2898,12050320603,7140.93,Yes,No,Obtained,Not Required,Yes,262,289,274,Landowners disputing compensation valuation; Delay in providing alternate housing/livelihood support; Fund release delay from state/central treasury
Kerala,Palakkad,National Highway,658.58,329.31,8190,17783266163,6270.77,No,No,Obtained,Pending,No,42,137,315,Forest Clearance / diversion approval pending; Local protests/resistance to physical possession
Kerala,Pathanamthitta,Railway Line,503.41,317.84,5126,6127290049,6877.8,No,No,Obtained,Not Required,No,111,18,462,Local protests/resistance to physical possession
Kerala,Thiruvananthapuram,Industrial Corridor,23.88,5.41,59,35850862,18.41,Yes,Yes,Not Required,Under Review,No,461,103,682,Ownership/title dispute among claimants; Pending compensation enhancement case in court; Forest Clearance / diversion approval pending; Local protests/resistance to physical possession
Kerala,Thrissur,Port Development,18.43,4.82,165,494005963,514.76,No,No,Pending,Not Required,Yes,128,108,276,Environmental Clearance approval pending; Delay in providing alternate housing/livelihood support
Kerala,Wayanad,Railway Line,244.57,178.73,2922,6247936777,4836.75,No,No,Obtained,Pending,Yes,100,302,424,Forest Clearance / diversion approval pending; Rehabilitation & Resettlement (R&R) site not finalized; Fund release delay from state/central treasury; Local protests/resistance to physical possession
Lakshadweep (UT),Agatti,Airport,241.95,21.88,3520,13875782567,14951.55,No,No,Obtained,Not Required,Yes,10,5,303,Delay in providing alternate housing/livelihood support; Local protests/resistance to physical possession
Lakshadweep (UT),Amini,Irrigation/Dam,318.29,115.21,988,1168035475,1389.63,No,No,Obtained,Under Review,No,36,41,130,Forest Clearance / diversion approval pending
Lakshadweep (UT),Androth,State Highway,495.42,296.17,1729,5391207397,5287.43,Yes,No,Under Review,Pending,No,74,74,417,Landowners disputing compensation valuation; Environmental Clearance approval pending; Forest Clearance / diversion approval pending; Local protests/resistance to physical possession
Lakshadweep (UT),Bithra,Urban Infrastructure,204.3,131.17,1950,8378111833,6104.01,No,No,Obtained,Obtained,Yes,49,325,297,Dispute over R&R package for displaced families; Fund release delay from state/central treasury; Local protests/resistance to physical possession
Lakshadweep (UT),Chethlath,Industrial Corridor,266.04,72.49,2930,2754372403,2699.93,No,No,Under Review,Obtained,Yes,56,446,197,Environmental Clearance approval pending; Delay in providing alternate housing/livelihood support; Fund release delay from state/central treasury
Lakshadweep (UT),Kavaratti,Power Plant,111.77,23.88,1499,3363700806,2457.15,Yes,Yes,Obtained,Pending,No,143,137,243,Objections raised during Social Impact Assessment; Writ petition challenging acquisition notification; Forest Clearance / diversion approval pending
Lakshadweep (UT),Kadmath,Power Plant,588.17,175.69,6738,27267619883,35979.75,No,No,Not Required,Pending,No,54,9,336,Forest Clearance / diversion approval pending; Local protests/resistance to physical possession
Lakshadweep (UT),Kalpeni,Industrial Corridor,437.06,0.44,3556,12644525801,9344.08,Yes,No,Pending,Obtained,No,522,23,725,Ownership/title dispute among claimants; Environmental Clearance approval pending; Local protests/resistance to physical possession
Lakshadweep (UT),Kilthan,Industrial Corridor,404.22,109.08,5264,19410832811,20125.99,Yes,Yes,Obtained,Obtained,No,675,37,922,Objections raised during Social Impact Assessment; Stay order from High Court on land handover; Local protests/resistance to physical possession
Lakshadweep (UT),Minicoy,Port Development,37.13,7.09,186,262315778,152.36,No,No,Pending,Not Required,Yes,116,47,136,Environmental Clearance approval pending; Dispute over R&R package for displaced families
Madhya Pradesh,Agar Malwa,Power Plant,262.64,62.25,2305,8723314114,11356.42,Yes,Yes,Obtained,Not Required,Yes,669,79,933,Farmers refusing consent for acquisition; Stay order from High Court on land handover; Delay in providing alternate housing/livelihood support; Local protests/resistance to physical possession
Madhya Pradesh,Alirajpur,Irrigation/Dam,304.18,22.57,2650,4722754826,6334.46,No,No,Obtained,Pending,No,35,112,119,Forest Clearance / diversion approval pending
Madhya Pradesh,Anuppur,Urban Infrastructure,66.29,18.91,314,340691205,250.29,No,No,Obtained,Obtained,No,29,123,374,Local protests/resistance to physical possession
Madhya Pradesh,Ashoknagar,Power Plant,385.82,126.3,4018,8139570660,4821.92,Yes,Yes,Obtained,Pending,No,150,14,235,Objections raised during Social Impact Assessment; Writ petition challenging acquisition notification; Forest Clearance / diversion approval pending
Madhya Pradesh,Balaghat,Urban Infrastructure,738.35,285.51,5368,23462580472,24991.1,No,No,Pending,Not Required,No,55,114,365,Environmental Clearance approval pending; Local protests/resistance to physical possession
Madhya Pradesh,Barwani,Airport,694.51,460.84,8886,25089821828,31451.08,No,No,Obtained,Not Required,Yes,175,350,407,Dispute over R&R package for displaced families; Fund release delay from state/central treasury; Local protests/resistance to physical possession
Madhya Pradesh,Betul,Airport,474.52,292.38,3326,2514437635,1364.88,No,No,Pending,Pending,Yes,24,181,267,Environmental Clearance approval pending; Forest Clearance / diversion approval pending; Rehabilitation & Resettlement (R&R) site not finalized; Local protests/resistance to physical possession
Madhya Pradesh,Bhind,SEZ,481.85,47.12,4292,14850359634,6115.79,No,No,Under Review,Pending,Yes,173,441,440,Environmental Clearance approval pending; Forest Clearance / diversion approval pending; Rehabilitation & Resettlement (R&R) site not finalized; Fund release delay from state/central treasury; Local protests/resistance to physical possession
Madhya Pradesh,Bhopal,SEZ,299.45,229.15,2661,3363084299,4246.77,No,No,Obtained,Pending,No,178,147,228,Forest Clearance / diversion approval pending
Madhya Pradesh,Burhanpur,State Highway,111.44,46.61,559,2184585214,1397.96,No,No,Obtained,Obtained,No,1,147,268,Local protests/resistance to physical possession
Madhya Pradesh,Chhatarpur,Power Plant,418.21,209.1,1953,7183145800,5679.1,Yes,Yes,Pending,Obtained,No,578,93,891,Farmers refusing consent for acquisition; Pending compensation enhancement case in court; Environmental Clearance approval pending; Local protests/resistance to physical possession
Madhya Pradesh,Chhindwara,Port Development,793.48,382.49,3688,9658284808,9359.6,Yes,Yes,Obtained,Under Review,No,722,101,792,Landowners disputing compensation valuation; Stay order from High Court on land handover; Forest Clearance / diversion approval pending
Madhya Pradesh,Damoh,SEZ,99.67,61.41,1214,5204211316,2187.51,No,No,Not Required,Not Required,No,175,13,257,No major delay — acquisition on schedule
Madhya Pradesh,Datia,Airport,771.83,614.2,2457,2236802261,3156.2,No,No,Obtained,Obtained,Yes,9,393,214,Delay in providing alternate housing/livelihood support; Fund release delay from state/central treasury; Local protests/resistance to physical possession
Madhya Pradesh,Dewas,National Highway,526.66,300.63,7650,4141287301,5086.87,Yes,Yes,Obtained,Not Required,No,530,73,629,Ownership/title dispute among claimants; Pending compensation enhancement case in court
Madhya Pradesh,Dhar,Port Development,628.25,246,6960,20071233662,22255.57,No,No,Pending,Under Review,Yes,70,409,250,Environmental Clearance approval pending; Forest Clearance / diversion approval pending; Dispute over R&R package for displaced families; Fund release delay from state/central treasury
Madhya Pradesh,Dindori,Irrigation/Dam,319.14,105.68,2786,9458713130,3616.45,Yes,Yes,Not Required,Under Review,Yes,283,231,593,Ownership/title dispute among claimants; Writ petition challenging acquisition notification; Forest Clearance / diversion approval pending; Rehabilitation & Resettlement (R&R) site not finalized; Fund release delay from state/central treasury; Local protests/resistance to physical possession
Madhya Pradesh,Guna,Airport,366.53,174.77,755,781535309,709.23,No,No,Pending,Obtained,Yes,131,263,406,Environmental Clearance approval pending; Rehabilitation & Resettlement (R&R) site not finalized; Fund release delay from state/central treasury; Local protests/resistance to physical possession
Madhya Pradesh,Gwalior,State Highway,203.86,90.88,1407,3280062505,1941.56,Yes,No,Pending,Not Required,No,493,29,625,Objections raised during Social Impact Assessment; Environmental Clearance approval pending
Madhya Pradesh,Harda,State Highway,309.23,52.28,1504,4880389196,6150.24,No,No,Obtained,Pending,No,67,63,214,Forest Clearance / diversion approval pending
Madhya Pradesh,Hoshangabad,Irrigation/Dam,322.15,64.74,2076,5458045474,2806.43,Yes,Yes,Pending,Obtained,No,194,127,296,Objections raised during Social Impact Assessment; Stay order from High Court on land handover; Environmental Clearance approval pending
Madhya Pradesh,Indore,National Highway,589.67,60.03,2764,3183076428,1908.68,No,No,Obtained,Obtained,No,173,126,487,Local protests/resistance to physical possession
Madhya Pradesh,Jabalpur,Power Plant,612.57,224.7,1561,3630303343,3792.94,No,No,Under Review,Not Required,No,125,46,386,Environmental Clearance approval pending; Local protests/resistance to physical possession
Madhya Pradesh,Jhabua,Mining Project,321.31,64.22,1178,2954528682,2386.7,No,No,Obtained,Obtained,No,44,117,105,No major delay — acquisition on schedule
Madhya Pradesh,Katni,Railway Line,370.76,92.18,798,945757696,943.12,Yes,Yes,Obtained,Pending,Yes,482,351,669,Farmers refusing consent for acquisition; Pending compensation enhancement case in court; Forest Clearance / diversion approval pending; Delay in providing alternate housing/livelihood support; Fund release delay from state/central treasury
Madhya Pradesh,Khandwa,Mining Project,401.52,253.59,4460,8312103949,11015.13,Yes,Yes,Obtained,Pending,Yes,102,276,222,Objections raised during Social Impact Assessment; Pending compensation enhancement case in court; Forest Clearance / diversion approval pending; Delay in providing alternate housing/livelihood support; Fund release delay from state/central treasury
Madhya Pradesh,Khargone,Industrial Corridor,348.61,172.66,1358,5877996081,2818.25,No,No,Obtained,Pending,No,161,132,434,Forest Clearance / diversion approval pending; Local protests/resistance to physical possession
Madhya Pradesh,Mandla,Industrial Corridor,629.34,352.41,5857,15725488472,12235.72,No,No,Obtained,Not Required,No,161,24,391,Local protests/resistance to physical possession
Madhya Pradesh,Mandsaur,Port Development,211.52,108.25,1956,7241242470,5162.78,No,No,Obtained,Not Required,No,147,147,479,Local protests/resistance to physical possession
Madhya Pradesh,Morena,Port Development,433.06,7.15,2468,4110155876,3750.65,No,No,Obtained,Obtained,No,118,37,203,No major delay — acquisition on schedule
Madhya Pradesh,Narsinghpur,Urban Infrastructure,647.14,343.04,6605,17839297937,23524.34,Yes,Yes,Obtained,Obtained,Yes,273,404,411,Landowners disputing compensation valuation; Pending compensation enhancement case in court; Delay in providing alternate housing/livelihood support; Fund release delay from state/central treasury
Madhya Pradesh,Neemuch,Railway Line,625.87,30.66,7336,18251453782,15337.54,Yes,No,Obtained,Obtained,Yes,717,81,824,Objections raised during Social Impact Assessment; Delay in providing alternate housing/livelihood support
Madhya Pradesh,Panna,Port Development,320.65,232.01,4546,10398431053,3791.17,No,No,Pending,Under Review,Yes,158,159,201,Environmental Clearance approval pending; Forest Clearance / diversion approval pending; Rehabilitation & Resettlement (R&R) site not finalized
Madhya Pradesh,Raisen,Mining Project,745.61,363.95,3714,12619769249,10497.03,Yes,Yes,Obtained,Obtained,Yes,333,487,572,Ownership/title dispute among claimants; Writ petition challenging acquisition notification; Rehabilitation & Resettlement (R&R) site not finalized; Fund release delay from state/central treasury; Local protests/resistance to physical possession
Madhya Pradesh,Rajgarh,Port Development,748.21,270.23,2810,12037033332,11400.82,No,No,Obtained,Not Required,No,111,134,438,Local protests/resistance to physical possession
Madhya Pradesh,Ratlam,Urban Infrastructure,429.36,31.28,3547,4447723291,1812.29,Yes,Yes,Obtained,Obtained,No,139,88,285,Landowners disputing compensation valuation; Pending compensation enhancement case in court
Madhya Pradesh,Rewa,SEZ,430.4,107.51,3613,12547896047,8275.75,No,No,Not Required,Pending,No,140,95,236,Forest Clearance / diversion approval pending
Madhya Pradesh,Sagar,Port Development,706.32,318.07,3707,12243255432,13163.81,No,No,Obtained,Obtained,No,132,69,277,No major delay — acquisition on schedule
Madhya Pradesh,Satna,Railway Line,595.63,91.1,4388,17045732298,8844.84,Yes,Yes,Pending,Obtained,No,192,82,201,Ownership/title dispute among claimants; Writ petition challenging acquisition notification; Environmental Clearance approval pending
Madhya Pradesh,Sehore,SEZ,44.46,16.54,196,142991536,89.09,No,No,Pending,Obtained,Yes,126,222,301,Environmental Clearance approval pending; Dispute over R&R package for displaced families; Fund release delay from state/central treasury
Madhya Pradesh,Seoni,Railway Line,252.7,40.54,3783,8502197026,10625.28,Yes,No,Under Review,Obtained,No,73,139,313,Ownership/title dispute among claimants; Environmental Clearance approval pending; Local protests/resistance to physical possession
Madhya Pradesh,Shahdol,State Highway,157.79,20,1991,7523309271,3358.06,No,No,Obtained,Not Required,No,8,50,243,Local protests/resistance to physical possession
Madhya Pradesh,Shajapur,Power Plant,419.31,6,3416,10801589254,7286.01,Yes,Yes,Obtained,Under Review,No,259,123,585,Objections raised during Social Impact Assessment; Stay order from High Court on land handover; Forest Clearance / diversion approval pending; Local protests/resistance to physical possession
Madhya Pradesh,Sheopur,National Highway,162.99,14.67,2155,2617701442,1140.05,No,No,Obtained,Obtained,Yes,30,405,154,Delay in providing alternate housing/livelihood support; Fund release delay from state/central treasury
Madhya Pradesh,Shivpuri,Industrial Corridor,775.22,259.81,8511,27161217822,13200.09,No,No,Obtained,Pending,No,86,15,116,Forest Clearance / diversion approval pending
Madhya Pradesh,Sidhi,SEZ,517.44,123.64,6358,5267446099,3050.96,No,No,Not Required,Not Required,No,112,49,122,No major delay — acquisition on schedule
Madhya Pradesh,Singrauli,Mining Project,289.74,200.56,3964,9268898155,7646.84,Yes,Yes,Obtained,Obtained,Yes,479,281,785,Objections raised during Social Impact Assessment; Pending compensation enhancement case in court; Dispute over R&R package for displaced families; Fund release delay from state/central treasury; Local protests/resistance to physical possession
Madhya Pradesh,Tikamgarh,Irrigation/Dam,132.47,49.69,1038,3883737117,3689.27,No,No,Not Required,Pending,No,4,93,321,Forest Clearance / diversion approval pending; Local protests/resistance to physical possession
Madhya Pradesh,Ujjain,State Highway,259.95,194.79,3788,14167153645,7478.04,No,No,Not Required,Obtained,Yes,104,329,160,Dispute over R&R package for displaced families; Fund release delay from state/central treasury
Madhya Pradesh,Umaria,Airport,420.94,314.3,5412,4573420983,6165.85,Yes,Yes,Obtained,Pending,No,673,125,942,Landowners disputing compensation valuation; Stay order from High Court on land handover; Forest Clearance / diversion approval pending; Local protests/resistance to physical possession
Madhya Pradesh,Vidisha,National Highway,562.54,334.85,3804,10822399864,4167.15,No,No,Obtained,Pending,No,20,119,347,Forest Clearance / diversion approval pending; Local protests/resistance to physical possession
Maharashtra,Ahmednagar,State Highway,291.94,59.91,3963,14871202553,18635.1,Yes,Yes,Pending,Not Required,No,79,55,344,Farmers refusing consent for acquisition; Writ petition challenging acquisition notification; Environmental Clearance approval pending; Local protests/resistance to physical possession
Maharashtra,Akola,Port Development,85.47,52.58,599,665549907,724.29,No,No,Under Review,Pending,No,27,147,210,Environmental Clearance approval pending; Forest Clearance / diversion approval pending
Maharashtra,Amravati,Mining Project,369.68,99,4982,4984984912,2574.62,No,No,Obtained,Obtained,No,113,90,274,No major delay — acquisition on schedule
Maharashtra,Aurangabad,Urban Infrastructure,793.21,428.55,5419,19018383377,15532.42,No,No,Pending,Pending,Yes,140,260,324,Environmental Clearance approval pending; Forest Clearance / diversion approval pending; Rehabilitation & Resettlement (R&R) site not finalized; Fund release delay from state/central treasury
Maharashtra,Beed,National Highway,360.76,174,4127,18276077698,18548.67,No,No,Under Review,Obtained,Yes,56,219,217,Environmental Clearance approval pending; Rehabilitation & Resettlement (R&R) site not finalized; Fund release delay from state/central treasury
Maharashtra,Bhandara,Industrial Corridor,618.36,28.03,7847,32645644563,29822.64,No,No,Pending,Obtained,No,39,35,174,Environmental Clearance approval pending
Maharashtra,Buldhana,Airport,712.25,427.43,3797,5928142999,5836.76,No,No,Obtained,Obtained,Yes,123,177,372,Dispute over R&R package for displaced families; Local protests/resistance to physical possession
Maharashtra,Chandrapur,Irrigation/Dam,656.51,475.12,6794,3104591023,3942.86,No,No,Not Required,Under Review,Yes,111,426,172,Forest Clearance / diversion approval pending; Rehabilitation & Resettlement (R&R) site not finalized; Fund release delay from state/central treasury
Maharashtra,Dhule,National Highway,599.4,72.18,8435,24987218399,26452.28,Yes,Yes,Obtained,Pending,Yes,714,226,792,Objections raised during Social Impact Assessment; Stay order from High Court on land handover; Forest Clearance / diversion approval pending; Delay in providing alternate housing/livelihood support; Fund release delay from state/central treasury
Maharashtra,Gadchiroli,SEZ,540.54,1.14,7904,27363085651,27097.82,Yes,Yes,Not Required,Obtained,Yes,487,50,767,Farmers refusing consent for acquisition; Pending compensation enhancement case in court; Delay in providing alternate housing/livelihood support; Local protests/resistance to physical possession
Maharashtra,Gondia,Irrigation/Dam,213.73,102.84,1634,5279545779,6411.69,No,No,Obtained,Pending,No,143,134,269,Forest Clearance / diversion approval pending
Maharashtra,Hingoli,Railway Line,61.96,11.06,384,1605649897,654.32,No,No,Obtained,Obtained,Yes,152,24,308,Dispute over R&R package for displaced families
Maharashtra,Jalgaon,Irrigation/Dam,790.18,242.6,11751,25350225976,12040.91,Yes,No,Obtained,Pending,No,87,28,114,Landowners disputing compensation valuation; Forest Clearance / diversion approval pending
Maharashtra,Jalna,Mining Project,759.41,44.51,10095,37801359619,11963.37,No,No,Obtained,Pending,Yes,53,216,157,Forest Clearance / diversion approval pending; Rehabilitation & Resettlement (R&R) site not finalized; Fund release delay from state/central treasury
Maharashtra,Kolhapur,National Highway,421,249.68,3485,11729391492,5508.32,No,No,Obtained,Pending,No,11,65,98,Forest Clearance / diversion approval pending
Maharashtra,Latur,Port Development,230.79,38.92,2315,1210647873,1314.41,Yes,Yes,Obtained,Not Required,No,110,4,259,Landowners disputing compensation valuation; Pending compensation enhancement case in court
Maharashtra,Mumbai City,Irrigation/Dam,312.29,5.05,2689,8821783351,12215.05,No,No,Pending,Obtained,Yes,117,22,137,Environmental Clearance approval pending; Rehabilitation & Resettlement (R&R) site not finalized
Maharashtra,Mumbai Suburban,Port Development,738.2,410.48,6178,21168552641,6817.26,No,No,Obtained,Obtained,No,128,70,159,No major delay — acquisition on schedule
Maharashtra,Nagpur,Mining Project,209.86,102.89,3147,14034105233,20110.37,No,No,Obtained,Obtained,Yes,35,89,230,Delay in providing alternate housing/livelihood support
Maharashtra,Nanded,Mining Project,768.68,238.32,7788,9775478171,5752.21,Yes,No,Under Review,Obtained,No,211,35,508,Landowners disputing compensation valuation; Environmental Clearance approval pending; Local protests/resistance to physical possession
Maharashtra,Nandurbar,Industrial Corridor,548.82,350.23,2083,6648591838,9164.23,No,No,Obtained,Under Review,No,167,144,247,Forest Clearance / diversion approval pending
Maharashtra,Nashik,Power Plant,58.91,22.01,668,717009762,937.44,Yes,Yes,Obtained,Under Review,No,310,113,636,Objections raised during Social Impact Assessment; Pending compensation enhancement case in court; Forest Clearance / diversion approval pending; Local protests/resistance to physical possession
Maharashtra,Osmanabad,State Highway,125.81,81.73,466,191075159,283.39,No,No,Pending,Pending,No,59,6,242,Environmental Clearance approval pending; Forest Clearance / diversion approval pending
Maharashtra,Palghar,SEZ,552.07,231.16,4709,13372568239,15437.6,No,No,Not Required,Pending,Yes,49,231,65,Forest Clearance / diversion approval pending; Delay in providing alternate housing/livelihood support; Fund release delay from state/central treasury
Maharashtra,Parbhani,Industrial Corridor,612.81,482.89,3375,6867399015,8177.97,No,No,Not Required,Obtained,No,112,125,464,Local protests/resistance to physical possession
Maharashtra,Pune,Port Development,694.09,62.42,5246,18676294150,19227.54,No,No,Pending,Pending,No,146,137,414,Environmental Clearance approval pending; Forest Clearance / diversion approval pending; Local protests/resistance to physical possession
Maharashtra,Raigad,Port Development,701.25,119.54,6148,13505682255,17454.91,Yes,No,Pending,Pending,No,571,99,835,Ownership/title dispute among claimants; Environmental Clearance approval pending; Forest Clearance / diversion approval pending; Local protests/resistance to physical possession
Maharashtra,Ratnagiri,Urban Infrastructure,770.26,499.22,5941,23849965197,29297.59,Yes,Yes,Obtained,Under Review,No,145,118,475,Farmers refusing consent for acquisition; Stay order from High Court on land handover; Forest Clearance / diversion approval pending; Local protests/resistance to physical possession
Maharashtra,Sangli,State Highway,76.9,30.72,333,918707182,1261.56,No,No,Obtained,Obtained,Yes,116,206,348,Rehabilitation & Resettlement (R&R) site not finalized; Fund release delay from state/central treasury; Local protests/resistance to physical possession
Maharashtra,Satara,Railway Line,203.82,50.27,2811,10246775640,11907.26,Yes,Yes,Obtained,Pending,No,393,130,706,Objections raised during Social Impact Assessment; Writ petition challenging acquisition notification; Forest Clearance / diversion approval pending; Local protests/resistance to physical possession
Maharashtra,Sindhudurg,Power Plant,306.05,151.65,3668,15154201409,14829.75,No,No,Obtained,Not Required,Yes,13,429,170,Rehabilitation & Resettlement (R&R) site not finalized; Fund release delay from state/central treasury
Maharashtra,Solapur,National Highway,585.48,18.28,3368,3566453711,4915.47,No,No,Obtained,Not Required,Yes,127,510,405,Dispute over R&R package for displaced families; Fund release delay from state/central treasury; Local protests/resistance to physical possession
Maharashtra,Thane,National Highway,488.35,197.89,2353,7223184362,6099.88,No,No,Pending,Obtained,No,71,142,177,Environmental Clearance approval pending
Maharashtra,Wardha,Railway Line,151.95,114.87,993,904198540,306.45,No,No,Pending,Obtained,Yes,27,426,118,Environmental Clearance approval pending; Rehabilitation & Resettlement (R&R) site not finalized; Fund release delay from state/central treasury
Maharashtra,Washim,SEZ,539.31,167.79,5926,16586102094,20645.87,Yes,Yes,Pending,Under Review,Yes,306,330,494,Ownership/title dispute among claimants; Pending compensation enhancement case in court; Environmental Clearance approval pending; Forest Clearance / diversion approval pending; Rehabilitation & Resettlement (R&R) site not finalized; Fund release delay from state/central treasury
Maharashtra,Yavatmal,Airport,657.11,126.98,8518,4878161830,4219.51,Yes,No,Obtained,Pending,Yes,214,59,269,Objections raised during Social Impact Assessment; Forest Clearance / diversion approval pending; Delay in providing alternate housing/livelihood support
Manipur,Bishnupur,Airport,585.13,173.68,8679,20234086331,22791.37,No,No,Under Review,Obtained,No,81,66,350,Environmental Clearance approval pending; Local protests/resistance to physical possession
Manipur,Chandel,State Highway,796.04,411.49,2934,7813430416,7216.85,No,No,Obtained,Obtained,No,74,49,74,No major delay — acquisition on schedule
Manipur,Churachandpur,Port Development,24.07,7.21,85,328260915,413.44,No,No,Obtained,Obtained,No,163,54,168,No major delay — acquisition on schedule
Manipur,Imphal East,Irrigation/Dam,164.94,94.79,2024,3223512887,2927.04,Yes,Yes,Pending,Obtained,No,630,7,719,Farmers refusing consent for acquisition; Pending compensation enhancement case in court; Environmental Clearance approval pending
Manipur,Imphal West,SEZ,267.76,141.82,2876,11929316752,14991.64,No,No,Obtained,Pending,No,137,85,373,Forest Clearance / diversion approval pending; Local protests/resistance to physical possession
Manipur,Jiribam,Power Plant,742.59,560.79,6515,17413025486,19395.27,No,No,Obtained,Pending,Yes,90,67,166,Forest Clearance / diversion approval pending; Delay in providing alternate housing/livelihood support
Manipur,Kakching,National Highway,673.39,356.01,4631,11781020132,5880.65,No,No,Obtained,Obtained,No,78,80,441,Local protests/resistance to physical possession
Manipur,Kamjong,Mining Project,220.84,161.34,2959,5505666377,7131.76,Yes,Yes,Obtained,Pending,Yes,206,94,433,Ownership/title dispute among claimants; Stay order from High Court on land handover; Forest Clearance / diversion approval pending; Rehabilitation & Resettlement (R&R) site not finalized; Local protests/resistance to physical possession
Manipur,Kangpokpi,Railway Line,24.82,10.27,210,230766701,325,No,No,Pending,Not Required,Yes,25,528,371,Environmental Clearance approval pending; Rehabilitation & Resettlement (R&R) site not finalized; Fund release delay from state/central treasury; Local protests/resistance to physical possession
Manipur,Noney,Port Development,168.12,129.58,1183,4651795972,2042.15,Yes,Yes,Not Required,Not Required,Yes,47,105,313,Farmers refusing consent for acquisition; Stay order from High Court on land handover; Rehabilitation & Resettlement (R&R) site not finalized; Local protests/resistance to physical possession
Manipur,Pherzawl,Power Plant,597.72,467.43,7089,21147717499,11669.62,Yes,Yes,Pending,Not Required,No,279,38,359,Objections raised during Social Impact Assessment; Writ petition challenging acquisition notification; Environmental Clearance approval pending
Manipur,Senapati,State Highway,96,3.2,890,649678845,617.87,No,No,Obtained,Under Review,No,146,62,233,Forest Clearance / diversion approval pending
Manipur,Tamenglong,Airport,252.55,21.77,2279,1169240885,391.45,No,No,Obtained,Pending,Yes,100,183,460,Forest Clearance / diversion approval pending; Delay in providing alternate housing/livelihood support; Local protests/resistance to physical possession
Manipur,Tengnoupal,Urban Infrastructure,713.56,211.52,7828,17006426403,12359.41,Yes,Yes,Not Required,Not Required,Yes,476,134,523,Ownership/title dispute among claimants; Writ petition challenging acquisition notification; Rehabilitation & Resettlement (R&R) site not finalized
Manipur,Thoubal,Port Development,82.32,45.41,854,3005458869,2598.69,No,No,Obtained,Not Required,Yes,93,401,186,Delay in providing alternate housing/livelihood support; Fund release delay from state/central treasury
Manipur,Ukhrul,State Highway,267.61,29.8,1665,3908634581,1479.18,Yes,Yes,Not Required,Obtained,Yes,588,130,848,Landowners disputing compensation valuation; Writ petition challenging acquisition notification; Rehabilitation & Resettlement (R&R) site not finalized; Local protests/resistance to physical possession
Meghalaya,East Garo Hills,State Highway,327.52,74.87,1110,2925770648,1126.74,Yes,Yes,Pending,Obtained,Yes,162,493,358,Farmers refusing consent for acquisition; Stay order from High Court on land handover; Environmental Clearance approval pending; Rehabilitation & Resettlement (R&R) site not finalized; Fund release delay from state/central treasury
Meghalaya,East Jaintia Hills,State Highway,275.87,41.07,2671,9599891052,7895.19,No,No,Pending,Obtained,No,19,146,268,Environmental Clearance approval pending; Local protests/resistance to physical possession
Meghalaya,East Khasi Hills,Port Development,475.77,204.43,4384,16450946058,8413.16,No,No,Obtained,Obtained,No,97,83,350,Local protests/resistance to physical possession
Meghalaya,North Garo Hills,Airport,529.83,385.49,6687,26925195159,37261.97,No,No,Obtained,Obtained,Yes,136,298,335,Dispute over R&R package for displaced families; Fund release delay from state/central treasury
Meghalaya,Ri Bhoi,National Highway,464.46,298.86,5043,8218629610,8089.86,No,No,Obtained,Under Review,No,88,22,386,Forest Clearance / diversion approval pending; Local protests/resistance to physical possession
Meghalaya,South Garo Hills,National Highway,491.14,192.36,6394,24812056093,9301.86,No,No,Under Review,Obtained,No,91,28,235,Environmental Clearance approval pending
Meghalaya,South West Garo Hills ,Industrial Corridor,192.02,45.74,1368,2238232270,1699.6,No,No,Pending,Not Required,No,48,142,244,Environmental Clearance approval pending
Meghalaya,South West Khasi Hills,Port Development,672.77,455.19,10069,31357660591,14460.05,Yes,Yes,Pending,Pending,No,139,21,209,Objections raised during Social Impact Assessment; Writ petition challenging acquisition notification; Environmental Clearance approval pending; Forest Clearance / diversion approval pending
Meghalaya,West Garo Hills,Railway Line,645.72,72.24,8792,28315868480,40105.84,No,No,Obtained,Pending,No,98,90,213,Forest Clearance / diversion approval pending
Meghalaya,West Jaintia Hills,Airport,342.69,272.12,2904,9786004314,11298.49,Yes,No,Pending,Obtained,Yes,494,377,551,Ownership/title dispute among claimants; Environmental Clearance approval pending; Rehabilitation & Resettlement (R&R) site not finalized; Fund release delay from state/central treasury
Meghalaya,West Khasi Hills,Urban Infrastructure,387.82,96.03,1491,5026804171,7441.15,No,No,Not Required,Pending,Yes,156,90,281,Forest Clearance / diversion approval pending; Rehabilitation & Resettlement (R&R) site not finalized
Mizoram,Aizawl,Mining Project,506.38,136.22,5414,17179222307,16269.35,No,No,Pending,Under Review,No,2,120,234,Environmental Clearance approval pending; Forest Clearance / diversion approval pending; Local protests/resistance to physical possession
Mizoram,Champhai,Port Development,725.31,247.21,4576,8155535159,12015.65,Yes,Yes,Pending,Pending,Yes,577,266,608,Ownership/title dispute among claimants; Writ petition challenging acquisition notification; Environmental Clearance approval pending; Forest Clearance / diversion approval pending; Dispute over R&R package for displaced families; Fund release delay from state/central treasury
Mizoram,Kolasib,Airport,381.16,253.37,1018,4539803865,5768.61,No,No,Obtained,Obtained,No,71,64,138,No major delay — acquisition on schedule
Mizoram,Lawngtlai,Railway Line,228.37,25.97,498,382716734,195.01,No,No,Obtained,Pending,No,66,60,314,Forest Clearance / diversion approval pending; Local protests/resistance to physical possession
Mizoram,Lunglei,Urban Infrastructure,640.5,70.7,4135,2706300255,1283.01,No,No,Obtained,Pending,No,98,60,436,Forest Clearance / diversion approval pending; Local protests/resistance to physical possession
Mizoram,Mamit,SEZ,582.17,387.83,5536,21234428269,7754.62,Yes,No,Obtained,Pending,No,487,136,606,Objections raised during Social Impact Assessment; Forest Clearance / diversion approval pending
Mizoram,Saiha,Port Development,548.39,267.58,2969,7505207305,6166.89,Yes,No,Obtained,Obtained,No,42,24,314,Landowners disputing compensation valuation; Local protests/resistance to physical possession
Mizoram,Serchhip,Airport,286.29,35.67,2844,8641997052,5419.47,Yes,No,Obtained,Pending,No,691,61,1035,Objections raised during Social Impact Assessment; Forest Clearance / diversion approval pending; Local protests/resistance to physical possession
Nagaland,Dimapur,Irrigation/Dam,617.55,237.16,6675,29847278236,20174.49,Yes,Yes,Obtained,Pending,No,701,114,880,Objections raised during Social Impact Assessment; Pending compensation enhancement case in court; Forest Clearance / diversion approval pending
Nagaland,Kiphire,Airport,581.57,348.06,1420,4120085042,1517.26,No,No,Not Required,Obtained,No,31,30,75,No major delay — acquisition on schedule
Nagaland,Kohima,SEZ,108.28,29.76,1483,3970716154,5799.62,No,No,Pending,Obtained,No,19,116,160,Environmental Clearance approval pending
Nagaland,Longleng,State Highway,555.32,147.68,6670,9210027383,11391.68,Yes,Yes,Obtained,Under Review,Yes,271,182,496,Farmers refusing consent for acquisition; Pending compensation enhancement case in court; Forest Clearance / diversion approval pending; Delay in providing alternate housing/livelihood support; Local protests/resistance to physical possession
Nagaland,Mokokchung,State Highway,395.92,22.62,3933,4127514830,3675.42,Yes,No,Obtained,Pending,No,265,26,282,Objections raised during Social Impact Assessment; Forest Clearance / diversion approval pending
Nagaland,Mon,Airport,60.98,13.29,738,279563353,250.84,No,No,Obtained,Obtained,Yes,38,337,238,Rehabilitation & Resettlement (R&R) site not finalized; Fund release delay from state/central treasury
Nagaland,Peren,Airport,7.94,1.86,95,219277631,172.07,No,No,Not Required,Obtained,Yes,98,493,160,Rehabilitation & Resettlement (R&R) site not finalized; Fund release delay from state/central treasury
Nagaland,Phek,Power Plant,430.57,2.89,2727,4286511091,1569.86,No,No,Pending,Pending,No,87,20,322,Environmental Clearance approval pending; Forest Clearance / diversion approval pending; Local protests/resistance to physical possession
Nagaland,Tuensang,Railway Line,520,342.53,1305,2497101104,1321.48,No,No,Not Required,Pending,Yes,21,448,118,Forest Clearance / diversion approval pending; Dispute over R&R package for displaced families; Fund release delay from state/central treasury
Nagaland,Wokha,Industrial Corridor,33.38,26.03,499,649517138,497.87,No,No,Pending,Pending,No,115,4,133,Environmental Clearance approval pending; Forest Clearance / diversion approval pending
Nagaland,Zunheboto,State Highway,49.56,8.41,126,100344618,127.29,No,No,Obtained,Not Required,No,38,148,157,No major delay — acquisition on schedule
Odisha,Angul,Airport,34.32,23.57,360,820484089,1150.01,Yes,No,Obtained,Obtained,Yes,314,99,547,Ownership/title dispute among claimants; Delay in providing alternate housing/livelihood support; Local protests/resistance to physical possession
Odisha,Balangir,State Highway,140.7,46.03,1777,1326692280,1189.48,No,No,Obtained,Not Required,No,173,102,339,No major delay — acquisition on schedule
Odisha,Balasore,Industrial Corridor,780.8,264.87,2955,11267396642,14103.65,No,No,Pending,Obtained,Yes,36,425,122,Environmental Clearance approval pending; Dispute over R&R package for displaced families; Fund release delay from state/central treasury
Odisha,Bargarh,National Highway,444.96,199.82,6244,2940520365,1234.91,No,No,Pending,Not Required,Yes,124,82,127,Environmental Clearance approval pending; Rehabilitation & Resettlement (R&R) site not finalized
Odisha,Bhadrak,Urban Infrastructure,147.63,107.58,1546,6222717400,4974.86,No,No,Not Required,Not Required,Yes,163,277,430,Rehabilitation & Resettlement (R&R) site not finalized; Fund release delay from state/central treasury; Local protests/resistance to physical possession
Odisha,Boudh,Mining Project,332.56,16.47,3304,1513262034,780.84,No,No,Under Review,Pending,No,89,107,91,Environmental Clearance approval pending; Forest Clearance / diversion approval pending
Odisha,Cuttack,National Highway,192.33,135.78,1710,1200201446,881.29,No,No,Pending,Obtained,No,168,53,309,Environmental Clearance approval pending
Odisha,Deogarh,Airport,159.01,25.87,1734,7574129546,6584.16,Yes,Yes,Obtained,Pending,Yes,445,257,616,Farmers refusing consent for acquisition; Writ petition challenging acquisition notification; Forest Clearance / diversion approval pending; Delay in providing alternate housing/livelihood support; Fund release delay from state/central treasury
Odisha,Dhenkanal,SEZ,645.1,124.68,1653,5636318265,7946.27,Yes,No,Obtained,Obtained,No,455,148,621,Objections raised during Social Impact Assessment
Odisha,Gajapati,SEZ,163.01,42.14,1016,3628843310,2508.83,Yes,No,Not Required,Pending,Yes,482,496,509,Farmers refusing consent for acquisition; Forest Clearance / diversion approval pending; Delay in providing alternate housing/livelihood support; Fund release delay from state/central treasury
Odisha,Ganjam,Airport,120.23,6.94,951,1832374700,849.65,No,No,Pending,Under Review,Yes,32,32,386,Environmental Clearance approval pending; Forest Clearance / diversion approval pending; Delay in providing alternate housing/livelihood support; Local protests/resistance to physical possession
Odisha,Jagatsinghapur,Mining Project,52.42,36.21,685,1524831567,770.71,Yes,No,Pending,Not Required,No,626,43,921,Landowners disputing compensation valuation; Environmental Clearance approval pending; Local protests/resistance to physical possession
Odisha,Jajpur,SEZ,684.73,500.41,8997,21185202377,31667.58,No,No,Not Required,Obtained,No,63,63,230,No major delay — acquisition on schedule
Odisha,Jharsuguda,SEZ,465.68,40.3,4513,4177561109,4129.27,Yes,No,Obtained,Pending,No,34,108,305,Farmers refusing consent for acquisition; Forest Clearance / diversion approval pending; Local protests/resistance to physical possession
Odisha,Kalahandi,Irrigation/Dam,386.02,62.38,4893,10765841582,6336.92,No,No,Obtained,Not Required,No,33,91,184,No major delay — acquisition on schedule
Odisha,Kandhamal,Industrial Corridor,519.87,378.16,4282,6766903389,7741.1,No,No,Pending,Obtained,No,35,103,129,Environmental Clearance approval pending
Odisha,Kendrapara,Irrigation/Dam,503.31,119.22,1015,2978701317,2269.34,No,No,Pending,Obtained,No,178,138,472,Environmental Clearance approval pending; Local protests/resistance to physical possession
Odisha,Kendujhar (Keonjhar),National Highway,631.22,464.09,8490,28782758076,10527.98,No,No,Pending,Not Required,Yes,93,476,409,Environmental Clearance approval pending; Delay in providing alternate housing/livelihood support; Fund release delay from state/central treasury; Local protests/resistance to physical possession
Odisha,Khordha,Industrial Corridor,295.63,195.05,2738,1591941210,1832.65,Yes,No,Obtained,Obtained,No,594,53,709,Ownership/title dispute among claimants
Odisha,Koraput,Urban Infrastructure,285.41,167.28,3094,4529648186,1703.34,Yes,Yes,Pending,Obtained,No,694,136,843,Objections raised during Social Impact Assessment; Stay order from High Court on land handover; Environmental Clearance approval pending
Odisha,Malkangiri,Railway Line,498.66,79.82,7125,26340716608,37642.23,Yes,No,Obtained,Obtained,No,295,19,350,Farmers refusing consent for acquisition
Odisha,Mayurbhanj,SEZ,224.37,54.37,1896,7536545369,6969.99,No,No,Obtained,Under Review,No,33,121,210,Forest Clearance / diversion approval pending
Odisha,Nabarangpur,Airport,357.87,101.73,2071,1168847416,1573.45,Yes,No,Pending,Pending,Yes,661,334,909,Landowners disputing compensation valuation; Environmental Clearance approval pending; Forest Clearance / diversion approval pending; Delay in providing alternate housing/livelihood support; Fund release delay from state/central treasury; Local protests/resistance to physical possession
Odisha,Nayagarh,Railway Line,534.35,200.84,4878,10846866099,10637.54,No,No,Obtained,Not Required,Yes,95,295,119,Delay in providing alternate housing/livelihood support; Fund release delay from state/central treasury
Odisha,Nuapada,State Highway,285.73,124.37,1189,4971628586,5738.13,Yes,No,Not Required,Not Required,No,157,41,278,Ownership/title dispute among claimants
Odisha,Puri,Railway Line,37.72,20.62,137,190938301,99.55,No,No,Obtained,Obtained,Yes,95,459,371,Dispute over R&R package for displaced families; Fund release delay from state/central treasury; Local protests/resistance to physical possession
Odisha,Rayagada,Port Development,429.25,301.68,997,4197857978,5130.71,No,No,Under Review,Obtained,No,139,129,308,Environmental Clearance approval pending
Odisha,Sambalpur,State Highway,565.83,238.14,3263,13916172946,20551.79,No,No,Obtained,Pending,No,113,86,465,Forest Clearance / diversion approval pending; Local protests/resistance to physical possession
Odisha,Sonepur,Mining Project,586.65,46.85,2236,5844975461,3914.37,No,No,Not Required,Pending,Yes,14,199,312,Forest Clearance / diversion approval pending; Dispute over R&R package for displaced families; Local protests/resistance to physical possession
Odisha,Sundargarh,Airport,181.6,9.35,1019,402203697,380.52,No,No,Pending,Obtained,No,49,125,211,Environmental Clearance approval pending
Puducherry (UT),Karaikal,Mining Project,486.04,22.01,6712,12192163087,5822.19,No,No,Obtained,Pending,Yes,89,315,317,Forest Clearance / diversion approval pending; Rehabilitation & Resettlement (R&R) site not finalized; Fund release delay from state/central treasury; Local protests/resistance to physical possession
Puducherry (UT),Mahe,State Highway,74.64,16.25,580,2591966696,3277.34,Yes,No,Under Review,Pending,No,142,150,448,Objections raised during Social Impact Assessment; Environmental Clearance approval pending; Forest Clearance / diversion approval pending; Local protests/resistance to physical possession
Puducherry (UT),Pondicherry,Railway Line,119.19,66.44,1769,4433581716,3114.59,No,No,Pending,Pending,Yes,163,279,375,Environmental Clearance approval pending; Forest Clearance / diversion approval pending; Delay in providing alternate housing/livelihood support; Fund release delay from state/central treasury; Local protests/resistance to physical possession
Puducherry (UT),Yanam,Mining Project,446.87,103.59,5281,4621369131,2417.94,No,No,Pending,Obtained,No,149,77,401,Environmental Clearance approval pending; Local protests/resistance to physical possession
Punjab,Amritsar,Urban Infrastructure,593.19,368.01,7287,6900065200,4555.45,No,No,Pending,Obtained,No,73,106,164,Environmental Clearance approval pending
Punjab,Barnala,Port Development,725.9,206.28,1720,6040325402,5385.92,No,No,Pending,Pending,No,111,66,432,Environmental Clearance approval pending; Forest Clearance / diversion approval pending; Local protests/resistance to physical possession
Punjab,Bathinda,Railway Line,383.45,93.79,1363,3342905592,3310.53,No,No,Obtained,Obtained,Yes,177,138,359,Dispute over R&R package for displaced families
Punjab,Faridkot,Industrial Corridor,47.05,24.05,483,2082530189,746.5,Yes,Yes,Obtained,Obtained,No,96,42,374,Landowners disputing compensation valuation; Pending compensation enhancement case in court; Local protests/resistance to physical possession
Punjab,Fatehgarh Sahib,Power Plant,698.59,96.78,7617,11916824665,13377.02,No,No,Obtained,Pending,No,3,35,268,Forest Clearance / diversion approval pending; Local protests/resistance to physical possession
Punjab,Fazilka,Mining Project,301.55,124.26,1937,7990724520,3379.29,Yes,Yes,Obtained,Not Required,No,538,136,902,Objections raised during Social Impact Assessment; Pending compensation enhancement case in court; Local protests/resistance to physical possession
Punjab,Ferozepur,Railway Line,563.3,88.97,4182,17344137707,7629.32,Yes,Yes,Obtained,Not Required,Yes,452,535,627,Objections raised during Social Impact Assessment; Pending compensation enhancement case in court; Dispute over R&R package for displaced families; Fund release delay from state/central treasury
Punjab,Gurdaspur,National Highway,569.37,442.4,7168,8844616421,11747.23,Yes,Yes,Obtained,Obtained,Yes,707,114,746,Objections raised during Social Impact Assessment; Writ petition challenging acquisition notification; Delay in providing alternate housing/livelihood support
Punjab,Hoshiarpur,National Highway,620.88,120.53,1584,1192487478,1492.6,No,No,Obtained,Obtained,Yes,16,308,357,Dispute over R&R package for displaced families; Fund release delay from state/central treasury; Local protests/resistance to physical possession
Punjab,Jalandhar,Railway Line,604.87,105.31,8444,9817712001,13562.28,Yes,Yes,Obtained,Not Required,No,593,89,773,Ownership/title dispute among claimants; Stay order from High Court on land handover
Punjab,Kapurthala,National Highway,684.83,120.09,6826,16523143670,6311.91,No,No,Not Required,Pending,No,72,43,347,Forest Clearance / diversion approval pending; Local protests/resistance to physical possession
Punjab,Ludhiana,SEZ,779,561.7,3725,9005635028,10350.24,No,No,Pending,Pending,No,46,90,240,Environmental Clearance approval pending; Forest Clearance / diversion approval pending
Punjab,Mansa,Urban Infrastructure,175.35,108.36,607,2692271746,1207.05,Yes,Yes,Not Required,Not Required,No,41,21,208,Farmers refusing consent for acquisition; Pending compensation enhancement case in court
Punjab,Moga,Port Development,97,55.59,951,1531518003,2253.5,No,No,Pending,Obtained,No,48,17,291,Environmental Clearance approval pending; Local protests/resistance to physical possession
Punjab,Muktsar,State Highway,297.12,234.66,3198,9986717627,7746.13,No,No,Pending,Obtained,Yes,177,104,263,Environmental Clearance approval pending; Dispute over R&R package for displaced families
Punjab,Nawanshahr (Shahid Bhagat Singh Nagar),SEZ,294.15,188.47,1354,5206026966,4087.5,Yes,Yes,Obtained,Not Required,No,607,69,936,Ownership/title dispute among claimants; Pending compensation enhancement case in court; Local protests/resistance to physical possession
Punjab,Pathankot,National Highway,288.1,76.82,4134,18386367847,16799.58,Yes,Yes,Obtained,Pending,Yes,137,30,187,Objections raised during Social Impact Assessment; Writ petition challenging acquisition notification; Forest Clearance / diversion approval pending; Delay in providing alternate housing/livelihood support
Punjab,Patiala,Irrigation/Dam,665.1,267.03,1561,1642487152,1684.37,Yes,Yes,Pending,Not Required,No,532,126,770,Landowners disputing compensation valuation; Writ petition challenging acquisition notification; Environmental Clearance approval pending; Local protests/resistance to physical possession
Punjab,Rupnagar,Industrial Corridor,238.38,95.75,2041,5262188007,6690.23,No,No,Obtained,Not Required,No,30,98,260,Local protests/resistance to physical possession
Punjab,Sahibzada Ajit Singh Nagar (Mohali),State Highway,683.04,304.61,1685,1757203137,1917.62,No,No,Not Required,Obtained,No,79,99,328,Local protests/resistance to physical possession
Punjab,Sangrur,Port Development,457.24,186.35,4206,10790274380,9320.45,No,No,Obtained,Obtained,Yes,151,386,466,Dispute over R&R package for displaced families; Fund release delay from state/central treasury; Local protests/resistance to physical possession
Punjab,Tarn Taran,State Highway,285.45,5.07,1760,736062525,260.67,No,No,Obtained,Not Required,Yes,160,349,354,Rehabilitation & Resettlement (R&R) site not finalized; Fund release delay from state/central treasury
Rajasthan,Ajmer,National Highway,345.38,2.23,2540,1364200566,809.07,Yes,Yes,Obtained,Not Required,No,117,86,203,Farmers refusing consent for acquisition; Pending compensation enhancement case in court
Rajasthan,Alwar,SEZ,433.04,333.48,4568,9475798756,8696.05,No,No,Obtained,Pending,Yes,81,386,373,Forest Clearance / diversion approval pending; Delay in providing alternate housing/livelihood support; Fund release delay from state/central treasury; Local protests/resistance to physical possession
Rajasthan,Banswara,Irrigation/Dam,261.32,188.63,2181,6982752088,3820.19,No,No,Not Required,Not Required,Yes,76,372,299,Delay in providing alternate housing/livelihood support; Fund release delay from state/central treasury; Local protests/resistance to physical possession
Rajasthan,Baran,Industrial Corridor,400.08,48.86,4894,18742052869,17673.77,Yes,Yes,Under Review,Pending,Yes,94,97,397,Objections raised during Social Impact Assessment; Writ petition challenging acquisition notification; Environmental Clearance approval pending; Forest Clearance / diversion approval pending; Dispute over R&R package for displaced families; Local protests/resistance to physical possession
Rajasthan,Barmer,SEZ,222.33,77.12,1979,4143718739,2970.13,Yes,No,Pending,Obtained,No,320,51,532,Farmers refusing consent for acquisition; Environmental Clearance approval pending; Local protests/resistance to physical possession
Rajasthan,Bharatpur,Port Development,204.76,79.39,2197,5711678109,7751.18,No,No,Pending,Obtained,No,169,119,306,Environmental Clearance approval pending
Rajasthan,Bhilwara,SEZ,428.51,132.18,5141,10907365822,10682.02,No,No,Pending,Pending,Yes,38,307,260,Environmental Clearance approval pending; Forest Clearance / diversion approval pending; Delay in providing alternate housing/livelihood support; Fund release delay from state/central treasury; Local protests/resistance to physical possession
Rajasthan,Bikaner,Railway Line,258.33,35.09,733,846573787,672.96,No,No,Pending,Obtained,No,103,61,161,Environmental Clearance approval pending
Rajasthan,Bundi,Power Plant,157.57,95.1,2009,4519186724,4391.7,No,No,Pending,Obtained,Yes,34,29,166,Environmental Clearance approval pending; Rehabilitation & Resettlement (R&R) site not finalized
Rajasthan,Chittorgarh,Port Development,528.64,348.49,6916,30070110566,26552.22,Yes,No,Obtained,Pending,No,416,93,759,Farmers refusing consent for acquisition; Forest Clearance / diversion approval pending; Local protests/resistance to physical possession
Rajasthan,Churu,Urban Infrastructure,709.15,342.15,9160,35170288281,20513.05,No,No,Pending,Obtained,No,148,134,276,Environmental Clearance approval pending
Rajasthan,Dausa,State Highway,708.23,431.69,2542,9375115709,6517.05,No,No,Obtained,Not Required,Yes,108,223,181,Delay in providing alternate housing/livelihood support; Fund release delay from state/central treasury
Rajasthan,Dholpur,Irrigation/Dam,144.25,3.47,1112,1521310371,1532.53,No,No,Obtained,Under Review,Yes,108,486,457,Forest Clearance / diversion approval pending; Rehabilitation & Resettlement (R&R) site not finalized; Fund release delay from state/central treasury; Local protests/resistance to physical possession
Rajasthan,Dungarpur,Port Development,770.84,74.35,10931,19944611343,23111.92,No,No,Obtained,Under Review,No,169,13,522,Forest Clearance / diversion approval pending; Local protests/resistance to physical possession
Rajasthan,Hanumangarh,Power Plant,195.54,69.97,1177,5091267887,3744.25,No,No,Obtained,Not Required,No,99,2,300,Local protests/resistance to physical possession
Rajasthan,Jaipur,Urban Infrastructure,244.21,12.44,2890,4477119189,5960.39,Yes,Yes,Obtained,Not Required,No,34,70,75,Landowners disputing compensation valuation; Writ petition challenging acquisition notification
Rajasthan,Jaisalmer,Mining Project,379.52,178.23,4909,16263621440,21990.26,No,No,Not Required,Not Required,No,90,107,398,Local protests/resistance to physical possession
Rajasthan,Jalore,Airport,591.54,258.73,1393,722709373,773.23,No,No,Not Required,Obtained,No,160,78,320,No major delay — acquisition on schedule
Rajasthan,Jhalawar,Railway Line,70.37,47.41,613,2680398445,3475.8,No,No,Not Required,Not Required,No,81,115,325,Local protests/resistance to physical possession
Rajasthan,Jhunjhunu,National Highway,212.24,53.07,2705,9894945196,5327.4,No,No,Obtained,Not Required,No,146,57,156,No major delay — acquisition on schedule
Rajasthan,Jodhpur,Industrial Corridor,738.87,208.59,7496,30799175594,45242.54,Yes,No,Obtained,Pending,No,266,38,311,Objections raised during Social Impact Assessment; Forest Clearance / diversion approval pending
Rajasthan,Karauli,Power Plant,140.25,48.56,306,767606612,942.64,No,No,Not Required,Pending,Yes,52,195,188,Forest Clearance / diversion approval pending; Rehabilitation & Resettlement (R&R) site not finalized
Rajasthan,Kota,Power Plant,598.42,295.82,4552,5315575251,2969.71,No,No,Pending,Obtained,Yes,37,29,185,Environmental Clearance approval pending; Rehabilitation & Resettlement (R&R) site not finalized
Rajasthan,Nagaur,SEZ,192.21,84.42,1004,2759185697,2970.77,Yes,Yes,Not Required,Under Review,Yes,217,392,579,Objections raised during Social Impact Assessment; Stay order from High Court on land handover; Forest Clearance / diversion approval pending; Rehabilitation & Resettlement (R&R) site not finalized; Fund release delay from state/central treasury; Local protests/resistance to physical possession
Rajasthan,Pali,Power Plant,590.2,351.18,1911,1044857820,730.81,Yes,No,Under Review,Under Review,No,612,11,614,Ownership/title dispute among claimants; Environmental Clearance approval pending; Forest Clearance / diversion approval pending
Rajasthan,Pratapgarh,Railway Line,406.11,201.13,5972,18628462519,8544.61,No,No,Obtained,Obtained,Yes,126,347,365,Rehabilitation & Resettlement (R&R) site not finalized; Fund release delay from state/central treasury; Local protests/resistance to physical possession
Rajasthan,Rajsamand,Power Plant,76.27,17.68,581,809742747,547.32,No,No,Obtained,Under Review,Yes,92,440,236,Forest Clearance / diversion approval pending; Rehabilitation & Resettlement (R&R) site not finalized; Fund release delay from state/central treasury
Rajasthan,Sawai Madhopur,Irrigation/Dam,492.28,93.9,2672,4314326969,5915.83,Yes,No,Not Required,Obtained,No,673,112,700,Ownership/title dispute among claimants
Rajasthan,Sikar,Urban Infrastructure,123.15,75.87,303,422061016,484.17,No,No,Under Review,Under Review,Yes,91,496,325,Environmental Clearance approval pending; Forest Clearance / diversion approval pending; Dispute over R&R package for displaced families; Fund release delay from state/central treasury; Local protests/resistance to physical possession
Rajasthan,Sirohi,Airport,94.43,21.17,370,654285085,356.25,Yes,No,Pending,Not Required,No,679,149,787,Landowners disputing compensation valuation; Environmental Clearance approval pending
Rajasthan,Sri Ganganagar,Industrial Corridor,798.41,636.09,9556,10113966795,14205.02,Yes,Yes,Obtained,Obtained,Yes,696,124,897,Farmers refusing consent for acquisition; Writ petition challenging acquisition notification; Delay in providing alternate housing/livelihood support; Local protests/resistance to physical possession
Rajasthan,Tonk,National Highway,474.32,18.51,6109,5778240220,2295.56,No,No,Pending,Pending,No,152,1,320,Environmental Clearance approval pending; Forest Clearance / diversion approval pending
Rajasthan,Udaipur,National Highway,526.66,20.69,3277,11051649444,13054.03,No,No,Pending,Obtained,Yes,164,289,329,Environmental Clearance approval pending; Delay in providing alternate housing/livelihood support; Fund release delay from state/central treasury
Sikkim,East Sikkim,Port Development,596.32,216.03,5861,4036554193,2446.95,Yes,No,Obtained,Obtained,Yes,397,412,542,Ownership/title dispute among claimants; Delay in providing alternate housing/livelihood support; Fund release delay from state/central treasury
Sikkim,North Sikkim,Mining Project,603.28,166.96,2152,5082054330,4161.34,No,No,Obtained,Not Required,Yes,170,98,358,Delay in providing alternate housing/livelihood support
Sikkim,South Sikkim,Industrial Corridor,163.9,72.71,1154,1647465973,1681.09,Yes,Yes,Obtained,Obtained,No,95,10,357,Farmers refusing consent for acquisition; Writ petition challenging acquisition notification; Local protests/resistance to physical possession
Sikkim,West Sikkim,Railway Line,778.75,201.58,8113,26750743631,37900.48,No,No,Pending,Obtained,No,20,122,173,Environmental Clearance approval pending
Tamil Nadu,Ariyalur,State Highway,787.43,198.86,4650,6251202956,5083.97,No,No,Pending,Under Review,No,130,108,341,Environmental Clearance approval pending; Forest Clearance / diversion approval pending; Local protests/resistance to physical possession
Tamil Nadu,Chennai,State Highway,374.4,83.77,4704,8433905416,8456.52,No,No,Obtained,Not Required,No,46,100,69,No major delay — acquisition on schedule
Tamil Nadu,Coimbatore,State Highway,335.92,79.44,2042,6822725655,8247.48,No,No,Not Required,Obtained,No,47,54,141,No major delay — acquisition on schedule
Tamil Nadu,Cuddalore,Airport,598.89,189.7,7983,5960018125,5609.87,Yes,Yes,Obtained,Pending,No,673,124,828,Farmers refusing consent for acquisition; Stay order from High Court on land handover; Forest Clearance / diversion approval pending
Tamil Nadu,Dharmapuri,Irrigation/Dam,651.44,199.73,7151,31072487755,34494.28,No,No,Obtained,Obtained,Yes,4,192,17,Rehabilitation & Resettlement (R&R) site not finalized
Tamil Nadu,Dindigul,Railway Line,387.49,265,1992,7642859348,10163.68,No,No,Obtained,Not Required,Yes,108,22,167,Delay in providing alternate housing/livelihood support
Tamil Nadu,Erode,National Highway,722.42,150.97,5626,13149068727,4254.43,No,No,Obtained,Obtained,No,100,13,270,No major delay — acquisition on schedule
Tamil Nadu,Kanchipuram,Airport,86.62,10.56,659,1348235450,1206.46,No,No,Pending,Under Review,Yes,102,497,364,Environmental Clearance approval pending; Forest Clearance / diversion approval pending; Delay in providing alternate housing/livelihood support; Fund release delay from state/central treasury; Local protests/resistance to physical possession
Tamil Nadu,Kanyakumari,State Highway,581.07,30.09,7998,31544620850,18241.84,Yes,Yes,Pending,Pending,Yes,663,427,905,Landowners disputing compensation valuation; Stay order from High Court on land handover; Environmental Clearance approval pending; Forest Clearance / diversion approval pending; Dispute over R&R package for displaced families; Fund release delay from state/central treasury; Local protests/resistance to physical possession
Tamil Nadu,Karur,Port Development,398.36,19.45,2592,8371021204,2720.32,Yes,Yes,Obtained,Obtained,Yes,701,347,1009,Ownership/title dispute among claimants; Stay order from High Court on land handover; Delay in providing alternate housing/livelihood support; Fund release delay from state/central treasury; Local protests/resistance to physical possession
Tamil Nadu,Krishnagiri,State Highway,377.43,35.28,4302,8343983585,6677.13,No,No,Pending,Pending,No,41,53,185,Environmental Clearance approval pending; Forest Clearance / diversion approval pending
Tamil Nadu,Madurai,Power Plant,535.31,372.96,2458,6990910451,2943.76,No,No,Under Review,Obtained,Yes,12,18,195,Environmental Clearance approval pending; Delay in providing alternate housing/livelihood support
Tamil Nadu,Nagapattinam,National Highway,288.85,194.43,3686,14953074995,5059.58,Yes,Yes,Pending,Obtained,Yes,264,348,445,Farmers refusing consent for acquisition; Stay order from High Court on land handover; Environmental Clearance approval pending; Delay in providing alternate housing/livelihood support; Fund release delay from state/central treasury
Tamil Nadu,Namakkal,Airport,617.23,218.74,8426,32729231634,44133.24,No,No,Obtained,Obtained,No,117,28,171,No major delay — acquisition on schedule
Tamil Nadu,Nilgiris,Urban Infrastructure,489.68,55.48,1627,4331702078,3936.51,Yes,Yes,Obtained,Pending,No,725,113,984,Ownership/title dispute among claimants; Stay order from High Court on land handover; Forest Clearance / diversion approval pending; Local protests/resistance to physical possession
Tamil Nadu,Perambalur,Power Plant,587.38,423.25,6115,10428225073,4852.53,No,No,Obtained,Pending,No,62,121,236,Forest Clearance / diversion approval pending
Tamil Nadu,Pudukkottai,SEZ,406.49,297.47,2781,9651043051,7072.01,No,No,Obtained,Not Required,No,58,35,277,Local protests/resistance to physical possession
Tamil Nadu,Ramanathapuram,Industrial Corridor,734.83,59.92,10562,26065455284,29157.82,No,No,Obtained,Not Required,No,132,17,175,No major delay — acquisition on schedule
Tamil Nadu,Salem,SEZ,255.27,3.69,1055,588866164,713.14,No,No,Pending,Under Review,Yes,161,532,312,Environmental Clearance approval pending; Forest Clearance / diversion approval pending; Dispute over R&R package for displaced families; Fund release delay from state/central treasury
Tamil Nadu,Sivaganga,Port Development,324.59,82.87,2985,4710797739,5611.68,No,No,Obtained,Obtained,No,37,103,265,Local protests/resistance to physical possession
Tamil Nadu,Thanjavur,Mining Project,168.08,61.26,2058,6253347769,7109.84,No,No,Not Required,Pending,Yes,77,86,95,Forest Clearance / diversion approval pending; Rehabilitation & Resettlement (R&R) site not finalized
Tamil Nadu,Theni,Mining Project,270.92,59.58,3148,2610396249,3890.3,Yes,Yes,Pending,Pending,No,163,5,177,Farmers refusing consent for acquisition; Pending compensation enhancement case in court; Environmental Clearance approval pending; Forest Clearance / diversion approval pending
Tamil Nadu,Thoothukudi (Tuticorin),Power Plant,476.04,288.92,5742,19243387590,28563.84,Yes,Yes,Obtained,Pending,Yes,48,127,277,Objections raised during Social Impact Assessment; Writ petition challenging acquisition notification; Forest Clearance / diversion approval pending; Delay in providing alternate housing/livelihood support; Local protests/resistance to physical possession
Tamil Nadu,Tiruchirappalli,Power Plant,460.09,366.15,2947,3806371054,4548.27,No,No,Pending,Under Review,No,152,59,331,Environmental Clearance approval pending; Forest Clearance / diversion approval pending
Tamil Nadu,Tirunelveli,Railway Line,231.21,39.81,2611,8157343560,9439.85,No,No,Obtained,Obtained,No,92,116,142,No major delay — acquisition on schedule
Tamil Nadu,Tiruppur,SEZ,570.75,78.34,1749,981562280,1341.02,No,No,Obtained,Pending,No,150,143,415,Forest Clearance / diversion approval pending; Local protests/resistance to physical possession
Tamil Nadu,Tiruvallur,Urban Infrastructure,698.25,232.21,7173,32173411657,36253.69,No,No,Pending,Pending,Yes,129,130,377,Environmental Clearance approval pending; Forest Clearance / diversion approval pending; Delay in providing alternate housing/livelihood support; Local protests/resistance to physical possession
Tamil Nadu,Tiruvannamalai,State Highway,107.86,25.5,1426,1134873918,630.05,No,No,Pending,Under Review,Yes,30,418,86,Environmental Clearance approval pending; Forest Clearance / diversion approval pending; Delay in providing alternate housing/livelihood support; Fund release delay from state/central treasury
Tamil Nadu,Tiruvarur,Power Plant,298.82,169.83,2628,2087991455,1390.41,No,No,Obtained,Obtained,Yes,150,431,174,Dispute over R&R package for displaced families; Fund release delay from state/central treasury
Tamil Nadu,Vellore,Airport,711.8,446.68,9003,21183459006,9464.63,Yes,No,Obtained,Pending,No,345,96,588,Farmers refusing consent for acquisition; Forest Clearance / diversion approval pending; Local protests/resistance to physical possession
Tamil Nadu,Viluppuram,Industrial Corridor,110.58,76.21,1136,3974921800,4375.06,Yes,No,Obtained,Pending,No,396,59,598,Ownership/title dispute among claimants; Forest Clearance / diversion approval pending; Local protests/resistance to physical possession
Tamil Nadu,Virudhunagar,State Highway,435.09,14.59,5904,20019482381,21522.94,No,No,Pending,Pending,No,79,143,409,Environmental Clearance approval pending; Forest Clearance / diversion approval pending; Local protests/resistance to physical possession
Telangana,Adilabad,Mining Project,516.91,378.32,7452,19194147560,23208.38,No,No,Pending,Not Required,No,4,30,341,Environmental Clearance approval pending; Local protests/resistance to physical possession
Telangana,Bhadradri Kothagudem,Urban Infrastructure,147.9,116.08,1808,2405009043,2757.92,No,No,Obtained,Not Required,No,102,150,125,No major delay — acquisition on schedule
Telangana,Hyderabad,State Highway,690.27,539.37,5302,10830570253,14421.75,Yes,Yes,Obtained,Obtained,Yes,147,187,277,Farmers refusing consent for acquisition; Writ petition challenging acquisition notification; Dispute over R&R package for displaced families
Telangana,Jagtial,State Highway,127.61,4.88,1380,755464006,1097.95,Yes,No,Obtained,Obtained,Yes,331,264,523,Ownership/title dispute among claimants; Delay in providing alternate housing/livelihood support; Fund release delay from state/central treasury
Telangana,Jangaon,Urban Infrastructure,46.24,28.13,451,583261475,530.97,No,No,Under Review,Obtained,Yes,141,416,174,Environmental Clearance approval pending; Dispute over R&R package for displaced families; Fund release delay from state/central treasury
Telangana,Jayashankar Bhoopalpally,SEZ,27.98,8.2,388,146747768,141.6,No,No,Obtained,Not Required,No,32,77,322,Local protests/resistance to physical possession
Telangana,Jogulamba Gadwal,National Highway,359.56,44.22,3058,10972417957,5166.26,No,No,Obtained,Obtained,No,142,115,163,No major delay — acquisition on schedule
Telangana,Kamareddy,Mining Project,651.05,20.25,6555,19945863174,9990.05,Yes,No,Obtained,Obtained,No,359,54,658,Farmers refusing consent for acquisition; Local protests/resistance to physical possession
Telangana,Karimnagar,Mining Project,228.64,153.39,2044,1213579874,494.73,No,No,Not Required,Not Required,No,110,53,422,Local protests/resistance to physical possession
Telangana,Khammam,Airport,766.15,417.83,8325,14477741737,8884.01,No,No,Obtained,Obtained,No,87,53,322,Local protests/resistance to physical possession
Telangana,Komaram Bheem Asifabad,State Highway,266.12,18.31,994,4148441784,4275.15,Yes,Yes,Obtained,Pending,No,500,100,775,Ownership/title dispute among claimants; Writ petition challenging acquisition notification; Forest Clearance / diversion approval pending; Local protests/resistance to physical possession
Telangana,Mahabubabad,Railway Line,630.91,177.11,1897,815671275,1059.15,No,No,Pending,Pending,No,153,91,351,Environmental Clearance approval pending; Forest Clearance / diversion approval pending
Telangana,Mahabubnagar,State Highway,672.12,101.16,9940,8190641825,6098.56,Yes,Yes,Pending,Not Required,No,726,91,824,Farmers refusing consent for acquisition; Stay order from High Court on land handover; Environmental Clearance approval pending
Telangana,Mancherial,Irrigation/Dam,653.94,196.06,8180,10051749713,14837.82,No,No,Obtained,Pending,No,155,53,158,Forest Clearance / diversion approval pending
Telangana,Medak,Railway Line,787.49,227.78,2710,3969769860,3574.34,Yes,Yes,Pending,Not Required,No,179,16,480,Objections raised during Social Impact Assessment; Stay order from High Court on land handover; Environmental Clearance approval pending; Local protests/resistance to physical possession
Telangana,Medchal,Mining Project,598.05,417.47,8454,32911520301,44667.64,No,No,Obtained,Not Required,Yes,177,258,525,Dispute over R&R package for displaced families; Fund release delay from state/central treasury; Local protests/resistance to physical possession
Telangana,Nagarkurnool,Urban Infrastructure,707.07,564.55,5340,16698281992,18034.75,No,No,Obtained,Not Required,No,31,132,269,Local protests/resistance to physical possession
Telangana,Nalgonda,SEZ,292.37,56.36,3943,4901553022,3105.23,No,No,Obtained,Obtained,Yes,20,25,135,Dispute over R&R package for displaced families
Telangana,Nirmal,Irrigation/Dam,766.43,50.89,3494,5879505652,2207.24,No,No,Obtained,Pending,Yes,160,342,288,Forest Clearance / diversion approval pending; Dispute over R&R package for displaced families; Fund release delay from state/central treasury
Telangana,Nizamabad,State Highway,90.73,55.28,583,308184301,215.82,No,No,Under Review,Not Required,No,24,114,320,Environmental Clearance approval pending; Local protests/resistance to physical possession
Telangana,Peddapalli,State Highway,73,54.86,177,285991931,376.72,Yes,Yes,Under Review,Pending,Yes,641,442,674,Landowners disputing compensation valuation; Stay order from High Court on land handover; Environmental Clearance approval pending; Forest Clearance / diversion approval pending; Rehabilitation & Resettlement (R&R) site not finalized; Fund release delay from state/central treasury
Telangana,Rajanna Sircilla,Urban Infrastructure,543.66,191.69,3171,6031600428,2503.09,No,No,Obtained,Pending,No,2,116,198,Forest Clearance / diversion approval pending
Telangana,Rangareddy,State Highway,637.16,61.2,6403,11054070013,15753.18,No,No,Obtained,Obtained,Yes,26,12,330,Rehabilitation & Resettlement (R&R) site not finalized; Local protests/resistance to physical possession
Telangana,Sangareddy,Railway Line,476.34,60.67,6552,5432412782,4947.18,No,No,Obtained,Pending,Yes,35,45,65,Forest Clearance / diversion approval pending; Dispute over R&R package for displaced families
Telangana,Siddipet,National Highway,252.78,114.09,3659,12690763149,8546.29,No,No,Not Required,Obtained,Yes,87,298,275,Delay in providing alternate housing/livelihood support; Fund release delay from state/central treasury
Telangana,Suryapet,Industrial Corridor,416.56,114.08,1616,2095995459,2689.21,No,No,Obtained,Obtained,No,163,51,198,No major delay — acquisition on schedule
Telangana,Vikarabad,Urban Infrastructure,155.54,65.24,1709,3867620862,4373.88,No,No,Pending,Obtained,Yes,84,166,137,Environmental Clearance approval pending; Rehabilitation & Resettlement (R&R) site not finalized
Telangana,Wanaparthy,SEZ,701.5,50.2,5925,24670545141,26311.64,No,No,Obtained,Obtained,No,84,96,189,No major delay — acquisition on schedule
Telangana,Warangal (Rural),Irrigation/Dam,151.47,1.23,1017,620035263,208.34,Yes,Yes,Obtained,Pending,No,44,7,145,Ownership/title dispute among claimants; Stay order from High Court on land handover; Forest Clearance / diversion approval pending
Telangana,Warangal (Urban),Port Development,230.86,144.25,1248,1287929742,1696.26,Yes,Yes,Obtained,Obtained,Yes,693,140,887,Farmers refusing consent for acquisition; Writ petition challenging acquisition notification; Dispute over R&R package for displaced families
Telangana,Yadadri Bhuvanagiri,State Highway,630.99,448.78,8940,14136857651,8315.02,No,No,Pending,Under Review,No,159,111,523,Environmental Clearance approval pending; Forest Clearance / diversion approval pending; Local protests/resistance to physical possession
Tripura,Dhalai,Mining Project,99.2,9.31,367,402412833,377.89,No,No,Obtained,Pending,No,11,150,107,Forest Clearance / diversion approval pending
Tripura,Gomati,Mining Project,238.88,162.71,1245,3664941849,2331.23,Yes,Yes,Pending,Pending,No,481,16,566,Farmers refusing consent for acquisition; Writ petition challenging acquisition notification; Environmental Clearance approval pending; Forest Clearance / diversion approval pending
Tripura,Khowai,SEZ,313.55,29.49,3688,6903632054,6369.78,Yes,No,Pending,Pending,No,485,68,782,Landowners disputing compensation valuation; Environmental Clearance approval pending; Forest Clearance / diversion approval pending; Local protests/resistance to physical possession
Tripura,North Tripura,Industrial Corridor,512.29,85.81,5351,6261945194,8603.05,No,No,Obtained,Obtained,No,96,146,176,No major delay — acquisition on schedule
Tripura,Sepahijala,Urban Infrastructure,207.35,151.82,2440,3755652075,3464.91,Yes,Yes,Pending,Obtained,No,442,104,630,Ownership/title dispute among claimants; Writ petition challenging acquisition notification; Environmental Clearance approval pending
Tripura,South Tripura,Irrigation/Dam,257.03,127,1114,1428058522,1534.34,No,No,Obtained,Not Required,No,164,20,305,No major delay — acquisition on schedule
Tripura,Unakoti,Power Plant,83.24,61.84,207,236246555,126.62,Yes,Yes,Not Required,Not Required,Yes,722,141,1000,Farmers refusing consent for acquisition; Pending compensation enhancement case in court; Delay in providing alternate housing/livelihood support; Local protests/resistance to physical possession
Tripura,West Tripura,Irrigation/Dam,11.78,6.6,149,534781661,419.58,No,No,Pending,Not Required,No,131,38,334,Environmental Clearance approval pending; Local protests/resistance to physical possession
Uttarakhand,Almora,SEZ,185.41,37.21,1514,3734230239,4642.28,No,No,Pending,Pending,No,80,48,299,Environmental Clearance approval pending; Forest Clearance / diversion approval pending; Local protests/resistance to physical possession
Uttarakhand,Bageshwar,SEZ,171.62,75.52,1589,2977373977,2956.56,Yes,No,Obtained,Not Required,No,347,57,561,Landowners disputing compensation valuation; Local protests/resistance to physical possession
Uttarakhand,Chamoli,Airport,550.18,262.6,6669,17058880698,11792.73,Yes,No,Under Review,Obtained,No,338,145,660,Farmers refusing consent for acquisition; Environmental Clearance approval pending; Local protests/resistance to physical possession
Uttarakhand,Champawat,Railway Line,731.43,249.34,5179,9848065124,14165.76,Yes,Yes,Obtained,Obtained,No,654,77,701,Farmers refusing consent for acquisition; Stay order from High Court on land handover
Uttarakhand,Dehradun,Urban Infrastructure,87.93,31.45,212,677107459,600.14,Yes,Yes,Under Review,Obtained,Yes,675,536,710,Objections raised during Social Impact Assessment; Writ petition challenging acquisition notification; Environmental Clearance approval pending; Dispute over R&R package for displaced families; Fund release delay from state/central treasury
Uttarakhand,Haridwar,Power Plant,50.68,19.52,214,836904964,663.69,Yes,Yes,Pending,Pending,Yes,211,133,316,Farmers refusing consent for acquisition; Pending compensation enhancement case in court; Environmental Clearance approval pending; Forest Clearance / diversion approval pending; Delay in providing alternate housing/livelihood support
Uttarakhand,Nainital,State Highway,348.6,80.97,2848,8075730941,11523.95,No,No,Pending,Not Required,Yes,1,146,229,Environmental Clearance approval pending; Delay in providing alternate housing/livelihood support; Local protests/resistance to physical possession
Uttarakhand,Pauri Garhwal,Power Plant,660.54,208.81,3440,5783823856,5685.93,No,No,Obtained,Obtained,Yes,165,467,342,Delay in providing alternate housing/livelihood support; Fund release delay from state/central treasury
Uttarakhand,Pithoragarh,SEZ,315.92,44.63,4122,8422159377,4341.57,No,No,Obtained,Pending,No,178,145,226,Forest Clearance / diversion approval pending
Uttarakhand,Rudraprayag,Mining Project,560.42,428.76,7572,7294223758,9913.34,No,No,Pending,Obtained,No,55,126,265,Environmental Clearance approval pending; Local protests/resistance to physical possession
Uttarakhand,Tehri Garhwal,Port Development,101.38,51.2,1198,2897313089,3579.38,No,No,Obtained,Obtained,Yes,6,74,333,Delay in providing alternate housing/livelihood support; Local protests/resistance to physical possession
Uttarakhand,Udham Singh Nagar,State Highway,601.04,297.56,7030,27376557877,21244.46,Yes,Yes,Under Review,Obtained,No,496,118,530,Ownership/title dispute among claimants; Writ petition challenging acquisition notification; Environmental Clearance approval pending
Uttarakhand,Uttarkashi,SEZ,441,267.32,6328,5626061492,7226.74,No,No,Obtained,Obtained,Yes,75,127,348,Rehabilitation & Resettlement (R&R) site not finalized; Local protests/resistance to physical possession
Uttar Pradesh,Agra,Port Development,138.92,36.52,298,431402535,357.54,Yes,No,Not Required,Pending,No,48,133,376,Objections raised during Social Impact Assessment; Forest Clearance / diversion approval pending; Local protests/resistance to physical possession
Uttar Pradesh,Aligarh,National Highway,574.55,47.34,4066,6485114898,2353.44,Yes,No,Not Required,Under Review,Yes,244,204,290,Farmers refusing consent for acquisition; Forest Clearance / diversion approval pending; Dispute over R&R package for displaced families; Fund release delay from state/central treasury
Uttar Pradesh,Allahabad,Mining Project,340.24,2.92,2171,2403378723,2650.3,Yes,No,Not Required,Not Required,Yes,171,45,383,Landowners disputing compensation valuation; Dispute over R&R package for displaced families; Local protests/resistance to physical possession
Uttar Pradesh,Ambedkar Nagar,National Highway,90.61,48.77,843,924012006,506.86,No,No,Under Review,Obtained,Yes,91,331,179,Environmental Clearance approval pending; Dispute over R&R package for displaced families; Fund release delay from state/central treasury
Uttar Pradesh,Amethi (Chatrapati Sahuji Mahraj Nagar),Airport,324.7,177.61,2292,5103960629,1935.52,No,No,Pending,Pending,Yes,55,420,209,Environmental Clearance approval pending; Forest Clearance / diversion approval pending; Delay in providing alternate housing/livelihood support; Fund release delay from state/central treasury
Uttar Pradesh,Amroha (J.P. Nagar),Railway Line,402.16,3.06,4529,16409885150,23083.27,No,No,Obtained,Obtained,Yes,161,397,508,Delay in providing alternate housing/livelihood support; Fund release delay from state/central treasury; Local protests/resistance to physical possession
Uttar Pradesh,Auraiya,Irrigation/Dam,268.98,78.47,3628,5933453580,7843.22,No,No,Obtained,Pending,No,97,130,424,Forest Clearance / diversion approval pending; Local protests/resistance to physical possession
Uttar Pradesh,Azamgarh,Power Plant,405.22,95.75,880,342404651,414.56,Yes,Yes,Obtained,Obtained,Yes,140,383,395,Farmers refusing consent for acquisition; Pending compensation enhancement case in court; Rehabilitation & Resettlement (R&R) site not finalized; Fund release delay from state/central treasury; Local protests/resistance to physical possession
Uttar Pradesh,Baghpat,SEZ,165.6,82.7,1713,2226675025,2606.03,No,No,Obtained,Not Required,Yes,81,40,347,Dispute over R&R package for displaced families; Local protests/resistance to physical possession
Uttar Pradesh,Bahraich,SEZ,520.2,296.12,1200,4628551622,3228.53,Yes,Yes,Under Review,Not Required,Yes,703,227,1014,Ownership/title dispute among claimants; Pending compensation enhancement case in court; Environmental Clearance approval pending; Delay in providing alternate housing/livelihood support; Fund release delay from state/central treasury; Local protests/resistance to physical possession
Uttar Pradesh,Ballia,Airport,419.57,274.05,4274,2442124696,2173.42,No,No,Obtained,Under Review,No,32,23,120,Forest Clearance / diversion approval pending
Uttar Pradesh,Balrampur,Power Plant,441.33,72.3,2055,4996081281,4054.26,No,No,Obtained,Obtained,No,155,63,310,No major delay — acquisition on schedule
Uttar Pradesh,Banda,SEZ,463.26,11.96,2139,8389558448,7361.04,No,No,Obtained,Pending,No,108,129,420,Forest Clearance / diversion approval pending; Local protests/resistance to physical possession
Uttar Pradesh,Barabanki,Power Plant,609.46,87.96,7506,2876348169,2179.42,No,No,Not Required,Under Review,No,39,141,128,Forest Clearance / diversion approval pending
Uttar Pradesh,Bareilly,SEZ,307.46,170.74,1746,4646100455,4074.69,Yes,No,Obtained,Under Review,Yes,512,383,763,Landowners disputing compensation valuation; Forest Clearance / diversion approval pending; Dispute over R&R package for displaced families; Fund release delay from state/central treasury; Local protests/resistance to physical possession
Uttar Pradesh,Basti,Railway Line,740.92,35.4,10829,20220001608,17944.47,No,No,Pending,Pending,Yes,31,394,320,Environmental Clearance approval pending; Forest Clearance / diversion approval pending; Delay in providing alternate housing/livelihood support; Fund release delay from state/central treasury; Local protests/resistance to physical possession
Uttar Pradesh,Bhadohi,Irrigation/Dam,159.41,71.89,847,3502312120,4086.13,No,No,Obtained,Not Required,No,166,98,383,Local protests/resistance to physical possession
Uttar Pradesh,Bijnor,Irrigation/Dam,197.67,152.68,2484,7327803471,8146.4,No,No,Pending,Obtained,No,174,37,304,Environmental Clearance approval pending
Uttar Pradesh,Budaun,SEZ,483.71,18.66,6259,2202022775,2697.84,No,No,Under Review,Pending,No,20,132,116,Environmental Clearance approval pending; Forest Clearance / diversion approval pending
Uttar Pradesh,Bulandshahr,Airport,136.83,62.74,1504,3613685845,3396.29,No,No,Pending,Not Required,No,22,27,347,Environmental Clearance approval pending; Local protests/resistance to physical possession
Uttar Pradesh,Chandauli,SEZ,622.47,326.48,2399,8263754464,11701.64,No,No,Obtained,Under Review,No,0,24,35,Forest Clearance / diversion approval pending
Uttar Pradesh,Chitrakoot,Railway Line,422.34,116.73,4869,4950136411,3710.53,No,No,Obtained,Obtained,No,115,145,223,No major delay — acquisition on schedule
Uttar Pradesh,Deoria,Power Plant,164.75,32.96,2062,2280399404,3373.93,No,No,Obtained,Under Review,Yes,162,170,202,Forest Clearance / diversion approval pending; Delay in providing alternate housing/livelihood support
Uttar Pradesh,Etah,Irrigation/Dam,73.14,51.22,207,87892187,51.13,No,No,Not Required,Obtained,Yes,1,42,50,Delay in providing alternate housing/livelihood support
Uttar Pradesh,Etawah,Irrigation/Dam,420.26,333.77,4134,18375492496,22301.17,No,No,Obtained,Obtained,No,94,87,255,No major delay — acquisition on schedule
Uttar Pradesh,Faizabad,State Highway,753.09,201.78,5211,2816099879,2047.97,Yes,Yes,Obtained,Not Required,No,142,6,450,Landowners disputing compensation valuation; Stay order from High Court on land handover; Local protests/resistance to physical possession
Uttar Pradesh,Farrukhabad,Industrial Corridor,695.86,401.11,7717,28732068570,21322.52,No,No,Pending,Pending,No,48,0,374,Environmental Clearance approval pending; Forest Clearance / diversion approval pending; Local protests/resistance to physical possession
Uttar Pradesh,Fatehpur,Urban Infrastructure,18.22,9.33,47,173511912,119.83,No,No,Pending,Pending,No,20,89,239,Environmental Clearance approval pending; Forest Clearance / diversion approval pending; Local protests/resistance to physical possession
Uttar Pradesh,Firozabad,Urban Infrastructure,789.56,90.26,10870,36783716078,24006.36,Yes,Yes,Pending,Pending,No,516,8,581,Farmers refusing consent for acquisition; Stay order from High Court on land handover; Environmental Clearance approval pending; Forest Clearance / diversion approval pending
Uttar Pradesh,Gautam Buddha Nagar,State Highway,638.47,356.85,6863,17876302983,24128.41,Yes,Yes,Obtained,Not Required,Yes,216,174,553,Farmers refusing consent for acquisition; Stay order from High Court on land handover; Rehabilitation & Resettlement (R&R) site not finalized; Local protests/resistance to physical possession
Uttar Pradesh,Ghaziabad,Railway Line,88.85,0.47,211,886582881,613.34,No,No,Obtained,Not Required,No,171,31,511,Local protests/resistance to physical possession
Uttar Pradesh,Ghazipur,Irrigation/Dam,738.58,216.52,6200,22575873698,15788.69,Yes,Yes,Under Review,Obtained,Yes,390,447,509,Objections raised during Social Impact Assessment; Writ petition challenging acquisition notification; Environmental Clearance approval pending; Dispute over R&R package for displaced families; Fund release delay from state/central treasury
Uttar Pradesh,Gonda,National Highway,210.98,119.67,727,1256982263,1270.36,Yes,No,Pending,Obtained,Yes,389,1,548,Ownership/title dispute among claimants; Environmental Clearance approval pending; Dispute over R&R package for displaced families
Uttar Pradesh,Gorakhpur,SEZ,474.1,307.27,3340,6945642484,8512.14,No,No,Under Review,Obtained,No,151,56,205,Environmental Clearance approval pending
Uttar Pradesh,Hamirpur,Industrial Corridor,12.3,1.45,75,279586607,183.46,Yes,Yes,Obtained,Obtained,No,719,8,1025,Objections raised during Social Impact Assessment; Writ petition challenging acquisition notification; Local protests/resistance to physical possession
Uttar Pradesh,Hapur (Panchsheel Nagar),Railway Line,250.57,1.94,903,4051548017,4650.48,No,No,Not Required,Pending,No,96,15,266,Forest Clearance / diversion approval pending
Uttar Pradesh,Hardoi,Mining Project,663.17,418.8,7642,28304121228,32280.54,Yes,No,Obtained,Pending,Yes,675,163,686,Farmers refusing consent for acquisition; Forest Clearance / diversion approval pending; Dispute over R&R package for displaced families
Uttar Pradesh,Hathras,Railway Line,316.87,146.41,2583,4553545064,3504.57,Yes,No,Obtained,Under Review,No,561,100,610,Farmers refusing consent for acquisition; Forest Clearance / diversion approval pending
Uttar Pradesh,Jalaun,Irrigation/Dam,262.12,43.77,3474,1831902299,2604.03,Yes,Yes,Pending,Pending,No,148,53,259,Objections raised during Social Impact Assessment; Stay order from High Court on land handover; Environmental Clearance approval pending; Forest Clearance / diversion approval pending
Uttar Pradesh,Jaunpur,Industrial Corridor,589.58,467.36,6743,18326562395,20415.45,No,No,Obtained,Under Review,No,43,14,92,Forest Clearance / diversion approval pending
Uttar Pradesh,Jhansi,SEZ,779.46,511.55,2090,9231869398,9971.5,No,No,Under Review,Pending,No,8,30,131,Environmental Clearance approval pending; Forest Clearance / diversion approval pending
Uttar Pradesh,Kannauj,Port Development,393.46,98.21,5669,17243665223,12940.44,No,No,Not Required,Not Required,No,166,97,306,No major delay — acquisition on schedule
Uttar Pradesh,Kanpur Dehat,State Highway,524.29,265.36,1866,1207442622,1071.08,No,No,Pending,Obtained,No,146,122,286,Environmental Clearance approval pending
Uttar Pradesh,Kanpur Nagar,National Highway,636.5,416.99,5279,15875567982,13024.12,No,No,Obtained,Obtained,No,137,47,344,Local protests/resistance to physical possession
Uttar Pradesh,Kanshiram Nagar (Kasganj),Airport,318.07,46.45,3875,9789676681,3687.95,No,No,Pending,Not Required,No,53,30,145,Environmental Clearance approval pending
Uttar Pradesh,Kaushambi,Mining Project,557.7,443.78,4357,7058529734,2449.11,No,No,Pending,Obtained,Yes,8,86,71,Environmental Clearance approval pending; Dispute over R&R package for displaced families
Uttar Pradesh,Kushinagar (Padrauna),Airport,242.37,6.54,1025,4513928840,4919.24,Yes,Yes,Under Review,Under Review,Yes,546,455,617,Landowners disputing compensation valuation; Pending compensation enhancement case in court; Environmental Clearance approval pending; Forest Clearance / diversion approval pending; Delay in providing alternate housing/livelihood support; Fund release delay from state/central treasury
Uttar Pradesh,Lakhimpur - Kheri,Power Plant,394.9,217.06,5465,24518985258,25190.97,No,No,Pending,Not Required,Yes,9,192,81,Environmental Clearance approval pending; Rehabilitation & Resettlement (R&R) site not finalized
Uttar Pradesh,Lalitpur,Urban Infrastructure,685.59,430.43,2567,6722194255,6790.36,Yes,No,Obtained,Pending,Yes,665,167,869,Objections raised during Social Impact Assessment; Forest Clearance / diversion approval pending; Rehabilitation & Resettlement (R&R) site not finalized; Local protests/resistance to physical possession
Uttar Pradesh,Lucknow,Railway Line,71.19,42.48,536,1724293003,1626.16,Yes,No,Under Review,Not Required,Yes,381,523,690,Landowners disputing compensation valuation; Environmental Clearance approval pending; Delay in providing alternate housing/livelihood support; Fund release delay from state/central treasury; Local protests/resistance to physical possession
Uttar Pradesh,Maharajganj,Industrial Corridor,338.65,229.34,5046,10703746522,3543.92,No,No,Obtained,Obtained,Yes,140,416,173,Rehabilitation & Resettlement (R&R) site not finalized; Fund release delay from state/central treasury
Uttar Pradesh,Mahoba,Mining Project,513.94,261.98,3256,4713589458,6328.59,Yes,Yes,Obtained,Under Review,Yes,107,126,196,Landowners disputing compensation valuation; Stay order from High Court on land handover; Forest Clearance / diversion approval pending; Rehabilitation & Resettlement (R&R) site not finalized
Uttar Pradesh,Mainpuri,SEZ,584.02,323.99,7403,17444415286,16306.2,No,No,Not Required,Pending,No,12,43,174,Forest Clearance / diversion approval pending
Uttar Pradesh,Mathura,Railway Line,148.63,23.06,1606,5802058939,5581.62,No,No,Obtained,Pending,Yes,175,525,540,Forest Clearance / diversion approval pending; Rehabilitation & Resettlement (R&R) site not finalized; Fund release delay from state/central treasury; Local protests/resistance to physical possession
Uttar Pradesh,Mau,Urban Infrastructure,527.76,361.97,4949,7042197351,9874.08,No,No,Obtained,Not Required,No,107,117,200,No major delay — acquisition on schedule
Uttar Pradesh,Meerut,Industrial Corridor,789.07,127.22,6729,9813953738,7981.87,No,No,Not Required,Not Required,Yes,22,312,230,Delay in providing alternate housing/livelihood support; Fund release delay from state/central treasury; Local protests/resistance to physical possession
Uttar Pradesh,Mirzapur,Mining Project,676.97,197.85,2028,2652936941,1093.97,No,No,Obtained,Obtained,No,2,108,348,Local protests/resistance to physical possession
Uttar Pradesh,Moradabad,Mining Project,746.29,515.58,6322,20088229783,22340.7,No,No,Obtained,Obtained,Yes,1,435,360,Rehabilitation & Resettlement (R&R) site not finalized; Fund release delay from state/central treasury; Local protests/resistance to physical possession
Uttar Pradesh,Muzaffarnagar,Railway Line,600.99,363.37,6975,29948189482,38574.35,No,No,Pending,Pending,No,43,134,158,Environmental Clearance approval pending; Forest Clearance / diversion approval pending
Uttar Pradesh,Pilibhit,Power Plant,64.72,8.31,561,2412541864,1947.56,No,No,Obtained,Obtained,No,63,138,123,No major delay — acquisition on schedule
Uttar Pradesh,Pratapgarh,Urban Infrastructure,242.85,137.25,1158,3936861902,3868.4,Yes,Yes,Under Review,Pending,No,36,118,352,Ownership/title dispute among claimants; Stay order from High Court on land handover; Environmental Clearance approval pending; Forest Clearance / diversion approval pending; Local protests/resistance to physical possession
Uttar Pradesh,RaeBareli,Mining Project,50.71,40.33,404,627441382,268.92,Yes,No,Obtained,Obtained,No,202,21,472,Farmers refusing consent for acquisition; Local protests/resistance to physical possession
Uttar Pradesh,Rampur,Urban Infrastructure,719.32,339.11,9977,3282671431,4015.81,Yes,Yes,Obtained,Pending,No,549,68,604,Landowners disputing compensation valuation; Pending compensation enhancement case in court; Forest Clearance / diversion approval pending
Uttar Pradesh,Saharanpur,Industrial Corridor,526.74,236.25,2011,6913380747,2122.22,No,No,Pending,Obtained,Yes,34,404,249,Environmental Clearance approval pending; Rehabilitation & Resettlement (R&R) site not finalized; Fund release delay from state/central treasury; Local protests/resistance to physical possession
Uttar Pradesh,Sambhal (Bhim Nagar),SEZ,721.29,484.53,3308,7651532807,8403.61,Yes,Yes,Pending,Not Required,No,332,102,588,Farmers refusing consent for acquisition; Pending compensation enhancement case in court; Environmental Clearance approval pending; Local protests/resistance to physical possession
Uttar Pradesh,Sant Kabir Nagar,Urban Infrastructure,109.48,3.71,1347,1117631533,796.81,Yes,Yes,Obtained,Not Required,No,611,2,833,Objections raised during Social Impact Assessment; Writ petition challenging acquisition notification; Local protests/resistance to physical possession
Uttar Pradesh,Shahjahanpur,SEZ,235.13,96.7,2796,3748146084,1810.34,No,No,Obtained,Not Required,No,179,63,520,Local protests/resistance to physical possession
Uttar Pradesh,Shamali (Prabuddh Nagar),Power Plant,162.74,38.22,2039,6616165157,5973.08,Yes,No,Pending,Pending,Yes,135,410,154,Ownership/title dispute among claimants; Environmental Clearance approval pending; Forest Clearance / diversion approval pending; Delay in providing alternate housing/livelihood support; Fund release delay from state/central treasury
Uttar Pradesh,Shravasti,National Highway,792.37,44.94,5976,17265637516,7063.76,Yes,Yes,Obtained,Pending,Yes,344,436,589,Landowners disputing compensation valuation; Stay order from High Court on land handover; Forest Clearance / diversion approval pending; Dispute over R&R package for displaced families; Fund release delay from state/central treasury; Local protests/resistance to physical possession
Uttar Pradesh,Siddharth Nagar,Port Development,410.34,116.91,2443,3495526423,2225.49,No,No,Obtained,Obtained,Yes,10,0,36,Rehabilitation & Resettlement (R&R) site not finalized
Uttar Pradesh,Sitapur,Industrial Corridor,597.08,376.41,4858,19993702824,8415.63,Yes,No,Obtained,Obtained,Yes,13,133,182,Landowners disputing compensation valuation; Dispute over R&R package for displaced families
Uttar Pradesh,Sonbhadra,Airport,594.33,303.64,7205,18165394907,13549.76,No,No,Obtained,Pending,No,33,30,54,Forest Clearance / diversion approval pending
Uttar Pradesh,Sultanpur,National Highway,774.82,71.88,9783,10862021178,9068.96,Yes,No,Pending,Obtained,No,206,136,284,Farmers refusing consent for acquisition; Environmental Clearance approval pending
Uttar Pradesh,Unnao,State Highway,106.63,49.63,1199,4849552067,5873.9,No,No,Pending,Obtained,Yes,161,120,384,Environmental Clearance approval pending; Dispute over R&R package for displaced families; Local protests/resistance to physical possession
Uttar Pradesh,Varanasi,Urban Infrastructure,388.84,148.14,5592,20252645526,10132.85,Yes,No,Obtained,Under Review,Yes,710,194,913,Ownership/title dispute among claimants; Forest Clearance / diversion approval pending; Rehabilitation & Resettlement (R&R) site not finalized; Local protests/resistance to physical possession
West Bengal,Alipurduar,Airport,549.33,57.02,8036,7997238549,9603.67,No,No,Not Required,Pending,Yes,47,3,128,Forest Clearance / diversion approval pending; Delay in providing alternate housing/livelihood support
West Bengal,Bankura,Irrigation/Dam,178.16,43.23,2392,8660754787,7331.58,No,No,Pending,Obtained,Yes,68,121,155,Environmental Clearance approval pending; Delay in providing alternate housing/livelihood support
West Bengal,Birbhum,State Highway,41.26,25.14,103,94985137,129.21,No,No,Obtained,Not Required,No,63,53,336,Local protests/resistance to physical possession
West Bengal,Burdwan (Bardhaman),National Highway,6.11,3.19,60,111015761,44.39,No,No,Pending,Not Required,No,156,75,322,Environmental Clearance approval pending
West Bengal,Cooch Behar,SEZ,502.63,397.92,3328,11208710803,7124.57,Yes,Yes,Pending,Not Required,No,597,27,949,Ownership/title dispute among claimants; Stay order from High Court on land handover; Environmental Clearance approval pending; Local protests/resistance to physical possession
West Bengal,Dakshin Dinajpur (South Dinajpur),Irrigation/Dam,756.8,449.63,7674,21780616138,11922.51,No,No,Obtained,Obtained,No,101,39,329,Local protests/resistance to physical possession
West Bengal,Darjeeling,Power Plant,585.2,265.02,2298,5312582872,4755.58,No,No,Not Required,Obtained,No,46,72,56,No major delay — acquisition on schedule
West Bengal,Hooghly,Airport,134.52,88.49,958,2733032909,1047.69,Yes,Yes,Under Review,Under Review,Yes,539,140,545,Objections raised during Social Impact Assessment; Pending compensation enhancement case in court; Environmental Clearance approval pending; Forest Clearance / diversion approval pending; Delay in providing alternate housing/livelihood support
West Bengal,Howrah,State Highway,84.29,41.54,289,103149491,133.75,No,No,Obtained,Not Required,Yes,160,13,164,Rehabilitation & Resettlement (R&R) site not finalized
West Bengal,Jalpaiguri,National Highway,436.18,63.42,5707,3748664704,1750.91,No,No,Not Required,Not Required,Yes,122,158,246,Delay in providing alternate housing/livelihood support
West Bengal,Kalimpong,Irrigation/Dam,437.1,256.16,3963,1541897096,544.95,No,No,Obtained,Not Required,No,0,57,12,No major delay — acquisition on schedule
West Bengal,Kolkata,State Highway,344.57,235.03,3624,4525341158,6130.88,No,No,Not Required,Not Required,Yes,43,112,157,Rehabilitation & Resettlement (R&R) site not finalized
West Bengal,Malda,Railway Line,765.39,439.75,2289,3895063388,2853.49,No,No,Obtained,Obtained,Yes,109,342,416,Dispute over R&R package for displaced families; Fund release delay from state/central treasury; Local protests/resistance to physical possession
West Bengal,Murshidabad,Railway Line,545.15,370.61,5819,9115858147,11678.1,Yes,Yes,Under Review,Not Required,No,728,19,729,Farmers refusing consent for acquisition; Pending compensation enhancement case in court; Environmental Clearance approval pending
West Bengal,Nadia,Industrial Corridor,623.34,425.57,2444,5318438867,6681.13,No,No,Not Required,Obtained,No,71,37,117,No major delay — acquisition on schedule
West Bengal,North 24 Parganas,SEZ,795.84,520.88,5575,9149278987,7398.09,No,No,Obtained,Not Required,Yes,167,251,363,Dispute over R&R package for displaced families; Fund release delay from state/central treasury
West Bengal,Paschim Medinipur (West Medinipur),Industrial Corridor,441.72,163,3712,9473368329,5457.96,Yes,No,Pending,Not Required,No,224,22,344,Landowners disputing compensation valuation; Environmental Clearance approval pending
West Bengal,Purba Medinipur (East Medinipur),Railway Line,7.28,0.04,16,42322764,61.33,No,No,Obtained,Obtained,No,35,75,270,Local protests/resistance to physical possession
West Bengal,Purulia,National Highway,669.03,240.05,9438,19522722665,10793.82,Yes,No,Obtained,Not Required,Yes,26,434,216,Objections raised during Social Impact Assessment; Rehabilitation & Resettlement (R&R) site not finalized; Fund release delay from state/central treasury
West Bengal,South 24 Parganas,Urban Infrastructure,562.61,151.79,1664,6351881065,8540.56,Yes,Yes,Obtained,Obtained,No,426,38,519,Farmers refusing consent for acquisition; Writ petition challenging acquisition notification
West Bengal,Uttar Dinajpur (North Dinajpur),Railway Line,596.13,120.13,6605,10290142994,8168.59,Yes,No,Pending,Obtained,Yes,657,32,966,Landowners disputing compensation valuation; Environmental Clearance approval pending; Dispute over R&R package for displaced families; Local protests/resistance to physical possession
